{"type":"FeatureCollection","features":[{"type":"Feature","properties":{"lineId":"1A","name":"1A","longName":"Stephansplatz - Schottentor","mode":"bus","color":"#0A295D","stops":[{"name":"Schottentor","lon":16.36276,"lat":48.21337},{"name":"Teinfaltstraße","lon":16.36474,"lat":48.21177},{"name":"Herrengasse","lon":16.36576,"lat":48.21062},{"name":"Michaelerplatz","lon":16.36635,"lat":48.20846},{"name":"Habsburgergasse","lon":16.36797,"lat":48.20774},{"name":"Graben/Petersplatz","lon":16.36954,"lat":48.20909},{"name":"Brandstätte","lon":16.37079,"lat":48.21008},{"name":"Stephansplatz","lon":16.37252,"lat":48.20928}],"lengthKm":1.9},"geometry":{"type":"LineString","coordinates":[[16.36283,48.2134],[16.36303,48.21321],[16.36308,48.21319],[16.36315,48.21315],[16.36339,48.21292],[16.36353,48.21293],[16.364,48.21229],[16.36402,48.21225],[16.36419,48.21201],[16.3642,48.212],[16.36445,48.21185],[16.36464,48.21182],[16.36474,48.21179],[16.36521,48.2117],[16.36536,48.21167],[16.36542,48.21165],[16.36553,48.21161],[16.36566,48.21155],[16.36576,48.21151],[16.36582,48.21149],[16.36628,48.21128],[16.36631,48.21126],[16.3663,48.21122],[16.3658,48.21061],[16.36564,48.2104],[16.36544,48.21018],[16.36538,48.21015],[16.36553,48.20995],[16.36593,48.20942],[16.36641,48.20847],[16.36649,48.2083],[16.36651,48.20826],[16.3665,48.2082],[16.36643,48.20819],[16.36638,48.20818],[16.36633,48.20816],[16.36629,48.20814],[16.36625,48.20809],[16.36623,48.20803],[16.36622,48.20798],[16.36624,48.20792],[16.36626,48.20788],[16.3663,48.20782],[16.36636,48.2078],[16.36644,48.20778],[16.36654,48.20776],[16.36662,48.20777],[16.36669,48.20778],[16.36675,48.20781],[16.36683,48.20773],[16.36686,48.2077],[16.36697,48.20751],[16.367,48.20746],[16.36705,48.20742],[16.36739,48.20682],[16.36762,48.20631],[16.36785,48.20592],[16.36795,48.20596],[16.3681,48.20606],[16.36818,48.20612],[16.36827,48.2062],[16.36892,48.20683],[16.36901,48.20694],[16.36836,48.20724],[16.3678,48.20763],[16.36793,48.20776],[16.36833,48.20818],[16.36907,48.20894],[16.36911,48.20896],[16.36915,48.20898],[16.36927,48.20901],[16.36933,48.20902],[16.36936,48.20903],[16.36949,48.20912],[16.36966,48.20924],[16.36977,48.20919],[16.3699,48.20917],[16.36995,48.20917],[16.36998,48.20918],[16.3705,48.20951],[16.37023,48.20974],[16.36995,48.21002],[16.36991,48.21012],[16.37011,48.21018],[16.37052,48.21026],[16.37082,48.21012],[16.37128,48.2099],[16.37185,48.20965],[16.37245,48.20937],[16.37255,48.20931]]}},{"type":"Feature","properties":{"lineId":"2A","name":"2A","longName":"Schwedenplatz - Schwarzenbergplatz","mode":"bus","color":"#0A295D","stops":[{"name":"Schwarzenbergplatz","lon":16.37397,"lat":48.20191},{"name":"Oper/Karlsplatz","lon":16.37004,"lat":48.2025},{"name":"Albertinaplatz","lon":16.36945,"lat":48.20476},{"name":"Plankengasse","lon":16.36998,"lat":48.20648},{"name":"Habsburgergasse","lon":16.36797,"lat":48.20774},{"name":"Graben/Petersplatz","lon":16.36954,"lat":48.20909},{"name":"Brandstätte","lon":16.37079,"lat":48.21008},{"name":"Stephansplatz","lon":16.37252,"lat":48.20928},{"name":"Rotenturmstraße","lon":16.37447,"lat":48.21032},{"name":"Schwedenplatz","lon":16.37633,"lat":48.21186}],"lengthKm":2.2},"geometry":{"type":"LineString","coordinates":[[16.37409,48.20194],[16.37419,48.20177],[16.3737,48.20165],[16.37364,48.20164],[16.37356,48.20164],[16.37351,48.20165],[16.37286,48.2018],[16.37156,48.20208],[16.37068,48.20229],[16.3705,48.20235],[16.37003,48.20246],[16.36992,48.20249],[16.36984,48.20252],[16.36977,48.20251],[16.36979,48.20252],[16.37008,48.20304],[16.37031,48.20353],[16.37031,48.20361],[16.37022,48.20366],[16.37014,48.20369],[16.36909,48.20392],[16.36895,48.204],[16.36888,48.20406],[16.36886,48.20411],[16.36887,48.20415],[16.36895,48.20432],[16.36888,48.20437],[16.36891,48.20437],[16.36896,48.20438],[16.369,48.20439],[16.36911,48.20445],[16.36917,48.2045],[16.36927,48.20462],[16.36942,48.20478],[16.36948,48.20485],[16.3695,48.2049],[16.36951,48.20496],[16.3698,48.20528],[16.36985,48.20533],[16.36998,48.20543],[16.37008,48.2055],[16.37018,48.20556],[16.37025,48.2056],[16.3703,48.20565],[16.37035,48.2057],[16.3704,48.20574],[16.37043,48.20579],[16.37047,48.20586],[16.3705,48.20591],[16.37051,48.20596],[16.37053,48.20604],[16.37053,48.20609],[16.37052,48.20614],[16.37051,48.20617],[16.37049,48.20619],[16.37046,48.20621],[16.3702,48.20632],[16.37015,48.20635],[16.36995,48.20643],[16.36961,48.20656],[16.36892,48.20683],[16.36901,48.20694],[16.36836,48.20724],[16.3678,48.20763],[16.36793,48.20776],[16.36833,48.20818],[16.36907,48.20894],[16.36911,48.20896],[16.36915,48.20898],[16.36927,48.20901],[16.36933,48.20902],[16.36936,48.20903],[16.36949,48.20912],[16.36966,48.20924],[16.36977,48.20919],[16.3699,48.20917],[16.36995,48.20917],[16.36998,48.20918],[16.3705,48.20951],[16.37023,48.20974],[16.36995,48.21002],[16.36991,48.21012],[16.37011,48.21018],[16.37052,48.21026],[16.37082,48.21012],[16.37128,48.2099],[16.37185,48.20965],[16.37245,48.20937],[16.37255,48.20931],[16.37286,48.20914],[16.37355,48.20968],[16.37417,48.21013],[16.37444,48.21034],[16.37496,48.21075],[16.37546,48.21096],[16.37577,48.21133],[16.37593,48.21151],[16.37626,48.21189]]}},{"type":"Feature","properties":{"lineId":"3A","name":"3A","longName":"Schottenring - Stubentor","mode":"bus","color":"#0A295D","stops":[{"name":"Schottenring","lon":16.37041,"lat":48.21675},{"name":"Rudolfsplatz","lon":16.37108,"lat":48.21447},{"name":"Concordiaplatz","lon":16.37013,"lat":48.21356},{"name":"Salzgries","lon":16.37265,"lat":48.21277},{"name":"Hoher Markt","lon":16.37177,"lat":48.21118},{"name":"Brandstätte","lon":16.37079,"lat":48.21008},{"name":"Stephansplatz","lon":16.37252,"lat":48.20928},{"name":"Riemergasse","lon":16.37719,"lat":48.20806},{"name":"Stubentor U","lon":16.37988,"lat":48.20726}],"lengthKm":1.9},"geometry":{"type":"LineString","coordinates":[[16.37046,48.21671],[16.36946,48.21626],[16.36996,48.21578],[16.37054,48.21521],[16.37126,48.21451],[16.37114,48.21443],[16.37007,48.21375],[16.37012,48.21371],[16.37016,48.21363],[16.3702,48.21361],[16.37031,48.21357],[16.37202,48.21313],[16.37275,48.21294],[16.37273,48.21286],[16.37274,48.21278],[16.37282,48.21208],[16.37285,48.21202],[16.37283,48.21202],[16.3728,48.212],[16.37279,48.21199],[16.37278,48.21198],[16.37278,48.21197],[16.37278,48.21196],[16.37278,48.21195],[16.37278,48.21194],[16.37279,48.21193],[16.37281,48.21192],[16.37237,48.21153],[16.37218,48.21136],[16.3721,48.21129],[16.37204,48.21127],[16.3719,48.21118],[16.37185,48.21114],[16.37091,48.21048],[16.37089,48.21047],[16.37069,48.21033],[16.37063,48.21029],[16.37052,48.21026],[16.37082,48.21012],[16.37128,48.2099],[16.37185,48.20965],[16.37245,48.20937],[16.37255,48.20931],[16.37286,48.20914],[16.37355,48.20968],[16.37353,48.20962],[16.37524,48.20877],[16.37626,48.20839],[16.37721,48.20811],[16.37744,48.20804],[16.37842,48.20776],[16.37902,48.20758],[16.37992,48.20731]]}},{"type":"Feature","properties":{"lineId":"4A","name":"4A","longName":"Karlsplatz - Wittelsbachstraße","mode":"bus","color":"#0A295D","stops":[{"name":"Wittelsbachstraße","lon":16.39881,"lat":48.20634},{"name":"Löwengasse","lon":16.39578,"lat":48.20588},{"name":"Rasumofskygasse","lon":16.39383,"lat":48.20557},{"name":"Rochusgasse","lon":16.39068,"lat":48.20279},{"name":"Hintzerstraße","lon":16.39311,"lat":48.20024},{"name":"Ziehrerplatz","lon":16.39178,"lat":48.19925},{"name":"Ungargasse/Neulinggasse","lon":16.38697,"lat":48.19912},{"name":"Am Modenapark","lon":16.38275,"lat":48.19917},{"name":"Lisztstraße","lon":16.37856,"lat":48.19918},{"name":"Akademietheater","lon":16.37679,"lat":48.2003},{"name":"Schwarzenbergplatz","lon":16.3744,"lat":48.20009},{"name":"Karlsplatz","lon":16.3696,"lat":48.20063},{"name":"Karlsplatz","lon":16.36972,"lat":48.20034}],"lengthKm":3.3},"geometry":{"type":"LineString","coordinates":[[16.3989,48.20635],[16.39896,48.20611],[16.39687,48.20593],[16.39605,48.20587],[16.39579,48.20583],[16.39478,48.20569],[16.39469,48.20569],[16.39423,48.20562],[16.39399,48.20557],[16.39387,48.20553],[16.39383,48.20551],[16.39379,48.20548],[16.39321,48.20509],[16.39315,48.20505],[16.39251,48.20461],[16.39243,48.20453],[16.39227,48.20442],[16.39222,48.20436],[16.39216,48.20428],[16.39214,48.20425],[16.39213,48.20421],[16.39208,48.20396],[16.39207,48.20391],[16.39204,48.20386],[16.392,48.20382],[16.39185,48.20369],[16.39096,48.20293],[16.39091,48.2029],[16.39086,48.20288],[16.39071,48.20277],[16.39053,48.20264],[16.39048,48.20258],[16.39112,48.20211],[16.39154,48.2018],[16.39171,48.20169],[16.39318,48.20027],[16.39392,48.19956],[16.39381,48.19954],[16.39331,48.19937],[16.39299,48.19929],[16.39283,48.19927],[16.39259,48.19924],[16.39203,48.19921],[16.39179,48.1992],[16.39159,48.19919],[16.38982,48.1991],[16.38955,48.19909],[16.38751,48.19907],[16.3873,48.19906],[16.38697,48.19907],[16.38598,48.19909],[16.38529,48.19914],[16.38494,48.19917],[16.38393,48.19916],[16.38275,48.19911],[16.38026,48.19899],[16.37955,48.19899],[16.37877,48.19898],[16.37872,48.19901],[16.37851,48.19914],[16.3779,48.19953],[16.37733,48.1999],[16.37724,48.19993],[16.37673,48.20026],[16.37664,48.20032],[16.37657,48.20042],[16.37638,48.20048],[16.3751,48.20016],[16.37446,48.2],[16.37354,48.19977],[16.37289,48.1999],[16.37206,48.2001],[16.37072,48.20043],[16.37044,48.20038],[16.37012,48.20046],[16.37011,48.20047],[16.36966,48.20058],[16.36959,48.2006],[16.36938,48.20064],[16.36929,48.20065],[16.36921,48.20066],[16.36916,48.20066],[16.36909,48.20064],[16.36904,48.20062],[16.36899,48.20058],[16.36896,48.20055],[16.36894,48.20051],[16.36894,48.20047],[16.36896,48.20041],[16.369,48.20037],[16.36904,48.20034],[16.3691,48.20032],[16.36916,48.2003],[16.3693,48.20029],[16.36946,48.20029],[16.36973,48.20033]]}},{"type":"Feature","properties":{"lineId":"5A","name":"5A","longName":"Nestroyplatz - Griegstraße","mode":"bus","color":"#0A295D","stops":[{"name":"Griegstraße","lon":16.3754,"lat":48.24938},{"name":"Aignerstraße","lon":16.37487,"lat":48.24623},{"name":"Leystraße","lon":16.37688,"lat":48.24404},{"name":"Friedrich-Engels-Platz","lon":16.38026,"lat":48.24401},{"name":"Handelskai","lon":16.38379,"lat":48.24106},{"name":"Allerheiligengasse","lon":16.3864,"lat":48.23867},{"name":"Brigittenauer Brücke","lon":16.38879,"lat":48.2362},{"name":"Traisengasse","lon":16.38519,"lat":48.23464},{"name":"Lorenz-Böhler-Unfallkrankenhaus","lon":16.38316,"lat":48.23642},{"name":"Pasettistraße","lon":16.38169,"lat":48.2378},{"name":"Dresdner Straße","lon":16.37848,"lat":48.23651},{"name":"Dammstraße","lon":16.37525,"lat":48.23477},{"name":"Brigittagasse","lon":16.37468,"lat":48.23314},{"name":"Rauscherstraße","lon":16.37532,"lat":48.23071},{"name":"Wasnergasse","lon":16.37704,"lat":48.22957},{"name":"Karl-Meißl-Straße","lon":16.3736,"lat":48.22846},{"name":"Gaußplatz","lon":16.3701,"lat":48.22592},{"name":"Obere Augartenstraße","lon":16.3758,"lat":48.22249},{"name":"Malzgasse","lon":16.37756,"lat":48.22121},{"name":"Leopoldsgasse","lon":16.37628,"lat":48.22012},{"name":"Tandelmarktgasse","lon":16.37748,"lat":48.21708},{"name":"Karmeliterplatz","lon":16.38034,"lat":48.21632},{"name":"Glockengasse","lon":16.38192,"lat":48.21775},{"name":"Nestroyplatz U/Praterstr.","lon":16.38632,"lat":48.21635},{"name":"Nestroyplatz","lon":16.38419,"lat":48.21487}],"lengthKm":7.7},"geometry":{"type":"LineString","coordinates":[[16.37535,48.24938],[16.37534,48.24942],[16.37533,48.24944],[16.37526,48.24951],[16.37525,48.24952],[16.37521,48.24953],[16.37517,48.24953],[16.37515,48.24953],[16.37495,48.24945],[16.37494,48.24942],[16.37493,48.2494],[16.37495,48.24937],[16.37504,48.24937],[16.3751,48.24937],[16.37515,48.24935],[16.37519,48.24933],[16.37553,48.24897],[16.37557,48.24894],[16.37549,48.24891],[16.37505,48.24873],[16.37494,48.24873],[16.37495,48.24623],[16.37496,48.24614],[16.37499,48.24608],[16.37559,48.24545],[16.37562,48.24535],[16.37555,48.24534],[16.37553,48.24533],[16.37551,48.24532],[16.37549,48.2453],[16.37547,48.24528],[16.37547,48.24526],[16.37546,48.24524],[16.37547,48.24521],[16.37548,48.2452],[16.3755,48.24517],[16.37553,48.24516],[16.37556,48.24515],[16.37559,48.24514],[16.37563,48.24514],[16.37567,48.24514],[16.3757,48.24515],[16.37572,48.24516],[16.37576,48.24518],[16.37595,48.24508],[16.37694,48.24407],[16.37734,48.24366],[16.37866,48.24425],[16.37873,48.24419],[16.3788,48.24415],[16.37885,48.24413],[16.37891,48.2441],[16.37897,48.24407],[16.37919,48.24384],[16.37924,48.24375],[16.37945,48.24368],[16.38023,48.24404],[16.38061,48.24421],[16.38291,48.24202],[16.38371,48.24129],[16.38389,48.24111],[16.38405,48.24095],[16.38534,48.23975],[16.3862,48.23897],[16.38648,48.23871],[16.38718,48.23808],[16.38921,48.23635],[16.38884,48.23616],[16.38802,48.23575],[16.38598,48.23472],[16.38532,48.2344],[16.38511,48.23459],[16.38309,48.23638],[16.38236,48.23704],[16.3819,48.23743],[16.38184,48.23749],[16.38172,48.23765],[16.3816,48.23776],[16.3815,48.23785],[16.38138,48.2379],[16.38131,48.23787],[16.38089,48.23768],[16.38081,48.23763],[16.38075,48.23758],[16.38069,48.23753],[16.38063,48.23749],[16.37952,48.23696],[16.37944,48.23688],[16.37939,48.23685],[16.37894,48.23663],[16.37889,48.23661],[16.37883,48.23659],[16.37867,48.23655],[16.37852,48.23648],[16.37729,48.2359],[16.37701,48.23576],[16.37592,48.23526],[16.37578,48.23518],[16.37568,48.2351],[16.37566,48.23503],[16.37566,48.235],[16.37566,48.23497],[16.37566,48.23494],[16.37559,48.23493],[16.37532,48.23473],[16.37475,48.2343],[16.37471,48.23424],[16.37477,48.23314],[16.3748,48.23241],[16.37485,48.23157],[16.37488,48.23091],[16.37495,48.2309],[16.37499,48.23089],[16.37503,48.23088],[16.37507,48.23087],[16.37535,48.23073],[16.37753,48.22967],[16.3774,48.22964],[16.37707,48.22953],[16.37617,48.22923],[16.37364,48.2284],[16.37326,48.22828],[16.37221,48.22794],[16.37207,48.22789],[16.37202,48.22787],[16.37198,48.22784],[16.3719,48.22777],[16.37053,48.22645],[16.37048,48.22641],[16.37043,48.22638],[16.3704,48.22636],[16.37034,48.22633],[16.37023,48.22631],[16.37022,48.22634],[16.37021,48.22636],[16.37018,48.22639],[16.37016,48.2264],[16.37012,48.22642],[16.37006,48.22644],[16.37001,48.22644],[16.36998,48.22645],[16.36993,48.22644],[16.36988,48.22643],[16.36982,48.22641],[16.36979,48.22638],[16.36976,48.22635],[16.36974,48.22632],[16.36974,48.22628],[16.36974,48.22624],[16.36975,48.22622],[16.36978,48.22619],[16.36979,48.22617],[16.36982,48.22615],[16.36985,48.22614],[16.3699,48.22612],[16.36992,48.22611],[16.36995,48.22611],[16.36997,48.22611],[16.37004,48.22611],[16.37006,48.22611],[16.37009,48.22612],[16.37018,48.226],[16.37021,48.22597],[16.37026,48.22593],[16.3703,48.2259],[16.37034,48.22587],[16.37039,48.22584],[16.37048,48.22578],[16.37056,48.22574],[16.37072,48.22567],[16.37086,48.22562],[16.37101,48.22556],[16.37113,48.22553],[16.37135,48.22548],[16.37184,48.22534],[16.37195,48.22531],[16.37203,48.22528],[16.37217,48.22523],[16.37225,48.22518],[16.37232,48.22514],[16.37241,48.22509],[16.37344,48.22435],[16.37423,48.22377],[16.37545,48.22287],[16.37589,48.22254],[16.37638,48.22217],[16.37762,48.22125],[16.37785,48.22108],[16.37758,48.22094],[16.37634,48.22034],[16.37625,48.22029],[16.3762,48.22026],[16.37634,48.22016],[16.37648,48.22005],[16.37652,48.22],[16.37656,48.21988],[16.37679,48.21928],[16.37699,48.21887],[16.3774,48.21786],[16.37756,48.21745],[16.37759,48.21732],[16.37759,48.21711],[16.37759,48.21708],[16.37759,48.21685],[16.3782,48.21664],[16.3783,48.2166],[16.38035,48.21636],[16.38048,48.21634],[16.38065,48.21631],[16.3807,48.21644],[16.38073,48.21654],[16.38075,48.21663],[16.38077,48.21673],[16.38079,48.2168],[16.3808,48.21692],[16.3808,48.21703],[16.38079,48.21722],[16.38081,48.21798],[16.3809,48.21798],[16.3817,48.21783],[16.38175,48.21784],[16.38193,48.2178],[16.3833,48.21756],[16.38505,48.2169],[16.38575,48.21662],[16.38635,48.21639],[16.38666,48.21627],[16.38681,48.2162],[16.38695,48.21608],[16.38641,48.21579],[16.38438,48.2147],[16.38418,48.21487]]}},{"type":"Feature","properties":{"lineId":"5B","name":"5B","longName":"Heiligenstadt - Praterstern","mode":"bus","color":"#0A295D","stops":[{"name":"Heiligenstadt","lon":16.3652,"lat":48.24994},{"name":"Boschstraße/Halteraugasse","lon":16.36577,"lat":48.25186},{"name":"Kreilplatz","lon":16.36671,"lat":48.25434},{"name":"Amtshaus Muthgasse","lon":16.36957,"lat":48.25179},{"name":"Mooslackengasse","lon":16.36816,"lat":48.24875},{"name":"Michael-Neumann-Gasse","lon":16.36694,"lat":48.24657},{"name":"Heiligenstädter Brücke","lon":16.36788,"lat":48.24398},{"name":"Döblinger Steg","lon":16.36529,"lat":48.24072},{"name":"Gürtelbrücke","lon":16.36519,"lat":48.23647},{"name":"Wexstraße","lon":16.36589,"lat":48.23587},{"name":"Jägerstraße","lon":16.37022,"lat":48.23587},{"name":"Brigittaplatz","lon":16.37013,"lat":48.23292},{"name":"Wallensteinplatz","lon":16.37109,"lat":48.22952},{"name":"Gaußplatz","lon":16.37008,"lat":48.22665},{"name":"Obere Augartenstraße","lon":16.3758,"lat":48.22249},{"name":"Malzgasse","lon":16.37756,"lat":48.22121},{"name":"Taborstraße","lon":16.37986,"lat":48.21957},{"name":"Heinestraße","lon":16.38214,"lat":48.22157},{"name":"Rueppgasse","lon":16.38564,"lat":48.22052},{"name":"Kleine Stadtgutgasse","lon":16.38913,"lat":48.21958},{"name":"Praterstern","lon":16.39154,"lat":48.21831}],"lengthKm":7.3},"geometry":{"type":"LineString","coordinates":[[16.36517,48.24987],[16.36491,48.24994],[16.36495,48.25],[16.3656,48.25163],[16.36561,48.25166],[16.36569,48.25187],[16.36621,48.25321],[16.36641,48.25371],[16.36665,48.25436],[16.3668,48.25474],[16.36687,48.25474],[16.36733,48.25465],[16.36918,48.25429],[16.36929,48.25426],[16.36937,48.25423],[16.36946,48.2542],[16.36956,48.25415],[16.36964,48.25409],[16.36972,48.25402],[16.36987,48.25387],[16.36996,48.25382],[16.36986,48.25373],[16.36983,48.25369],[16.36981,48.25364],[16.36983,48.25334],[16.36983,48.25236],[16.36982,48.2523],[16.36979,48.25221],[16.36967,48.25178],[16.36952,48.25129],[16.36942,48.25094],[16.36925,48.25046],[16.36923,48.25041],[16.36897,48.24994],[16.36851,48.2491],[16.36848,48.24901],[16.36831,48.24872],[16.36755,48.24743],[16.36704,48.24654],[16.36693,48.24636],[16.36687,48.24627],[16.36679,48.24619],[16.36619,48.24513],[16.36616,48.24506],[16.36628,48.24504],[16.36685,48.24491],[16.36829,48.24428],[16.36798,48.24394],[16.36723,48.24308],[16.36678,48.24255],[16.36648,48.2422],[16.36627,48.24192],[16.36537,48.24069],[16.3649,48.24006],[16.36479,48.23989],[16.36476,48.23985],[16.36473,48.23978],[16.36472,48.23972],[16.36471,48.23966],[16.36473,48.23953],[16.36476,48.23934],[16.36478,48.23919],[16.36492,48.23846],[16.36524,48.23685],[16.36532,48.23648],[16.36542,48.23597],[16.36588,48.23598],[16.36723,48.236],[16.36775,48.23601],[16.36807,48.23603],[16.36846,48.23606],[16.36876,48.23608],[16.36906,48.23611],[16.3694,48.23615],[16.37045,48.23632],[16.37036,48.23586],[16.37029,48.23547],[16.37025,48.23514],[16.3702,48.23392],[16.3702,48.23386],[16.37028,48.23298],[16.37028,48.23294],[16.3703,48.23285],[16.37032,48.23274],[16.37062,48.23157],[16.37081,48.23085],[16.37105,48.22994],[16.37116,48.22953],[16.3712,48.22937],[16.3712,48.22934],[16.37098,48.22878],[16.37075,48.22821],[16.37056,48.22772],[16.37014,48.22664],[16.37006,48.22644],[16.37003,48.22644],[16.36998,48.22645],[16.36993,48.22644],[16.36988,48.22643],[16.36984,48.22642],[16.36982,48.22641],[16.3698,48.22639],[16.36979,48.22638],[16.36976,48.22635],[16.36974,48.22632],[16.36974,48.22628],[16.36974,48.22624],[16.36975,48.22622],[16.36978,48.22619],[16.36979,48.22617],[16.36982,48.22615],[16.36985,48.22614],[16.3699,48.22612],[16.36995,48.22611],[16.37004,48.22611],[16.37006,48.22611],[16.37009,48.22612],[16.37018,48.226],[16.37023,48.22595],[16.3703,48.2259],[16.37034,48.22587],[16.37048,48.22578],[16.37056,48.22574],[16.37072,48.22567],[16.37086,48.22562],[16.37101,48.22556],[16.37113,48.22553],[16.37135,48.22548],[16.37184,48.22534],[16.37195,48.22531],[16.37203,48.22528],[16.37217,48.22523],[16.37225,48.22518],[16.37232,48.22514],[16.37241,48.22509],[16.37344,48.22435],[16.37423,48.22377],[16.37545,48.22287],[16.37589,48.22254],[16.37638,48.22217],[16.37762,48.22125],[16.37867,48.22047],[16.37898,48.22023],[16.37991,48.21959],[16.37995,48.21956],[16.38001,48.21953],[16.38017,48.21944],[16.38074,48.21904],[16.38085,48.21898],[16.38121,48.21972],[16.38156,48.22045],[16.38204,48.22159],[16.38235,48.2223],[16.38322,48.22184],[16.38389,48.2215],[16.38568,48.22055],[16.38597,48.2204],[16.38729,48.21972],[16.38836,48.21915],[16.38843,48.21922],[16.38884,48.21956],[16.38886,48.21957],[16.38888,48.21958],[16.3889,48.21959],[16.38912,48.21962],[16.39,48.2197],[16.39024,48.21972],[16.3903,48.21942],[16.39033,48.21935],[16.39039,48.21924],[16.39053,48.21907],[16.39061,48.21901],[16.39086,48.21882],[16.39052,48.21851],[16.39046,48.21844],[16.39041,48.21836],[16.39038,48.21828],[16.39035,48.21822],[16.39033,48.21815],[16.39032,48.21807],[16.39031,48.218],[16.39031,48.21794],[16.39031,48.21788],[16.39032,48.21783],[16.39035,48.21777],[16.39041,48.21774],[16.39047,48.2177],[16.39128,48.21721],[16.39132,48.21726],[16.39134,48.21732],[16.39136,48.21736],[16.39139,48.21741],[16.39148,48.21744],[16.3916,48.21751],[16.39162,48.21754],[16.39164,48.21756],[16.39165,48.21761],[16.39165,48.21767],[16.39154,48.21831]]}},{"type":"Feature","properties":{"lineId":"7A","name":"7A","longName":"Meidling Hauptstraße - Reumannplatz","mode":"bus","color":"#0A295D","stops":[{"name":"Meidling Hauptstraße","lon":16.32863,"lat":48.18357},{"name":"Haschkagasse","lon":16.3269,"lat":48.18116},{"name":"Ruckergasse","lon":16.32649,"lat":48.1781},{"name":"Hohenbergstraße","lon":16.32609,"lat":48.1756},{"name":"Meidling, Schedifkaplatz","lon":16.3297,"lat":48.1736},{"name":"Wienerbergbrücke","lon":16.32773,"lat":48.17209},{"name":"Am Europlatz","lon":16.33328,"lat":48.17133},{"name":"Eibesbrunnergasse","lon":16.33774,"lat":48.17089},{"name":"Gesundheitszentrum Süd","lon":16.34538,"lat":48.17016},{"name":"Unfallkrankenhaus Meidling","lon":16.34505,"lat":48.17351},{"name":"Klinik Favoriten","lon":16.34924,"lat":48.17494},{"name":"Martin-Luther-King-Park","lon":16.35246,"lat":48.17565},{"name":"Davidgasse","lon":16.35693,"lat":48.17514},{"name":"Belgradplatz","lon":16.35852,"lat":48.17403},{"name":"Inzersdorfer Straße/Bernhardtstalgasse","lon":16.36105,"lat":48.17314},{"name":"Herzgasse","lon":16.36536,"lat":48.17244},{"name":"Arthaberplatz","lon":16.37262,"lat":48.17129},{"name":"Leibnizgasse","lon":16.37531,"lat":48.17074},{"name":"Antonsplatz","lon":16.37882,"lat":48.17024},{"name":"Reumannplatz","lon":16.37748,"lat":48.17315}],"lengthKm":7},"geometry":{"type":"LineString","coordinates":[[16.32855,48.18357],[16.32855,48.18388],[16.32842,48.18386],[16.32764,48.18385],[16.32753,48.18385],[16.32742,48.18383],[16.32732,48.18385],[16.32723,48.18375],[16.32714,48.18363],[16.32706,48.18347],[16.32704,48.18337],[16.32699,48.18304],[16.32698,48.18266],[16.32699,48.18211],[16.32698,48.18157],[16.32699,48.18115],[16.32699,48.18011],[16.32698,48.18006],[16.32697,48.18002],[16.32682,48.17923],[16.32661,48.17809],[16.32646,48.17729],[16.32631,48.17637],[16.32616,48.1756],[16.32614,48.1755],[16.32601,48.17473],[16.32592,48.17416],[16.3259,48.17385],[16.32592,48.17369],[16.32595,48.17362],[16.32599,48.17355],[16.32606,48.17347],[16.32627,48.17327],[16.3265,48.17337],[16.32726,48.17358],[16.32746,48.17361],[16.32783,48.1737],[16.32836,48.17386],[16.32906,48.17406],[16.32921,48.17409],[16.32982,48.17417],[16.32982,48.17402],[16.32991,48.17362],[16.32993,48.17352],[16.32996,48.17344],[16.32991,48.17334],[16.32986,48.17328],[16.3298,48.17323],[16.32965,48.17315],[16.3282,48.17252],[16.32785,48.1724],[16.32766,48.17235],[16.32744,48.1723],[16.3278,48.17222],[16.3292,48.17194],[16.32957,48.17186],[16.32965,48.17185],[16.33025,48.17174],[16.33106,48.17162],[16.33213,48.17151],[16.33277,48.17145],[16.33295,48.17144],[16.33329,48.17142],[16.33352,48.1714],[16.33365,48.17139],[16.33391,48.17136],[16.33412,48.17133],[16.33449,48.17129],[16.33481,48.17126],[16.33617,48.17114],[16.33759,48.17101],[16.33778,48.17099],[16.34112,48.17056],[16.34118,48.17055],[16.34176,48.17048],[16.34315,48.1703],[16.34363,48.17022],[16.34396,48.17016],[16.34423,48.1701],[16.34457,48.17003],[16.34502,48.16992],[16.34512,48.1699],[16.34519,48.17001],[16.3453,48.17019],[16.34534,48.17026],[16.34541,48.1704],[16.34546,48.1705],[16.34549,48.17058],[16.34552,48.17068],[16.34556,48.17082],[16.34559,48.17097],[16.34561,48.17114],[16.34561,48.17127],[16.34561,48.17142],[16.34558,48.1717],[16.34558,48.17177],[16.34555,48.17216],[16.34551,48.17245],[16.34548,48.1726],[16.34543,48.17276],[16.34538,48.1729],[16.34529,48.1731],[16.34523,48.17319],[16.34517,48.17327],[16.34511,48.17336],[16.345,48.17349],[16.34483,48.17368],[16.34477,48.17375],[16.34488,48.1738],[16.34525,48.17394],[16.34534,48.17397],[16.34548,48.17401],[16.34607,48.17421],[16.34634,48.1743],[16.3467,48.17441],[16.34704,48.1745],[16.34736,48.17459],[16.34807,48.17476],[16.34835,48.17484],[16.34867,48.17491],[16.3492,48.17502],[16.34944,48.17508],[16.34952,48.17509],[16.34958,48.1751],[16.34966,48.1751],[16.34973,48.17511],[16.34995,48.17515],[16.35207,48.17563],[16.35243,48.17571],[16.35306,48.17585],[16.35326,48.1759],[16.35415,48.1761],[16.35427,48.17612],[16.35439,48.17613],[16.35454,48.17613],[16.35467,48.17612],[16.35475,48.17611],[16.35484,48.17609],[16.35497,48.17604],[16.35538,48.17587],[16.35546,48.17582],[16.35697,48.17518],[16.35717,48.1751],[16.35795,48.17476],[16.35872,48.17443],[16.35881,48.1744],[16.3586,48.17401],[16.35838,48.17361],[16.35849,48.17358],[16.36107,48.17317],[16.36217,48.173],[16.36406,48.1727],[16.36536,48.17249],[16.36645,48.17232],[16.36851,48.172],[16.37013,48.17175],[16.37172,48.1715],[16.37264,48.17134],[16.37293,48.17129],[16.37437,48.17098],[16.37508,48.17085],[16.37533,48.1708],[16.37585,48.17069],[16.37648,48.17056],[16.37656,48.17054],[16.37729,48.17037],[16.37743,48.17035],[16.37788,48.17029],[16.37817,48.17027],[16.37842,48.17026],[16.37865,48.17027],[16.37882,48.17028],[16.37905,48.1703],[16.37979,48.17036],[16.37977,48.17041],[16.37976,48.17045],[16.37976,48.17048],[16.37974,48.17055],[16.3796,48.17087],[16.37941,48.17135],[16.37905,48.1722],[16.37864,48.17321],[16.37852,48.17318],[16.37834,48.17314],[16.37824,48.17312],[16.37804,48.1731],[16.37783,48.17309],[16.37772,48.17309],[16.37764,48.17309],[16.37748,48.1731]]}},{"type":"Feature","properties":{"lineId":"7B","name":"7B","longName":"Wienerberg City - Meidling","mode":"bus","color":"#0A295D","stops":[{"name":"Meidling, Schedifkaplatz","lon":16.3317,"lat":48.17273},{"name":"Carl-Appel-Straße","lon":16.34465,"lat":48.16881},{"name":"Clemens-Holzmeister-Straße","lon":16.34709,"lat":48.16788},{"name":"Hertha-Firnberg-Straße","lon":16.34629,"lat":48.16655},{"name":"Wienerberg City","lon":16.34477,"lat":48.16788}],"lengthKm":2},"geometry":{"type":"LineString","coordinates":[[16.33175,48.17268],[16.33168,48.17264],[16.33163,48.1726],[16.33159,48.17256],[16.33107,48.17171],[16.33106,48.17162],[16.33213,48.17151],[16.33277,48.17145],[16.33295,48.17144],[16.33352,48.1714],[16.33365,48.17139],[16.33391,48.17136],[16.33412,48.17133],[16.33449,48.17129],[16.33481,48.17126],[16.33617,48.17114],[16.33759,48.17101],[16.34112,48.17056],[16.34118,48.17055],[16.34176,48.17048],[16.34315,48.1703],[16.34313,48.17021],[16.34263,48.16942],[16.34261,48.16933],[16.34264,48.16929],[16.34271,48.16927],[16.3428,48.16925],[16.34288,48.16924],[16.34299,48.16921],[16.34399,48.16892],[16.34408,48.16891],[16.34415,48.1689],[16.34422,48.1689],[16.34432,48.1689],[16.34439,48.1689],[16.34447,48.16889],[16.34455,48.16887],[16.34467,48.16884],[16.34587,48.16849],[16.34732,48.16808],[16.34718,48.16785],[16.34635,48.16654],[16.34621,48.16633],[16.34614,48.16624],[16.34609,48.16627],[16.34602,48.1663],[16.34597,48.16634],[16.34584,48.16645],[16.34573,48.16654],[16.34567,48.1666],[16.34549,48.16679],[16.34534,48.16696],[16.34527,48.16702],[16.34518,48.1671],[16.34502,48.16722],[16.34494,48.16728],[16.34488,48.16731],[16.34481,48.16735],[16.34469,48.1674],[16.34452,48.16746],[16.34459,48.16751],[16.34464,48.1677],[16.34468,48.16778],[16.34471,48.16788]]}},{"type":"Feature","properties":{"lineId":"8A","name":"8A","longName":"Meidling - Küniglberg/ORF-Zentrum","mode":"bus","color":"#0A295D","stops":[{"name":"Küniglberg/ORF-Zentrum","lon":16.29207,"lat":48.17535},{"name":"Küniglberg/ORF-Zentrum","lon":16.29138,"lat":48.17558},{"name":"Montecuccoliplatz","lon":16.29753,"lat":48.17508},{"name":"Klimtgasse","lon":16.30089,"lat":48.17279},{"name":"Am Fasangarten","lon":16.3031,"lat":48.17072},{"name":"Edelsinnstraße","lon":16.31196,"lat":48.1719},{"name":"Gaßmannstraße","lon":16.31339,"lat":48.17418},{"name":"Weißenthurngasse","lon":16.31468,"lat":48.17471},{"name":"Hohenfelsplatz","lon":16.31676,"lat":48.174},{"name":"Stranitzkygasse","lon":16.31799,"lat":48.17603},{"name":"Theergasse","lon":16.32274,"lat":48.17487},{"name":"Hohenbergstraße","lon":16.32548,"lat":48.17421},{"name":"Meidling","lon":16.33155,"lat":48.17441},{"name":"Meidling, Eichenstr.","lon":16.33392,"lat":48.17487}],"lengthKm":4.3},"geometry":{"type":"LineString","coordinates":[[16.29199,48.17532],[16.29171,48.17558],[16.2916,48.17558],[16.29155,48.17558],[16.2915,48.17558],[16.29146,48.17557],[16.29143,48.17557],[16.2914,48.17556],[16.29139,48.17555],[16.29135,48.17553],[16.29132,48.1755],[16.2913,48.17546],[16.29128,48.17543],[16.29119,48.1754],[16.29159,48.17527],[16.29219,48.17513],[16.29227,48.17512],[16.29251,48.17507],[16.29306,48.17495],[16.29325,48.1749],[16.2934,48.17486],[16.29355,48.17481],[16.29372,48.17476],[16.29397,48.17466],[16.29408,48.17463],[16.29479,48.17428],[16.29508,48.17412],[16.2955,48.17384],[16.29671,48.1746],[16.29688,48.17472],[16.29749,48.17511],[16.29762,48.1752],[16.29784,48.17525],[16.29786,48.1752],[16.29792,48.17514],[16.29796,48.17511],[16.29878,48.1747],[16.29888,48.17465],[16.29893,48.17461],[16.29897,48.17459],[16.29901,48.17455],[16.29904,48.17452],[16.29906,48.1745],[16.2992,48.1744],[16.3005,48.17328],[16.30101,48.17284],[16.30116,48.17271],[16.30212,48.17185],[16.30207,48.17179],[16.30208,48.17173],[16.30216,48.17162],[16.30221,48.17156],[16.30317,48.17075],[16.30361,48.17038],[16.30379,48.17035],[16.30406,48.1704],[16.30419,48.17041],[16.30436,48.17043],[16.30741,48.17042],[16.30765,48.17042],[16.30802,48.17044],[16.30828,48.17046],[16.30901,48.17054],[16.30971,48.17063],[16.31101,48.17083],[16.31124,48.17087],[16.31151,48.17128],[16.3119,48.17191],[16.31332,48.17419],[16.31339,48.1743],[16.3134,48.17435],[16.31343,48.17448],[16.31344,48.17458],[16.31345,48.17463],[16.31346,48.17467],[16.31349,48.17472],[16.31355,48.17477],[16.31362,48.17481],[16.3139,48.17489],[16.31398,48.17497],[16.3143,48.17491],[16.31471,48.17476],[16.31631,48.17422],[16.31647,48.17417],[16.31663,48.1741],[16.31678,48.17404],[16.31698,48.17395],[16.31705,48.17393],[16.31734,48.17419],[16.31737,48.17422],[16.31738,48.17424],[16.31739,48.17426],[16.31746,48.17475],[16.31751,48.17507],[16.31755,48.17536],[16.31758,48.17553],[16.31762,48.17579],[16.31765,48.17594],[16.31767,48.176],[16.3177,48.17605],[16.31776,48.17615],[16.31802,48.17609],[16.32019,48.17557],[16.32034,48.17553],[16.32057,48.17546],[16.32093,48.17537],[16.32224,48.17505],[16.32247,48.17499],[16.32277,48.17492],[16.32308,48.17485],[16.3233,48.1748],[16.32381,48.17468],[16.32396,48.17464],[16.32406,48.17461],[16.32414,48.17458],[16.32544,48.17427],[16.32549,48.17426],[16.32569,48.17422],[16.32577,48.1742],[16.32592,48.17416],[16.3259,48.17385],[16.32592,48.17369],[16.32595,48.17362],[16.32599,48.17355],[16.32606,48.17347],[16.32627,48.17327],[16.3265,48.17337],[16.32726,48.17358],[16.32746,48.17361],[16.32783,48.1737],[16.32836,48.17386],[16.32906,48.17406],[16.32921,48.17409],[16.32982,48.17417],[16.33057,48.17438],[16.33148,48.17456],[16.33224,48.17472],[16.33232,48.17462],[16.33238,48.1746],[16.33241,48.1746],[16.33246,48.17459],[16.33391,48.17491]]}},{"type":"Feature","properties":{"lineId":"9A","name":"9A","longName":"Meidling Hauptstraße - Bhf. Meidling","mode":"bus","color":"#0A295D","stops":[{"name":"Meidling Hauptstraße","lon":16.32852,"lat":48.18357},{"name":"Haschkagasse","lon":16.3269,"lat":48.18116},{"name":"Aichholzgasse","lon":16.3246,"lat":48.18034},{"name":"Tivoligasse","lon":16.32121,"lat":48.18062},{"name":"Gatterholzgasse","lon":16.32104,"lat":48.17887},{"name":"Pohlgasse","lon":16.32383,"lat":48.17864},{"name":"Ruckergasse","lon":16.32702,"lat":48.17834},{"name":"Tanbruckgasse","lon":16.32966,"lat":48.17813},{"name":"Zeleborgasse","lon":16.33375,"lat":48.1768},{"name":"Dörfelstraße","lon":16.33428,"lat":48.17544},{"name":"Meidling","lon":16.33111,"lat":48.17464}],"lengthKm":2.8},"geometry":{"type":"LineString","coordinates":[[16.32855,48.18357],[16.32855,48.18388],[16.32842,48.18386],[16.32764,48.18385],[16.32753,48.18385],[16.32742,48.18383],[16.32732,48.18385],[16.32723,48.18375],[16.32714,48.18363],[16.32706,48.18347],[16.32704,48.18337],[16.32699,48.18304],[16.32698,48.18266],[16.32699,48.18211],[16.32698,48.18157],[16.32699,48.18115],[16.32699,48.18011],[16.32698,48.18006],[16.32697,48.18002],[16.32594,48.1802],[16.3255,48.18023],[16.32523,48.18026],[16.32459,48.18031],[16.32286,48.18045],[16.32199,48.18051],[16.3212,48.18057],[16.32106,48.18058],[16.32097,48.18059],[16.32086,48.17976],[16.32076,48.17894],[16.32105,48.17892],[16.3217,48.17886],[16.32176,48.17886],[16.32384,48.17868],[16.32516,48.17856],[16.32667,48.17843],[16.32675,48.17843],[16.32702,48.1784],[16.32966,48.17817],[16.32986,48.17815],[16.32998,48.1781],[16.33135,48.17813],[16.33309,48.17822],[16.33321,48.17709],[16.33379,48.17684],[16.33428,48.17662],[16.33405,48.17647],[16.33436,48.17544],[16.33444,48.17518],[16.33412,48.17511],[16.33224,48.17472],[16.33117,48.1745]]}},{"type":"Feature","properties":{"lineId":"10A","name":"10A","longName":"Heiligenstadt - Niederhofstraße","mode":"bus","color":"#0A295D","stops":[{"name":"Niederhofstraße","lon":16.33068,"lat":48.18141},{"name":"Meidling Hauptstraße","lon":16.3286,"lat":48.18392},{"name":"Bischoffgasse","lon":16.32218,"lat":48.18341},{"name":"Schönbrunn","lon":16.3197,"lat":48.18633},{"name":"Schloss Schönbrunn","lon":16.31492,"lat":48.18781},{"name":"Linzer Straße","lon":16.31673,"lat":48.19292},{"name":"Johnstraße/Märzstraße","lon":16.31861,"lat":48.19649},{"name":"Johnstraße","lon":16.31907,"lat":48.19876},{"name":"Auf der Schmelz","lon":16.31676,"lat":48.20366},{"name":"Schmelz, Gablenzgasse","lon":16.3173,"lat":48.2061},{"name":"Possingergasse","lon":16.31875,"lat":48.21065},{"name":"Schuhmeierplatz","lon":16.31912,"lat":48.21214},{"name":"Familienplatz","lon":16.31913,"lat":48.21435},{"name":"Wilhelminenstraße","lon":16.31967,"lat":48.21647},{"name":"Albrechtskreithgasse","lon":16.32065,"lat":48.21948},{"name":"Hernals, Wattgasse","lon":16.32172,"lat":48.22189},{"name":"Richthausenstraße","lon":16.32273,"lat":48.22368},{"name":"Czartoryskigasse","lon":16.32773,"lat":48.22792},{"name":"Gersthof","lon":16.32876,"lat":48.23097},{"name":"Türkenschanzplatz","lon":16.32823,"lat":48.23455},{"name":"Dänenstraße","lon":16.33503,"lat":48.23702},{"name":"Blaasstraße","lon":16.34198,"lat":48.23707},{"name":"Hardtgasse","lon":16.34802,"lat":48.23702},{"name":"Gatterburggasse","lon":16.3494,"lat":48.2389},{"name":"Silbergasse","lon":16.34897,"lat":48.24305},{"name":"Saarplatz","lon":16.35004,"lat":48.24515},{"name":"Barawitzkagasse","lon":16.35666,"lat":48.24455},{"name":"Gunoldstraße","lon":16.36123,"lat":48.24459},{"name":"Heiligenstadt","lon":16.3646,"lat":48.24894}],"lengthKm":11.6},"geometry":{"type":"LineString","coordinates":[[16.33067,48.18135],[16.33035,48.18136],[16.33031,48.18136],[16.33026,48.18137],[16.33019,48.18139],[16.33016,48.18141],[16.33012,48.18145],[16.3301,48.18148],[16.33008,48.18154],[16.32984,48.1825],[16.32962,48.18332],[16.32955,48.18361],[16.32949,48.18364],[16.32946,48.18372],[16.32943,48.18378],[16.3294,48.1838],[16.32936,48.18383],[16.32932,48.18386],[16.32927,48.18387],[16.32921,48.18388],[16.32859,48.18388],[16.32855,48.18388],[16.32842,48.18386],[16.32764,48.18385],[16.32753,48.18385],[16.32742,48.18383],[16.32732,48.18385],[16.32723,48.18375],[16.32714,48.18363],[16.32706,48.18347],[16.32704,48.18337],[16.32699,48.18304],[16.32673,48.18301],[16.3265,48.18296],[16.32605,48.18284],[16.32587,48.1828],[16.32577,48.18278],[16.32536,48.18274],[16.32528,48.18274],[16.32521,48.18275],[16.32341,48.18311],[16.32215,48.18336],[16.31932,48.18393],[16.31933,48.18403],[16.31938,48.18416],[16.31948,48.18439],[16.32009,48.18563],[16.32017,48.18581],[16.32029,48.18607],[16.31989,48.18618],[16.31966,48.18625],[16.31486,48.1877],[16.31441,48.18783],[16.31421,48.18841],[16.31522,48.19033],[16.31611,48.19193],[16.31636,48.19244],[16.31664,48.19294],[16.31791,48.19528],[16.31843,48.19622],[16.31847,48.19628],[16.31851,48.1965],[16.31864,48.19713],[16.31874,48.19768],[16.31875,48.19781],[16.31895,48.19877],[16.31901,48.19909],[16.31921,48.20014],[16.31939,48.20119],[16.31939,48.2013],[16.31937,48.20136],[16.31934,48.20143],[16.31931,48.20148],[16.31928,48.2015],[16.31924,48.20154],[16.31918,48.20158],[16.3191,48.20161],[16.31726,48.20219],[16.31704,48.20228],[16.31691,48.20235],[16.3168,48.20244],[16.31671,48.20253],[16.31664,48.20261],[16.31659,48.20271],[16.31656,48.2028],[16.31654,48.20285],[16.31654,48.20292],[16.31655,48.20304],[16.31667,48.20366],[16.31694,48.20505],[16.31717,48.20611],[16.31727,48.20655],[16.31723,48.2066],[16.31765,48.2078],[16.31806,48.20902],[16.31863,48.21066],[16.31894,48.21157],[16.31897,48.21164],[16.31902,48.21215],[16.31904,48.21237],[16.31904,48.21253],[16.31902,48.21279],[16.31893,48.2135],[16.31892,48.21356],[16.319,48.21411],[16.31903,48.21436],[16.31911,48.21498],[16.31958,48.21648],[16.31988,48.21743],[16.32018,48.2183],[16.3205,48.21927],[16.32057,48.21949],[16.3207,48.21991],[16.32092,48.22053],[16.32129,48.2214],[16.32139,48.22154],[16.32149,48.22166],[16.32164,48.22191],[16.3219,48.22235],[16.32233,48.22312],[16.32263,48.22363],[16.32266,48.22369],[16.32297,48.22426],[16.32438,48.22674],[16.32473,48.22674],[16.32526,48.22676],[16.32533,48.22677],[16.32549,48.2268],[16.32564,48.22683],[16.3258,48.22687],[16.32588,48.2269],[16.32603,48.22695],[16.32618,48.22701],[16.32628,48.22706],[16.32656,48.22722],[16.32684,48.22739],[16.32746,48.22782],[16.32763,48.22797],[16.3284,48.22866],[16.32857,48.22901],[16.32875,48.22938],[16.32873,48.22972],[16.32865,48.23097],[16.3286,48.23177],[16.32831,48.23247],[16.328,48.23318],[16.32758,48.23424],[16.32745,48.23456],[16.32741,48.23463],[16.32751,48.23468],[16.32754,48.2347],[16.32765,48.23476],[16.3277,48.23478],[16.32778,48.2348],[16.32828,48.23462],[16.32859,48.2345],[16.32899,48.23486],[16.3295,48.23525],[16.32972,48.2354],[16.33011,48.23567],[16.33034,48.2358],[16.33058,48.23595],[16.33106,48.2362],[16.33139,48.23637],[16.33159,48.23646],[16.33179,48.23655],[16.33195,48.23662],[16.33212,48.23669],[16.33235,48.23677],[16.33249,48.23682],[16.33281,48.23691],[16.33339,48.23708],[16.33502,48.23708],[16.33867,48.2371],[16.3388,48.23711],[16.34146,48.23711],[16.34198,48.23712],[16.34521,48.23714],[16.34698,48.2371],[16.34802,48.23708],[16.34901,48.23707],[16.34928,48.23878],[16.34927,48.2389],[16.34926,48.23918],[16.34918,48.23948],[16.34887,48.2403],[16.34884,48.24091],[16.34883,48.24114],[16.34878,48.24225],[16.34876,48.24252],[16.34873,48.24264],[16.3487,48.24269],[16.34866,48.24274],[16.34881,48.24292],[16.34887,48.24307],[16.34896,48.24327],[16.34905,48.24351],[16.34926,48.24406],[16.34936,48.24437],[16.34954,48.24508],[16.34957,48.24514],[16.34959,48.24517],[16.34961,48.24519],[16.34966,48.24522],[16.34971,48.24523],[16.34976,48.24523],[16.34984,48.24523],[16.35005,48.2452],[16.35121,48.24505],[16.35146,48.24503],[16.35179,48.24502],[16.35365,48.24504],[16.35381,48.24503],[16.35403,48.24502],[16.35428,48.24499],[16.35456,48.24495],[16.35482,48.24488],[16.35501,48.24483],[16.35515,48.24479],[16.35553,48.24464],[16.35559,48.24462],[16.3557,48.2446],[16.35588,48.24459],[16.35666,48.2446],[16.35789,48.2446],[16.35993,48.24463],[16.36046,48.24463],[16.36123,48.24465],[16.36154,48.24465],[16.36171,48.24466],[16.3619,48.24472],[16.36284,48.24506],[16.36278,48.24515],[16.36276,48.2452],[16.36274,48.24525],[16.36274,48.24532],[16.36274,48.24537],[16.36274,48.2454],[16.36276,48.24545],[16.36278,48.2455],[16.36282,48.24557],[16.36342,48.24649],[16.36346,48.24655],[16.36365,48.24687],[16.36372,48.24701],[16.36385,48.24728],[16.36393,48.24748],[16.36411,48.24794],[16.36439,48.24865],[16.36443,48.24871],[16.36452,48.24896]]}},{"type":"Feature","properties":{"lineId":"11A","name":"11A","longName":"Stadion - Heiligenstadt","mode":"bus","color":"#0A295D","stops":[{"name":"Stadion","lon":16.42146,"lat":48.21094},{"name":"Pensionistenwohnhaus Prater","lon":16.41836,"lat":48.21373},{"name":"Sturgasse","lon":16.41501,"lat":48.21608},{"name":"Elderschplatz","lon":16.41278,"lat":48.2177},{"name":"Hillerstraße","lon":16.4075,"lat":48.22142},{"name":"Jungstraße","lon":16.40563,"lat":48.22125},{"name":"Vorgartenstraße","lon":16.40232,"lat":48.22381},{"name":"Walcherstraße","lon":16.40126,"lat":48.22623},{"name":"Pensionsversicherungsanstalt","lon":16.39761,"lat":48.22933},{"name":"Holubstraße","lon":16.39438,"lat":48.23208},{"name":"Therese-Ammon-Park","lon":16.3929,"lat":48.23334},{"name":"Brigittenauer Brücke","lon":16.38901,"lat":48.23664},{"name":"Allerheiligengasse","lon":16.38638,"lat":48.23889},{"name":"Handelskai","lon":16.38393,"lat":48.24118},{"name":"Friedrich-Engels-Platz","lon":16.37972,"lat":48.24345},{"name":"Leystraße","lon":16.377,"lat":48.24409},{"name":"Forsthausgasse","lon":16.37508,"lat":48.24532},{"name":"Dr.-Adolf-Schärf-Heim","lon":16.37074,"lat":48.24576},{"name":"Muthgasse","lon":16.36664,"lat":48.24505},{"name":"Geistingergasse","lon":16.3629,"lat":48.2456},{"name":"Heiligenstadt","lon":16.36435,"lat":48.2484}],"lengthKm":7.2},"geometry":{"type":"LineString","coordinates":[[16.42143,48.21095],[16.42164,48.21121],[16.4217,48.21126],[16.41829,48.21368],[16.4161,48.21523],[16.41589,48.21538],[16.41495,48.21604],[16.41269,48.21765],[16.41227,48.21795],[16.41117,48.21873],[16.40942,48.21998],[16.40744,48.22138],[16.40714,48.22159],[16.40602,48.22094],[16.40596,48.22092],[16.40556,48.22122],[16.40509,48.22157],[16.40344,48.22285],[16.4027,48.22342],[16.40224,48.22377],[16.40185,48.22407],[16.40106,48.22474],[16.40035,48.22532],[16.40147,48.22595],[16.40119,48.2262],[16.39933,48.2278],[16.39756,48.22929],[16.39619,48.23044],[16.3943,48.23204],[16.39281,48.2333],[16.39166,48.23428],[16.38921,48.23635],[16.38892,48.2366],[16.38718,48.23808],[16.38632,48.23886],[16.38534,48.23975],[16.38405,48.24095],[16.38386,48.24114],[16.38371,48.24129],[16.38291,48.24202],[16.38171,48.24147],[16.37964,48.24341],[16.37946,48.24358],[16.37924,48.24375],[16.3792,48.24372],[16.37918,48.2437],[16.37914,48.24361],[16.37869,48.24273],[16.37861,48.24273],[16.37854,48.24272],[16.37842,48.24271],[16.37837,48.24271],[16.37832,48.24271],[16.37823,48.24273],[16.37734,48.24366],[16.37694,48.24407],[16.37595,48.24508],[16.37576,48.24518],[16.37577,48.24521],[16.37578,48.24523],[16.37578,48.24526],[16.37577,48.24529],[16.37575,48.24531],[16.37572,48.24533],[16.37568,48.24534],[16.37562,48.24535],[16.37555,48.24534],[16.37553,48.24533],[16.37551,48.24532],[16.37549,48.2453],[16.37547,48.24528],[16.37547,48.24526],[16.37546,48.24524],[16.37547,48.24521],[16.37507,48.24524],[16.37457,48.24528],[16.37359,48.24537],[16.3729,48.24542],[16.37072,48.2457],[16.37031,48.24575],[16.37027,48.24577],[16.37021,48.24583],[16.37018,48.24587],[16.36988,48.24582],[16.3698,48.24581],[16.36974,48.24579],[16.36969,48.24576],[16.36965,48.24574],[16.36961,48.24571],[16.36958,48.24568],[16.36842,48.24446],[16.36829,48.24428],[16.36685,48.24491],[16.3666,48.24497],[16.36628,48.24504],[16.36616,48.24506],[16.36585,48.24512],[16.36545,48.24519],[16.36529,48.24521],[16.36514,48.24523],[16.36498,48.24524],[16.36471,48.24524],[16.36348,48.2452],[16.36338,48.24519],[16.36327,48.24518],[16.36316,48.24516],[16.36301,48.24511],[16.36284,48.24506],[16.36278,48.24515],[16.36276,48.2452],[16.36274,48.24525],[16.36274,48.24532],[16.36274,48.24537],[16.36274,48.2454],[16.36276,48.24545],[16.36278,48.2455],[16.36282,48.24557],[16.36284,48.24561],[16.36342,48.24649],[16.36346,48.24655],[16.36365,48.24687],[16.36372,48.24701],[16.36385,48.24728],[16.36393,48.24748],[16.36411,48.24794],[16.36429,48.24841]]}},{"type":"Feature","properties":{"lineId":"12A","name":"12A","longName":"Schmelz, Gablenzgasse - Eichenstraße","mode":"bus","color":"#0A295D","stops":[{"name":"Schmelz, Gablenzgasse","lon":16.31526,"lat":48.20678},{"name":"Schmelz, Gablenzgasse","lon":16.31719,"lat":48.20633},{"name":"Auf der Schmelz","lon":16.31658,"lat":48.20367},{"name":"Akkonplatz","lon":16.31465,"lat":48.20133},{"name":"Johnstraße","lon":16.31969,"lat":48.19898},{"name":"Huglgasse","lon":16.32518,"lat":48.19782},{"name":"Schweglerstraße","lon":16.32765,"lat":48.19806},{"name":"Schmelzbrücke","lon":16.32946,"lat":48.19608},{"name":"Grenzgasse","lon":16.32957,"lat":48.19347},{"name":"Geibelgasse","lon":16.33087,"lat":48.1915},{"name":"Henriettenplatz","lon":16.33125,"lat":48.18998},{"name":"Stiegergasse","lon":16.33276,"lat":48.18793},{"name":"Längenfeldgasse","lon":16.33548,"lat":48.18488},{"name":"Korbergasse","lon":16.33876,"lat":48.18593},{"name":"Gaudenzdorfer Gürtel","lon":16.34301,"lat":48.18717},{"name":"Mauthausgasse","lon":16.34569,"lat":48.18793},{"name":"Am Hundsturm","lon":16.34766,"lat":48.18852},{"name":"Reinprechtsdorfer Brücke","lon":16.35178,"lat":48.18932},{"name":"Margaretenplatz/Schönbrunner Straße","lon":16.35671,"lat":48.19188},{"name":"Margaretenplatz","lon":16.35781,"lat":48.19107},{"name":"Reinprechtsdorfer Straße/Arbeitergasse","lon":16.35293,"lat":48.18672},{"name":"Fendigasse","lon":16.35554,"lat":48.18408},{"name":"Embelgasse","lon":16.35224,"lat":48.18273},{"name":"Eichenstraße","lon":16.35015,"lat":48.18144}],"lengthKm":7.4},"geometry":{"type":"LineString","coordinates":[[16.31527,48.20685],[16.31727,48.20655],[16.31722,48.20633],[16.31694,48.20505],[16.31667,48.20366],[16.31661,48.20334],[16.31639,48.20322],[16.31636,48.20304],[16.31633,48.20293],[16.3163,48.20285],[16.31624,48.20273],[16.31616,48.20261],[16.31608,48.20252],[16.31603,48.20246],[16.31574,48.2022],[16.31573,48.20215],[16.31572,48.20211],[16.31514,48.20158],[16.31479,48.20126],[16.31461,48.20109],[16.31717,48.19982],[16.31803,48.19939],[16.31809,48.19933],[16.31814,48.19928],[16.31816,48.19924],[16.31817,48.1992],[16.31819,48.19914],[16.31836,48.19915],[16.31844,48.19915],[16.31856,48.19914],[16.31866,48.19914],[16.31901,48.19909],[16.31916,48.19906],[16.31927,48.19905],[16.31947,48.19903],[16.31969,48.19901],[16.31979,48.199],[16.32028,48.19898],[16.32171,48.19888],[16.3239,48.19869],[16.32479,48.19861],[16.32524,48.19783],[16.3254,48.19756],[16.32553,48.19754],[16.32762,48.19812],[16.32822,48.19829],[16.32897,48.19708],[16.32958,48.19611],[16.3297,48.19592],[16.33044,48.19477],[16.33048,48.19469],[16.33049,48.19465],[16.3305,48.19461],[16.33049,48.19458],[16.33047,48.19454],[16.33019,48.19408],[16.33016,48.19404],[16.33012,48.19399],[16.3301,48.19398],[16.33004,48.19394],[16.32999,48.19392],[16.32975,48.19384],[16.32971,48.19383],[16.32966,48.1938],[16.32962,48.19376],[16.3296,48.19372],[16.32959,48.19368],[16.32964,48.19348],[16.32976,48.19299],[16.32989,48.1925],[16.32993,48.1923],[16.33014,48.19152],[16.33085,48.19158],[16.33101,48.19159],[16.33115,48.19152],[16.33131,48.18999],[16.33139,48.18929],[16.33226,48.1879],[16.33234,48.18792],[16.33243,48.18794],[16.33275,48.18799],[16.33299,48.18803],[16.33325,48.18808],[16.33341,48.1878],[16.33375,48.18725],[16.33375,48.18721],[16.33378,48.18715],[16.3343,48.18633],[16.33508,48.18553],[16.33513,48.18542],[16.33526,48.18528],[16.3356,48.18494],[16.33579,48.18476],[16.3359,48.1848],[16.33664,48.18517],[16.33749,48.18562],[16.33872,48.18598],[16.3394,48.18618],[16.33988,48.18633],[16.34136,48.18676],[16.34263,48.18713],[16.34297,48.18723],[16.34337,48.18734],[16.34522,48.18781],[16.34531,48.18784],[16.34565,48.18798],[16.34603,48.18813],[16.34665,48.18838],[16.34673,48.18841],[16.34682,48.18844],[16.34694,48.18847],[16.34744,48.18856],[16.34764,48.18859],[16.3478,48.18861],[16.34791,48.18862],[16.34851,48.18867],[16.34879,48.18869],[16.34893,48.18871],[16.34919,48.18874],[16.34962,48.18883],[16.35025,48.18895],[16.3504,48.18899],[16.35069,48.18906],[16.35093,48.18913],[16.35136,48.18925],[16.35145,48.18929],[16.35174,48.18937],[16.35239,48.18957],[16.35248,48.1896],[16.35257,48.18965],[16.35328,48.19015],[16.35339,48.19021],[16.3535,48.19026],[16.35361,48.1903],[16.35378,48.19035],[16.35385,48.19037],[16.35391,48.19037],[16.3548,48.19058],[16.35486,48.19061],[16.35526,48.1908],[16.35536,48.19085],[16.35541,48.19087],[16.35548,48.19092],[16.35567,48.19114],[16.35585,48.19137],[16.35592,48.19147],[16.35639,48.19207],[16.35649,48.19203],[16.35663,48.19197],[16.35675,48.19194],[16.35766,48.19165],[16.35779,48.19161],[16.35787,48.19158],[16.35814,48.19131],[16.35802,48.19115],[16.35788,48.19103],[16.35723,48.19054],[16.35719,48.1905],[16.35715,48.19044],[16.35697,48.19004],[16.35693,48.18997],[16.35686,48.18983],[16.35683,48.18979],[16.35676,48.18969],[16.3567,48.18964],[16.35658,48.18955],[16.35651,48.1895],[16.35644,48.18946],[16.35638,48.18943],[16.3563,48.1894],[16.35624,48.18938],[16.35615,48.18935],[16.35589,48.18931],[16.35582,48.18929],[16.35575,48.18928],[16.35568,48.18927],[16.3555,48.18925],[16.35534,48.18922],[16.35508,48.18917],[16.35495,48.18914],[16.35489,48.18912],[16.35474,48.18906],[16.3543,48.18885],[16.35361,48.18848],[16.35355,48.18844],[16.35262,48.18796],[16.35252,48.18792],[16.35234,48.18786],[16.35217,48.18781],[16.3521,48.18778],[16.35219,48.18764],[16.35261,48.18717],[16.35277,48.18699],[16.35299,48.18674],[16.35392,48.18572],[16.35481,48.18486],[16.35559,48.1841],[16.35577,48.18393],[16.35228,48.18269],[16.35163,48.18246],[16.35081,48.18218],[16.35071,48.18214],[16.35062,48.1821],[16.35055,48.18206],[16.35048,48.18201],[16.35044,48.18198],[16.35034,48.18188],[16.35016,48.18165],[16.35014,48.18161],[16.35013,48.18159],[16.35013,48.18158],[16.35016,48.18153],[16.35022,48.18147]]}},{"type":"Feature","properties":{"lineId":"13A","name":"13A","longName":"Skodagasse - Hauptbahnhof","mode":"bus","color":"#0A295D","stops":[{"name":"Hauptbahnhof","lon":16.37552,"lat":48.18608},{"name":"Karl-Popper-Straße","lon":16.37913,"lat":48.18745},{"name":"Mommsengasse","lon":16.3788,"lat":48.18858},{"name":"Argentinierstraße","lon":16.37692,"lat":48.18859},{"name":"Kolschitzkygasse","lon":16.37276,"lat":48.18809},{"name":"Rainergasse","lon":16.36887,"lat":48.18798},{"name":"Johann-Strauß-Gasse","lon":16.3661,"lat":48.1905},{"name":"Leibenfrostgasse","lon":16.36366,"lat":48.18996},{"name":"Ziegelofengasse","lon":16.36082,"lat":48.19245},{"name":"Margaretenplatz/Schönbrunner Straße","lon":16.35679,"lat":48.19198},{"name":"Pilgramgasse","lon":16.35439,"lat":48.19309},{"name":"Esterházygasse","lon":16.35113,"lat":48.19526},{"name":"Neubaugasse","lon":16.35001,"lat":48.19856},{"name":"Siebensterngasse","lon":16.34911,"lat":48.20151},{"name":"Burggasse/Neubaugasse","lon":16.34901,"lat":48.2039},{"name":"Kellermanngasse","lon":16.35159,"lat":48.20505},{"name":"Piaristengasse","lon":16.35132,"lat":48.20663},{"name":"Theater in der Josefstadt","lon":16.35069,"lat":48.20927},{"name":"Laudongasse","lon":16.34957,"lat":48.21309},{"name":"Skodagasse","lon":16.34861,"lat":48.21492}],"lengthKm":5.8},"geometry":{"type":"LineString","coordinates":[[16.37547,48.18613],[16.37606,48.18635],[16.37639,48.18647],[16.37643,48.18649],[16.37651,48.18654],[16.37656,48.18657],[16.37717,48.18681],[16.37724,48.18682],[16.37729,48.18682],[16.37734,48.18682],[16.37741,48.18682],[16.37746,48.18681],[16.37761,48.18685],[16.37753,48.18698],[16.37912,48.18747],[16.37942,48.18756],[16.37939,48.1876],[16.37913,48.18792],[16.37875,48.18857],[16.37864,48.18875],[16.37692,48.18856],[16.37477,48.18832],[16.37305,48.18813],[16.37278,48.18806],[16.37194,48.18783],[16.3697,48.18695],[16.36882,48.18796],[16.36813,48.18874],[16.36634,48.19024],[16.36606,48.19047],[16.36574,48.19073],[16.36515,48.19044],[16.36499,48.19037],[16.3649,48.19032],[16.36486,48.1903],[16.3638,48.18977],[16.36362,48.18993],[16.36274,48.19068],[16.36077,48.19243],[16.3606,48.19258],[16.35916,48.19192],[16.35897,48.19183],[16.35893,48.19182],[16.35858,48.19169],[16.35844,48.19161],[16.35831,48.19151],[16.35821,48.19139],[16.35814,48.19131],[16.35787,48.19158],[16.35779,48.19161],[16.35766,48.19165],[16.35676,48.19193],[16.35663,48.19197],[16.35649,48.19203],[16.35639,48.19207],[16.35631,48.19212],[16.35507,48.19282],[16.35494,48.19288],[16.35483,48.19292],[16.35469,48.19294],[16.35436,48.19299],[16.35405,48.19303],[16.35297,48.19321],[16.35284,48.19323],[16.35276,48.19324],[16.35271,48.19325],[16.35265,48.19326],[16.3526,48.19329],[16.35254,48.19332],[16.35218,48.19356],[16.35181,48.19381],[16.3516,48.19398],[16.35056,48.19474],[16.35108,48.19528],[16.35117,48.19536],[16.35116,48.19548],[16.35117,48.19552],[16.35168,48.19631],[16.3517,48.19633],[16.35166,48.19638],[16.35126,48.19689],[16.35123,48.19691],[16.35096,48.19725],[16.35041,48.19792],[16.3503,48.19808],[16.35012,48.19831],[16.35004,48.19841],[16.34995,48.19854],[16.34978,48.19881],[16.34964,48.19908],[16.34947,48.19944],[16.3493,48.19989],[16.3492,48.20029],[16.34916,48.20053],[16.34913,48.20073],[16.34912,48.20094],[16.34911,48.20097],[16.34909,48.20151],[16.34908,48.20176],[16.34907,48.20214],[16.349,48.20342],[16.34898,48.2039],[16.34896,48.20425],[16.34967,48.20421],[16.34974,48.20421],[16.35148,48.20423],[16.35151,48.20426],[16.35151,48.20436],[16.35152,48.20489],[16.35152,48.20505],[16.35152,48.20527],[16.35153,48.20623],[16.35144,48.20632],[16.35133,48.2064],[16.35128,48.20663],[16.3509,48.2081],[16.35062,48.20926],[16.35057,48.20946],[16.35031,48.2106],[16.35005,48.2118],[16.35002,48.2118],[16.34959,48.21184],[16.34955,48.21263],[16.34952,48.21309],[16.34945,48.21408],[16.34939,48.21494],[16.3494,48.21498],[16.3493,48.215],[16.34925,48.21501],[16.34909,48.215],[16.34903,48.21499],[16.34892,48.21496],[16.34865,48.21487]]}},{"type":"Feature","properties":{"lineId":"14A","name":"14A","longName":"Neubaugasse - Reumannplatz","mode":"bus","color":"#0A295D","stops":[{"name":"Neubaugasse","lon":16.35087,"lat":48.19808},{"name":"Haus des Meeres","lon":16.354,"lat":48.19734},{"name":"Esterházygasse","lon":16.35279,"lat":48.19481},{"name":"Pilgramgasse","lon":16.35391,"lat":48.19277},{"name":"Reinprechtsdorfer Brücke","lon":16.3517,"lat":48.18847},{"name":"Reinprechtsdorfer Straße/Arbeitergasse","lon":16.35293,"lat":48.18672},{"name":"Fendigasse","lon":16.35554,"lat":48.18408},{"name":"Scalagasse","lon":16.35741,"lat":48.18225},{"name":"Matzleinsdorfer Platz","lon":16.35911,"lat":48.18043},{"name":"Evangelischer Friedhof","lon":16.36018,"lat":48.1798},{"name":"Sonnleithnergasse","lon":16.36267,"lat":48.17895},{"name":"Erlachplatz","lon":16.36869,"lat":48.17858},{"name":"Laxenburger Straße/Gudrunstraße","lon":16.37207,"lat":48.1784},{"name":"Keplerplatz","lon":16.37602,"lat":48.17805},{"name":"Wielandplatz","lon":16.38035,"lat":48.17755},{"name":"Reumannplatz","lon":16.37887,"lat":48.17548}],"lengthKm":4.6},"geometry":{"type":"LineString","coordinates":[[16.35088,48.19812],[16.35165,48.19809],[16.3525,48.19804],[16.35391,48.19796],[16.35394,48.19794],[16.35407,48.19767],[16.35407,48.19734],[16.35405,48.19722],[16.35403,48.19712],[16.35397,48.19695],[16.35384,48.19633],[16.35328,48.19567],[16.35326,48.19562],[16.35312,48.19525],[16.35284,48.1948],[16.35278,48.1947],[16.35274,48.19465],[16.35278,48.19459],[16.35282,48.19454],[16.35285,48.19452],[16.353,48.19439],[16.35396,48.19422],[16.35404,48.19357],[16.35406,48.19339],[16.35405,48.19316],[16.35405,48.19303],[16.35399,48.19277],[16.35393,48.19254],[16.3539,48.19242],[16.35384,48.19228],[16.35376,48.19212],[16.35365,48.19194],[16.35348,48.19171],[16.35336,48.19154],[16.3532,48.19135],[16.35306,48.19119],[16.35288,48.19101],[16.35267,48.19082],[16.35243,48.19062],[16.35229,48.19051],[16.35221,48.19046],[16.35187,48.19026],[16.35168,48.19017],[16.35151,48.1901],[16.35134,48.19004],[16.35121,48.19],[16.35108,48.18997],[16.35128,48.18963],[16.35145,48.18929],[16.35166,48.1888],[16.35179,48.18848],[16.35189,48.18826],[16.3521,48.18778],[16.35214,48.18772],[16.35219,48.18764],[16.35261,48.18717],[16.35277,48.18699],[16.35299,48.18674],[16.35392,48.18572],[16.35481,48.18486],[16.35559,48.1841],[16.35626,48.18346],[16.35677,48.18296],[16.35748,48.18229],[16.35784,48.18194],[16.35824,48.18158],[16.3583,48.18155],[16.3584,48.18153],[16.35848,48.18143],[16.35862,48.18127],[16.35869,48.18119],[16.35896,48.18085],[16.35912,48.18066],[16.35925,48.18048],[16.35941,48.18027],[16.35955,48.18014],[16.35978,48.18008],[16.36016,48.1799],[16.36025,48.17985],[16.36142,48.17922],[16.36157,48.17915],[16.36169,48.17911],[16.36183,48.17908],[16.36208,48.17905],[16.36268,48.17901],[16.36304,48.17898],[16.36495,48.17887],[16.36603,48.17882],[16.36675,48.17878],[16.36745,48.17874],[16.36869,48.17866],[16.36951,48.17861],[16.37029,48.17857],[16.37118,48.17851],[16.37207,48.17846],[16.37241,48.17844],[16.37375,48.17835],[16.37502,48.17821],[16.37574,48.17813],[16.37602,48.17811],[16.37665,48.17804],[16.3768,48.17802],[16.37802,48.17794],[16.38036,48.17778],[16.38051,48.17781],[16.38047,48.17773],[16.38044,48.17754],[16.38032,48.17679],[16.38021,48.17618],[16.38006,48.17519],[16.37876,48.17527],[16.37879,48.17548]]}},{"type":"Feature","properties":{"lineId":"15A","name":"15A","longName":"Meidling - Enkplatz/Grillgasse","mode":"bus","color":"#0A295D","stops":[{"name":"Meidling, Schedifkaplatz","lon":16.33203,"lat":48.17256},{"name":"Am Europlatz","lon":16.33328,"lat":48.17133},{"name":"Eibesbrunnergasse","lon":16.33774,"lat":48.17089},{"name":"Gesundheitszentrum Süd","lon":16.34547,"lat":48.16967},{"name":"Clemens-Holzmeister-Straße","lon":16.34734,"lat":48.16916},{"name":"Altdorferstraße","lon":16.34985,"lat":48.16852},{"name":"Stefan-Fadinger-Platz","lon":16.3545,"lat":48.16764},{"name":"Gußriegelstraße","lon":16.35836,"lat":48.16635},{"name":"Raxstraße","lon":16.36401,"lat":48.16547},{"name":"Grenzackerstraße","lon":16.36895,"lat":48.1648},{"name":"Daumegasse","lon":16.374,"lat":48.16396},{"name":"Altes Landgut","lon":16.38372,"lat":48.16063},{"name":"Neulandschule","lon":16.38735,"lat":48.15868},{"name":"Florian-Geyer-Gasse","lon":16.3923,"lat":48.15686},{"name":"Siedlung Südost","lon":16.39427,"lat":48.15634},{"name":"Langsulzgasse","lon":16.39991,"lat":48.15791},{"name":"Männertreugasse","lon":16.40502,"lat":48.15987},{"name":"Max-Mauermann-Gasse","lon":16.40943,"lat":48.16308},{"name":"Swatoschgasse","lon":16.41072,"lat":48.16587},{"name":"Grillgasse","lon":16.40845,"lat":48.16728},{"name":"Am Kanal","lon":16.41068,"lat":48.17034},{"name":"Lorystraße","lon":16.41313,"lat":48.17198},{"name":"Enkplatz","lon":16.41598,"lat":48.17394}],"lengthKm":8.4},"geometry":{"type":"LineString","coordinates":[[16.33197,48.17253],[16.33185,48.17265],[16.33181,48.17272],[16.33179,48.1727],[16.33168,48.17264],[16.33163,48.1726],[16.33159,48.17256],[16.33107,48.17171],[16.33106,48.17162],[16.33213,48.17151],[16.33277,48.17145],[16.33295,48.17144],[16.33329,48.17142],[16.33352,48.1714],[16.33365,48.17139],[16.33391,48.17136],[16.33412,48.17133],[16.33449,48.17129],[16.33481,48.17126],[16.33617,48.17114],[16.33759,48.17101],[16.33778,48.17099],[16.34112,48.17056],[16.34118,48.17055],[16.34176,48.17048],[16.34315,48.1703],[16.34363,48.17022],[16.34396,48.17016],[16.34423,48.1701],[16.34457,48.17003],[16.34502,48.16992],[16.34512,48.1699],[16.34553,48.16978],[16.3465,48.16951],[16.34741,48.16926],[16.34795,48.16911],[16.34808,48.16907],[16.34937,48.1687],[16.34956,48.16866],[16.34988,48.16857],[16.35028,48.16847],[16.35034,48.16846],[16.35042,48.16846],[16.35049,48.16848],[16.35053,48.16849],[16.35056,48.1685],[16.3507,48.16861],[16.35135,48.16912],[16.35377,48.16805],[16.35415,48.16789],[16.35457,48.1677],[16.35482,48.16759],[16.35569,48.1672],[16.35593,48.16711],[16.35736,48.16671],[16.35804,48.16654],[16.35841,48.16644],[16.35884,48.16633],[16.35921,48.16627],[16.35922,48.16618],[16.35965,48.16612],[16.3597,48.1661],[16.36066,48.16597],[16.36245,48.16573],[16.36252,48.16581],[16.36257,48.1658],[16.36405,48.16559],[16.36457,48.16552],[16.36699,48.16519],[16.36817,48.16502],[16.36833,48.16499],[16.36898,48.16491],[16.37258,48.16442],[16.37279,48.16439],[16.37308,48.16432],[16.37375,48.16415],[16.37407,48.16406],[16.3744,48.16397],[16.37781,48.16308],[16.37961,48.1626],[16.37995,48.16252],[16.38026,48.16242],[16.38061,48.1623],[16.38095,48.16215],[16.38113,48.16205],[16.38135,48.16193],[16.3819,48.16158],[16.38206,48.16153],[16.38294,48.16114],[16.38316,48.16103],[16.3833,48.16095],[16.38334,48.16094],[16.3838,48.1607],[16.38386,48.16067],[16.38392,48.16063],[16.38396,48.16058],[16.38402,48.16053],[16.38457,48.16026],[16.38463,48.16023],[16.38505,48.16003],[16.38561,48.15974],[16.38708,48.15894],[16.38711,48.15892],[16.38743,48.15875],[16.38757,48.15868],[16.388,48.15845],[16.38883,48.15801],[16.38918,48.15783],[16.38934,48.15775],[16.38988,48.1575],[16.39026,48.15732],[16.39054,48.15719],[16.39066,48.15714],[16.39074,48.15711],[16.39089,48.15707],[16.39106,48.15702],[16.39125,48.15699],[16.39142,48.15696],[16.39164,48.15694],[16.39182,48.15694],[16.39198,48.15694],[16.3921,48.15695],[16.39226,48.15697],[16.39237,48.15699],[16.39247,48.15701],[16.39289,48.15712],[16.39296,48.15713],[16.39302,48.15712],[16.39306,48.15711],[16.39311,48.15709],[16.39317,48.15707],[16.39322,48.15703],[16.39326,48.15699],[16.39338,48.15689],[16.39348,48.1568],[16.39366,48.1567],[16.39378,48.15664],[16.39389,48.15659],[16.39399,48.15655],[16.3941,48.15651],[16.39423,48.15648],[16.39433,48.15645],[16.39438,48.15644],[16.39452,48.15641],[16.39475,48.15638],[16.39509,48.15635],[16.39525,48.15634],[16.39535,48.15634],[16.3955,48.15635],[16.3956,48.15637],[16.39573,48.15641],[16.39585,48.15644],[16.39615,48.15655],[16.39668,48.15674],[16.39771,48.15711],[16.3979,48.15718],[16.3989,48.15757],[16.39986,48.15796],[16.40008,48.15805],[16.40029,48.15814],[16.40043,48.1582],[16.40084,48.15835],[16.40174,48.15871],[16.4021,48.15886],[16.40273,48.15912],[16.40396,48.15957],[16.40498,48.15993],[16.40646,48.16045],[16.40662,48.16051],[16.40676,48.16057],[16.40684,48.16062],[16.40696,48.16069],[16.40703,48.16074],[16.40709,48.16079],[16.40723,48.16092],[16.40768,48.16137],[16.40917,48.16288],[16.40925,48.16298],[16.40938,48.1631],[16.40988,48.16361],[16.40993,48.16367],[16.41008,48.16388],[16.41011,48.16391],[16.41016,48.16395],[16.41022,48.16399],[16.41029,48.16402],[16.41086,48.16431],[16.41095,48.16437],[16.411,48.1644],[16.41103,48.16445],[16.41106,48.16449],[16.41107,48.16452],[16.41107,48.16456],[16.41107,48.1646],[16.41106,48.16464],[16.41101,48.16478],[16.41087,48.16516],[16.41069,48.16556],[16.41067,48.16564],[16.41066,48.1657],[16.41065,48.1658],[16.41065,48.16587],[16.41064,48.16593],[16.4106,48.16648],[16.41059,48.16664],[16.41062,48.16664],[16.41065,48.16665],[16.41068,48.16667],[16.41071,48.16669],[16.41072,48.16671],[16.41073,48.16673],[16.41074,48.16676],[16.41073,48.16678],[16.41072,48.16681],[16.41071,48.16683],[16.41068,48.16685],[16.41065,48.16686],[16.41062,48.16688],[16.41059,48.16688],[16.41055,48.16689],[16.41051,48.16688],[16.41048,48.16688],[16.41044,48.16686],[16.41042,48.16685],[16.4104,48.16683],[16.41037,48.16685],[16.41029,48.16688],[16.41024,48.1669],[16.41012,48.16693],[16.41006,48.16694],[16.40949,48.16702],[16.40911,48.16708],[16.40874,48.16716],[16.40842,48.16721],[16.40771,48.16733],[16.40766,48.16734],[16.40763,48.16736],[16.40756,48.16739],[16.40752,48.16742],[16.4075,48.16744],[16.40749,48.16747],[16.40747,48.16751],[16.40747,48.16754],[16.40748,48.16759],[16.40752,48.16764],[16.40766,48.16779],[16.40769,48.16782],[16.40778,48.16789],[16.4079,48.16796],[16.40821,48.16812],[16.40829,48.16817],[16.40844,48.16828],[16.40863,48.16843],[16.40877,48.16855],[16.409,48.1688],[16.40939,48.16921],[16.40991,48.16986],[16.40996,48.16993],[16.41001,48.16995],[16.41002,48.16995],[16.41004,48.16994],[16.41007,48.16993],[16.4101,48.16993],[16.41015,48.16993],[16.41018,48.16995],[16.41021,48.16996],[16.41022,48.16997],[16.41024,48.16999],[16.41025,48.17001],[16.41025,48.17003],[16.41025,48.17005],[16.41024,48.17007],[16.41022,48.17008],[16.41021,48.1701],[16.41032,48.17017],[16.41042,48.17025],[16.41062,48.17038],[16.41305,48.17203],[16.41594,48.17397]]}},{"type":"Feature","properties":{"lineId":"16A","name":"16A","longName":"Hetzendorf - Alaudagasse","mode":"bus","color":"#0A295D","stops":[{"name":"Südwestfriedhof 2. & 8. Tor","lon":16.303,"lat":48.16114},{"name":"Südwestfriedhof 1. Tor","lon":16.30338,"lat":48.16175},{"name":"Marschallplatz","lon":16.30367,"lat":48.16572},{"name":"Hervicusgasse","lon":16.30479,"lat":48.1677},{"name":"Schloss Hetzendorf","lon":16.30853,"lat":48.16728},{"name":"Hetzendorf","lon":16.3145,"lat":48.16578},{"name":"Eckartsaugasse","lon":16.31561,"lat":48.16648},{"name":"Altmannsdorfer Straße","lon":16.31591,"lat":48.16526},{"name":"Edmund-Reim-Gasse","lon":16.31403,"lat":48.1625},{"name":"Sagedergasse","lon":16.31942,"lat":48.16106},{"name":"Am Schöpfwerk","lon":16.32464,"lat":48.16148},{"name":"Am Schöpfwerk/Eibesbrunnergasse","lon":16.32933,"lat":48.16063},{"name":"Lichtensterngasse","lon":16.32989,"lat":48.15911},{"name":"Zanaschkagasse","lon":16.32857,"lat":48.15708},{"name":"Nauheimergasse","lon":16.33149,"lat":48.15734},{"name":"Neusteinhof","lon":16.33328,"lat":48.15725},{"name":"Gutheil-Schoder-Gasse","lon":16.33591,"lat":48.1593},{"name":"Triester Straße/Computerstraße","lon":16.34248,"lat":48.15742},{"name":"Jungbauerweg","lon":16.34543,"lat":48.15516},{"name":"Otto-Probst-Platz","lon":16.34872,"lat":48.15393},{"name":"Inzersdorf, Kirchenplatz","lon":16.34722,"lat":48.15018},{"name":"Pfarrgasse","lon":16.3472,"lat":48.14878},{"name":"Inzersdorf Friedhof","lon":16.34996,"lat":48.14775},{"name":"Jochen-Rindt-Straße","lon":16.35461,"lat":48.14593},{"name":"Kolbegasse","lon":16.36006,"lat":48.14452},{"name":"Wagner-Schönkirch-Gasse","lon":16.36333,"lat":48.14342},{"name":"Südrandstraße","lon":16.3664,"lat":48.14239},{"name":"Blumental","lon":16.3708,"lat":48.13843},{"name":"Indigoweg","lon":16.37695,"lat":48.13814},{"name":"Rosiwalgasse","lon":16.38292,"lat":48.13813},{"name":"Franzosenweg","lon":16.38296,"lat":48.13991},{"name":"Himberger Straße","lon":16.38276,"lat":48.14361},{"name":"Neulaa","lon":16.38259,"lat":48.14678},{"name":"Stockholmer Platz","lon":16.38246,"lat":48.14946},{"name":"Alaudagasse","lon":16.38183,"lat":48.15286}],"lengthKm":11.9},"geometry":{"type":"LineString","coordinates":[[16.30309,48.16112],[16.30305,48.16096],[16.30304,48.16094],[16.303,48.16094],[16.30298,48.16094],[16.30296,48.16094],[16.30294,48.16093],[16.30292,48.16092],[16.30291,48.16091],[16.3029,48.1609],[16.30289,48.16088],[16.30289,48.16087],[16.30289,48.16085],[16.3029,48.16084],[16.30291,48.16082],[16.30292,48.16081],[16.30294,48.1608],[16.30296,48.1608],[16.30298,48.16079],[16.30302,48.16079],[16.30305,48.1608],[16.30307,48.1608],[16.30308,48.16081],[16.3031,48.16082],[16.30311,48.16084],[16.30311,48.16085],[16.30312,48.16087],[16.30311,48.16088],[16.30311,48.1609],[16.3031,48.16091],[16.30308,48.16092],[16.30307,48.16093],[16.30304,48.16094],[16.30305,48.16096],[16.30321,48.16156],[16.30324,48.16164],[16.3033,48.16176],[16.30333,48.16182],[16.30337,48.16191],[16.30339,48.16199],[16.30342,48.16209],[16.30343,48.16217],[16.30344,48.16322],[16.30345,48.16325],[16.30346,48.16368],[16.30347,48.16381],[16.30349,48.1639],[16.30358,48.16415],[16.3036,48.16424],[16.3036,48.16431],[16.30358,48.16439],[16.30355,48.16449],[16.3035,48.1646],[16.30338,48.16483],[16.30335,48.1649],[16.30333,48.16499],[16.30332,48.16509],[16.30334,48.1652],[16.30337,48.16529],[16.30362,48.16573],[16.30402,48.16645],[16.30419,48.16674],[16.30474,48.16772],[16.30485,48.16793],[16.3057,48.1677],[16.3064,48.16755],[16.30714,48.16744],[16.30774,48.16738],[16.30853,48.16732],[16.30936,48.16725],[16.30955,48.16722],[16.30969,48.16719],[16.30988,48.16713],[16.31118,48.16665],[16.31134,48.16658],[16.31155,48.1665],[16.31176,48.16643],[16.31199,48.16635],[16.3125,48.1662],[16.31329,48.16597],[16.31352,48.1659],[16.31377,48.16579],[16.31409,48.16561],[16.31444,48.16582],[16.31558,48.1665],[16.31573,48.1666],[16.31577,48.16662],[16.3158,48.16663],[16.31587,48.16665],[16.31593,48.16666],[16.31599,48.16666],[16.31603,48.16665],[16.31606,48.16665],[16.31611,48.16662],[16.31616,48.16661],[16.31629,48.16661],[16.31656,48.16574],[16.31662,48.16561],[16.31604,48.16518],[16.31515,48.16451],[16.31309,48.16293],[16.31323,48.16287],[16.31334,48.16281],[16.31344,48.16277],[16.31359,48.16271],[16.31367,48.16268],[16.31409,48.16257],[16.31468,48.1624],[16.31494,48.16233],[16.31513,48.16226],[16.31595,48.16204],[16.31603,48.16201],[16.3162,48.16195],[16.31634,48.1619],[16.31757,48.16157],[16.31776,48.16153],[16.31946,48.16115],[16.31983,48.16106],[16.32317,48.16035],[16.32329,48.16031],[16.32416,48.16164],[16.32468,48.16155],[16.32634,48.16125],[16.32647,48.16123],[16.32723,48.16109],[16.32761,48.16101],[16.32781,48.16097],[16.32837,48.16086],[16.32859,48.16082],[16.3291,48.16072],[16.32935,48.16067],[16.32952,48.16063],[16.33,48.16052],[16.33082,48.1603],[16.3308,48.16024],[16.33037,48.15964],[16.32996,48.15908],[16.32958,48.15854],[16.32937,48.15822],[16.32866,48.15706],[16.32853,48.15686],[16.32894,48.15677],[16.32921,48.1567],[16.32947,48.15663],[16.32973,48.15654],[16.33008,48.15642],[16.33052,48.15625],[16.33071,48.15619],[16.33104,48.15672],[16.33144,48.15736],[16.33158,48.1576],[16.33166,48.15754],[16.33276,48.15723],[16.33291,48.15716],[16.33314,48.15733],[16.33349,48.15759],[16.33393,48.15791],[16.33449,48.15833],[16.3351,48.15881],[16.33577,48.15937],[16.33609,48.15964],[16.33666,48.16012],[16.33676,48.16007],[16.33696,48.15996],[16.33718,48.15983],[16.33726,48.15976],[16.33733,48.1597],[16.33744,48.15959],[16.33791,48.15911],[16.33801,48.15903],[16.3381,48.15895],[16.33821,48.15887],[16.33839,48.15877],[16.33853,48.15869],[16.33868,48.15863],[16.33885,48.15856],[16.33907,48.15848],[16.33973,48.15829],[16.3408,48.15798],[16.34203,48.15764],[16.3422,48.15759],[16.34252,48.15748],[16.34313,48.15728],[16.34329,48.15723],[16.34326,48.15714],[16.34326,48.15708],[16.34324,48.15704],[16.34323,48.157],[16.3432,48.15696],[16.34293,48.15657],[16.3429,48.1565],[16.34288,48.15643],[16.34287,48.15637],[16.34288,48.15632],[16.34288,48.15629],[16.34289,48.15627],[16.34295,48.15615],[16.34298,48.15611],[16.34301,48.15608],[16.34307,48.15603],[16.34314,48.15599],[16.3432,48.15596],[16.34327,48.15593],[16.34362,48.15581],[16.3442,48.15562],[16.34532,48.15525],[16.34546,48.15521],[16.34888,48.15413],[16.34892,48.15411],[16.34889,48.15405],[16.34879,48.15391],[16.34872,48.1538],[16.34867,48.15375],[16.34863,48.1537],[16.34855,48.15355],[16.34851,48.15346],[16.34849,48.15342],[16.34848,48.15337],[16.34843,48.15321],[16.34841,48.15311],[16.34834,48.15258],[16.34827,48.15212],[16.34821,48.15193],[16.3482,48.15189],[16.34818,48.15183],[16.34801,48.15147],[16.348,48.15143],[16.348,48.15133],[16.34798,48.15128],[16.34792,48.15118],[16.3479,48.15115],[16.34772,48.15087],[16.34769,48.15082],[16.34755,48.15065],[16.34751,48.15058],[16.34744,48.15046],[16.34728,48.15017],[16.34722,48.15005],[16.34711,48.14982],[16.34709,48.14977],[16.34712,48.14971],[16.34711,48.14966],[16.34688,48.14897],[16.34687,48.14895],[16.34723,48.14882],[16.3475,48.14872],[16.34925,48.14807],[16.34958,48.14795],[16.35,48.14779],[16.35063,48.14756],[16.35093,48.14745],[16.35128,48.1473],[16.35155,48.14719],[16.35226,48.14695],[16.35265,48.14686],[16.35272,48.14683],[16.35281,48.1468],[16.35309,48.14665],[16.35316,48.14662],[16.35344,48.14651],[16.35361,48.14643],[16.35421,48.14619],[16.35431,48.14613],[16.35437,48.14607],[16.35442,48.14604],[16.35464,48.14596],[16.3552,48.14576],[16.35581,48.14557],[16.3561,48.14548],[16.35617,48.14547],[16.35622,48.14547],[16.35626,48.14547],[16.35641,48.14552],[16.36011,48.14459],[16.36115,48.14433],[16.36211,48.14409],[16.36219,48.14406],[16.36276,48.14371],[16.3629,48.14365],[16.36308,48.1436],[16.36339,48.14349],[16.36491,48.14298],[16.3649,48.14296],[16.3649,48.14294],[16.3649,48.14293],[16.36491,48.14291],[16.36492,48.1429],[16.36493,48.14289],[16.36495,48.14288],[16.36497,48.14287],[16.36501,48.14286],[16.36506,48.14287],[16.36508,48.14288],[16.36509,48.14289],[16.36511,48.14291],[16.36645,48.14246],[16.36731,48.14217],[16.36735,48.14215],[16.36737,48.14211],[16.36739,48.14208],[16.36739,48.14205],[16.36738,48.14202],[16.36737,48.14197],[16.36648,48.14067],[16.36656,48.14065],[16.36678,48.14058],[16.36687,48.14055],[16.36695,48.14051],[16.36705,48.14045],[16.36758,48.14004],[16.36793,48.13978],[16.36802,48.13969],[16.36809,48.1396],[16.36815,48.13952],[16.36822,48.13941],[16.36827,48.13936],[16.36834,48.13928],[16.36839,48.13924],[16.36846,48.13919],[16.36857,48.13912],[16.36944,48.13862],[16.36959,48.13854],[16.3697,48.13849],[16.36979,48.13845],[16.36989,48.13842],[16.36999,48.13841],[16.37015,48.13839],[16.37023,48.13839],[16.37032,48.1384],[16.37078,48.13847],[16.3709,48.13848],[16.37108,48.13851],[16.37122,48.13852],[16.37143,48.13853],[16.37285,48.13856],[16.37319,48.13856],[16.37357,48.13853],[16.37541,48.13835],[16.37672,48.13821],[16.37681,48.13819],[16.37695,48.13818],[16.37756,48.13811],[16.37799,48.13806],[16.37824,48.13804],[16.37848,48.13803],[16.37863,48.13803],[16.37936,48.138],[16.37965,48.13799],[16.38026,48.13794],[16.38249,48.13773],[16.38257,48.13773],[16.38263,48.13773],[16.38288,48.13775],[16.38292,48.13774],[16.38299,48.13772],[16.38286,48.13799],[16.38283,48.1381],[16.38282,48.13812],[16.3828,48.1382],[16.3828,48.13827],[16.38279,48.13831],[16.3828,48.13835],[16.38285,48.13855],[16.38286,48.13913],[16.38282,48.1399],[16.38272,48.14161],[16.3827,48.14249],[16.38265,48.14333],[16.38264,48.1436],[16.38262,48.1441],[16.38258,48.14498],[16.38252,48.14616],[16.38251,48.14641],[16.38248,48.14657],[16.38248,48.14678],[16.38248,48.14703],[16.38246,48.14754],[16.38245,48.14763],[16.38241,48.14789],[16.3824,48.14801],[16.38238,48.14828],[16.38239,48.14862],[16.38238,48.14893],[16.38237,48.14917],[16.38237,48.14946],[16.38236,48.14963],[16.38234,48.14979],[16.38233,48.1499],[16.38231,48.15048],[16.38232,48.15065],[16.38228,48.15115],[16.38226,48.15156],[16.38224,48.15203],[16.38222,48.1523],[16.38221,48.15244],[16.38209,48.15244],[16.38201,48.15246],[16.38194,48.15248],[16.38187,48.15252],[16.3817,48.15266],[16.38167,48.15272],[16.3817,48.15287]]}},{"type":"Feature","properties":{"lineId":"17A","name":"17A","longName":"Inzerdorf, Birostraße - Oberlaa","mode":"bus","color":"#0A295D","stops":[{"name":"Inzersdorf, Birostraße","lon":16.35147,"lat":48.13665},{"name":"Birostraße Mitte","lon":16.35414,"lat":48.13855},{"name":"Tenschertstraße","lon":16.35251,"lat":48.1409},{"name":"Ernanigasse","lon":16.35296,"lat":48.14353},{"name":"Jochen-Rindt-Straße","lon":16.35461,"lat":48.14593},{"name":"Kolbegasse","lon":16.36006,"lat":48.14452},{"name":"Siedlung Blumental","lon":16.36159,"lat":48.14582},{"name":"Oberlaaer Straße","lon":16.36151,"lat":48.1482},{"name":"Wienerfeld","lon":16.3646,"lat":48.15398},{"name":"Sindinggasse","lon":16.37041,"lat":48.15345},{"name":"Josef-Enslein-Platz","lon":16.37163,"lat":48.1518},{"name":"Selma-Lagerlöf-Gasse","lon":16.37636,"lat":48.15093},{"name":"Stockholmer Platz","lon":16.382,"lat":48.14974},{"name":"Alaudagasse","lon":16.38176,"lat":48.15257},{"name":"Stockholmer Platz","lon":16.38224,"lat":48.14935},{"name":"Neulaa","lon":16.38234,"lat":48.14673},{"name":"Himberger Straße","lon":16.38356,"lat":48.14295},{"name":"Weidelstraße","lon":16.38576,"lat":48.14207},{"name":"Kurt-Tichy-Gasse","lon":16.38956,"lat":48.14059},{"name":"Grundäckergasse","lon":16.3922,"lat":48.13955},{"name":"Hämmerlegasse","lon":16.39398,"lat":48.13887},{"name":"Bischofgasse","lon":16.39726,"lat":48.13808},{"name":"Leopoldsdorfer Straße","lon":16.39937,"lat":48.13793},{"name":"Oberlaaer Platz","lon":16.40399,"lat":48.13746},{"name":"Johann-Friedl-Gasse","lon":16.40731,"lat":48.13703},{"name":"Oberlaa, Friedhof","lon":16.40493,"lat":48.13825},{"name":"Oberlaa","lon":16.3998,"lat":48.14178},{"name":"An der Kuhtrift","lon":16.39702,"lat":48.14533},{"name":"Oberlaa","lon":16.39865,"lat":48.14347}],"lengthKm":10.2},"geometry":{"type":"LineString","coordinates":[[16.35149,48.1367],[16.35268,48.13642],[16.35274,48.13641],[16.3528,48.13641],[16.35285,48.13642],[16.3529,48.13644],[16.35294,48.13647],[16.35405,48.13857],[16.35414,48.13872],[16.35414,48.13875],[16.35413,48.13877],[16.35413,48.13879],[16.35411,48.13881],[16.35408,48.13883],[16.35405,48.13885],[16.35401,48.13886],[16.35227,48.13927],[16.35233,48.1394],[16.35239,48.13952],[16.35242,48.13959],[16.35248,48.13978],[16.3525,48.1399],[16.35251,48.13995],[16.35252,48.14006],[16.35252,48.14018],[16.35251,48.14031],[16.35249,48.14046],[16.35248,48.14061],[16.35243,48.14089],[16.3523,48.14171],[16.35228,48.1419],[16.35227,48.14206],[16.35228,48.14219],[16.35231,48.14232],[16.35233,48.14243],[16.35238,48.14259],[16.35243,48.14272],[16.3525,48.14288],[16.35288,48.14355],[16.3536,48.14488],[16.35419,48.14598],[16.35424,48.14607],[16.35431,48.14613],[16.35437,48.14607],[16.35442,48.14604],[16.35464,48.14596],[16.3552,48.14576],[16.35581,48.14557],[16.3561,48.14548],[16.35617,48.14547],[16.35622,48.14547],[16.35626,48.14547],[16.35641,48.14552],[16.36011,48.14459],[16.36115,48.14433],[16.36122,48.14444],[16.36135,48.14478],[16.3614,48.14497],[16.36142,48.14515],[16.36141,48.14542],[16.36143,48.14552],[16.36143,48.14564],[16.36141,48.14581],[16.36136,48.14627],[16.3613,48.1467],[16.36125,48.14712],[16.36124,48.14717],[16.36122,48.14741],[16.36121,48.14763],[16.36123,48.14776],[16.36125,48.1479],[16.36126,48.14798],[16.36128,48.14808],[16.36135,48.14823],[16.36144,48.14846],[16.36154,48.14866],[16.36362,48.15275],[16.36384,48.1527],[16.36454,48.154],[16.36467,48.15424],[16.36476,48.15422],[16.36571,48.15412],[16.36584,48.15411],[16.36797,48.15378],[16.36908,48.1536],[16.37023,48.15349],[16.37041,48.15348],[16.37124,48.15348],[16.37127,48.15344],[16.37129,48.15338],[16.3713,48.15298],[16.3713,48.15274],[16.37124,48.15194],[16.37122,48.15179],[16.37129,48.1518],[16.37145,48.15184],[16.37151,48.15185],[16.37163,48.15184],[16.37202,48.15181],[16.37297,48.15174],[16.37356,48.15167],[16.3746,48.15154],[16.37475,48.15151],[16.37487,48.15148],[16.37499,48.15144],[16.37523,48.15135],[16.37565,48.15119],[16.37591,48.15111],[16.37638,48.15097],[16.37677,48.15085],[16.37716,48.15074],[16.37785,48.15056],[16.37842,48.15042],[16.37906,48.15028],[16.37956,48.15018],[16.38029,48.15006],[16.38036,48.15004],[16.38039,48.15003],[16.38085,48.1498],[16.38087,48.14979],[16.38097,48.14978],[16.382,48.14979],[16.38234,48.14979],[16.38233,48.1499],[16.38231,48.15048],[16.38232,48.15065],[16.38228,48.15115],[16.38226,48.15156],[16.38224,48.15203],[16.38222,48.1523],[16.38221,48.15244],[16.38209,48.15244],[16.38201,48.15246],[16.38194,48.15248],[16.38187,48.15252],[16.3818,48.15258],[16.3817,48.15266],[16.38167,48.15272],[16.3817,48.15289],[16.38172,48.15296],[16.38177,48.15303],[16.38181,48.15307],[16.38194,48.15313],[16.38215,48.15315],[16.38222,48.1523],[16.38224,48.15203],[16.38226,48.15156],[16.38228,48.15115],[16.38232,48.15065],[16.38231,48.15048],[16.38233,48.1499],[16.38234,48.14979],[16.38236,48.14963],[16.38237,48.14935],[16.38237,48.14917],[16.38238,48.14893],[16.38239,48.14862],[16.38238,48.14828],[16.3824,48.14801],[16.38241,48.14789],[16.38245,48.14763],[16.38246,48.14754],[16.38248,48.14703],[16.38248,48.14673],[16.38248,48.14657],[16.38251,48.14641],[16.38252,48.14616],[16.38258,48.14498],[16.38262,48.1441],[16.38265,48.14333],[16.38276,48.1433],[16.38357,48.14298],[16.38441,48.14265],[16.38579,48.14211],[16.38706,48.14161],[16.38883,48.14092],[16.3896,48.14063],[16.38996,48.14048],[16.39098,48.14008],[16.39223,48.13959],[16.39276,48.13938],[16.39366,48.13903],[16.39401,48.13891],[16.39426,48.13883],[16.39519,48.13855],[16.39538,48.1385],[16.39555,48.13847],[16.39644,48.1383],[16.39667,48.13827],[16.39685,48.13822],[16.39716,48.13815],[16.39729,48.13812],[16.39734,48.13811],[16.39744,48.13809],[16.3975,48.13809],[16.39765,48.13809],[16.39878,48.13803],[16.39938,48.13798],[16.39957,48.13796],[16.39971,48.13798],[16.39979,48.13798],[16.40014,48.13796],[16.40032,48.13794],[16.4006,48.1379],[16.40102,48.13783],[16.40244,48.13754],[16.40263,48.13752],[16.40285,48.1375],[16.40311,48.13749],[16.4032,48.13749],[16.40348,48.1375],[16.40375,48.13751],[16.40392,48.13752],[16.40399,48.13752],[16.40412,48.13752],[16.40441,48.13751],[16.40484,48.13747],[16.40516,48.13743],[16.40536,48.1374],[16.40555,48.13736],[16.40575,48.13732],[16.40613,48.13724],[16.40665,48.13714],[16.40697,48.13709],[16.40706,48.13708],[16.40721,48.13707],[16.40729,48.13707],[16.40771,48.13707],[16.40798,48.13706],[16.40883,48.13703],[16.40881,48.13705],[16.40877,48.13708],[16.40867,48.13712],[16.40858,48.13717],[16.40819,48.1374],[16.40813,48.13743],[16.40803,48.13748],[16.40784,48.13755],[16.40748,48.13766],[16.4072,48.13776],[16.40708,48.13781],[16.40674,48.13793],[16.40658,48.138],[16.40654,48.13801],[16.40641,48.13805],[16.40633,48.13806],[16.40617,48.13808],[16.40593,48.13809],[16.40534,48.13816],[16.40503,48.13819],[16.40492,48.13821],[16.4037,48.13837],[16.40361,48.13838],[16.40352,48.13839],[16.40332,48.13837],[16.40322,48.13838],[16.40136,48.1386],[16.40035,48.1387],[16.40016,48.13872],[16.4001,48.13874],[16.40004,48.13875],[16.40001,48.13877],[16.39991,48.13882],[16.39978,48.1389],[16.39979,48.13891],[16.3998,48.13893],[16.3998,48.13894],[16.3998,48.13895],[16.39979,48.13897],[16.39978,48.13898],[16.39977,48.13899],[16.39976,48.139],[16.39974,48.13901],[16.3997,48.13901],[16.39966,48.13901],[16.39959,48.13912],[16.39957,48.13916],[16.39955,48.13923],[16.39954,48.13931],[16.39951,48.13943],[16.3995,48.13953],[16.39951,48.13966],[16.39953,48.13983],[16.39954,48.13991],[16.39961,48.14018],[16.39961,48.1402],[16.39968,48.14049],[16.39969,48.14069],[16.39968,48.14137],[16.39967,48.14165],[16.39966,48.14177],[16.39961,48.1421],[16.39955,48.14237],[16.39948,48.14262],[16.3994,48.14283],[16.39929,48.14312],[16.39916,48.14339],[16.39906,48.14358],[16.3989,48.14384],[16.39875,48.14405],[16.39845,48.14445],[16.39757,48.14549],[16.39746,48.14542],[16.39727,48.14536],[16.39722,48.14533],[16.39714,48.14529],[16.39711,48.14527],[16.39707,48.14524],[16.39704,48.14521],[16.39699,48.14516],[16.39696,48.14512],[16.39693,48.14505],[16.39687,48.14491],[16.39689,48.1448],[16.39691,48.14474],[16.39695,48.14469],[16.397,48.14464],[16.39783,48.14408],[16.39788,48.14404],[16.39794,48.14399],[16.39802,48.14391],[16.39809,48.14384],[16.39813,48.14377],[16.39817,48.14371],[16.39821,48.14363],[16.39824,48.14355],[16.3982,48.14348],[16.39821,48.1434],[16.39821,48.14336],[16.3982,48.1432],[16.39821,48.14315],[16.39883,48.14301],[16.39887,48.14301],[16.39891,48.14302],[16.39894,48.14303],[16.39897,48.14306],[16.399,48.14311],[16.399,48.14315],[16.39901,48.1432],[16.39899,48.14324],[16.39896,48.14327],[16.39893,48.14329],[16.39861,48.14343]]}},{"type":"Feature","properties":{"lineId":"19A","name":"19A","longName":"Alaudagasse - Alaudagasse","mode":"bus","color":"#0A295D","stops":[{"name":"Ada-Christen-Gasse","lon":16.38603,"lat":48.15278},{"name":"Max-Fleischer-Gasse","lon":16.38973,"lat":48.15076},{"name":"Jura-Soyfer-Gasse","lon":16.3927,"lat":48.1493},{"name":"Wendstattgasse","lon":16.39161,"lat":48.14781},{"name":"Hubert-Gsur-Gasse","lon":16.38909,"lat":48.14635},{"name":"Adolf-Unger-Gasse","lon":16.3857,"lat":48.14891},{"name":"Stockholmer Platz","lon":16.38336,"lat":48.1498},{"name":"Alaudagasse","lon":16.38223,"lat":48.15339}],"lengthKm":2.3},"geometry":{"type":"LineString","coordinates":[[16.38605,48.15281],[16.3867,48.15254],[16.38688,48.15246],[16.38702,48.15239],[16.388,48.15181],[16.38843,48.15154],[16.38883,48.1513],[16.38947,48.15095],[16.38977,48.15081],[16.38988,48.15075],[16.39123,48.15015],[16.39169,48.14996],[16.39207,48.14981],[16.39241,48.14968],[16.39283,48.14952],[16.39295,48.14948],[16.39279,48.14927],[16.39201,48.14825],[16.39193,48.14813],[16.39174,48.14779],[16.39131,48.14702],[16.39067,48.14585],[16.3894,48.14616],[16.38929,48.14619],[16.38918,48.14623],[16.38902,48.14629],[16.38896,48.14633],[16.38889,48.14637],[16.3874,48.14751],[16.38598,48.1486],[16.38563,48.14886],[16.38512,48.14925],[16.38505,48.14929],[16.38499,48.14932],[16.38492,48.14935],[16.38483,48.14938],[16.38474,48.14941],[16.38368,48.14967],[16.38333,48.14975],[16.38324,48.14977],[16.38312,48.14979],[16.383,48.1498],[16.38234,48.14979],[16.38233,48.1499],[16.38231,48.15048],[16.38232,48.15065],[16.38228,48.15115],[16.38226,48.15156],[16.38224,48.15203],[16.38222,48.1523],[16.38213,48.15339]]}},{"type":"Feature","properties":{"lineId":"20A","name":"20A","longName":"Kaisermühlen-VIC - Neue Donau","mode":"bus","color":"#0A295D","stops":[{"name":"Neue Donau","lon":16.39521,"lat":48.24646},{"name":"Kugelfanggasse","lon":16.39855,"lat":48.24614},{"name":"Josef-Melichar-Gasse","lon":16.40113,"lat":48.24552},{"name":"Friedstraße","lon":16.40493,"lat":48.24485},{"name":"Warhanekgasse","lon":16.40796,"lat":48.24418},{"name":"Wildbadgasse","lon":16.41027,"lat":48.2446},{"name":"Donaupark Nord","lon":16.41174,"lat":48.2438},{"name":"Donauturm","lon":16.40842,"lat":48.24195},{"name":"Verbindungsweg","lon":16.40295,"lat":48.24128},{"name":"Wallenberggasse","lon":16.40804,"lat":48.23542},{"name":"Kaisermühlen-VIC","lon":16.41576,"lat":48.23271},{"name":"Alte Donau","lon":16.42446,"lat":48.23733}],"lengthKm":5.3},"geometry":{"type":"LineString","coordinates":[[16.39515,48.24647],[16.39516,48.24649],[16.39517,48.2465],[16.3952,48.24652],[16.39522,48.24653],[16.39527,48.24654],[16.39529,48.24654],[16.39533,48.24653],[16.39537,48.24652],[16.39538,48.24651],[16.39551,48.24638],[16.396,48.24592],[16.39617,48.246],[16.3966,48.24614],[16.39693,48.24625],[16.3971,48.24632],[16.39737,48.24642],[16.39771,48.24655],[16.39776,48.24649],[16.39778,48.24647],[16.39857,48.24617],[16.39938,48.24586],[16.39957,48.24579],[16.40113,48.24554],[16.40253,48.24533],[16.40364,48.24515],[16.4042,48.24503],[16.40453,48.24497],[16.40453,48.24496],[16.40453,48.24495],[16.40454,48.24493],[16.40457,48.24491],[16.40459,48.24491],[16.40463,48.24491],[16.40466,48.24491],[16.40468,48.24493],[16.40469,48.24495],[16.40479,48.24493],[16.40489,48.24492],[16.40494,48.24491],[16.40512,48.2449],[16.40522,48.2449],[16.40536,48.24488],[16.40586,48.2448],[16.40636,48.24471],[16.40665,48.24465],[16.40681,48.24462],[16.40703,48.24455],[16.40717,48.24451],[16.4073,48.24446],[16.40744,48.24442],[16.40798,48.24419],[16.40934,48.24363],[16.40995,48.24431],[16.41023,48.24462],[16.41035,48.24476],[16.41043,48.24473],[16.4108,48.2446],[16.41139,48.2444],[16.41181,48.24424],[16.41187,48.24421],[16.41191,48.24419],[16.41196,48.24415],[16.41201,48.24412],[16.41209,48.24409],[16.41179,48.24378],[16.41167,48.24366],[16.41144,48.24345],[16.41131,48.24335],[16.41121,48.24327],[16.41086,48.24305],[16.41032,48.24271],[16.40982,48.24243],[16.40928,48.24219],[16.40883,48.242],[16.40857,48.2419],[16.40848,48.24188],[16.40836,48.24184],[16.40817,48.24178],[16.40793,48.24171],[16.40755,48.24162],[16.40735,48.24159],[16.40604,48.24136],[16.40572,48.24132],[16.40537,48.24129],[16.40511,48.24127],[16.40481,48.24126],[16.40457,48.24126],[16.4044,48.24126],[16.404,48.24128],[16.40348,48.24132],[16.4034,48.24132],[16.40332,48.24131],[16.40324,48.24131],[16.40314,48.24129],[16.40304,48.24127],[16.40298,48.24124],[16.40294,48.24122],[16.40289,48.24119],[16.40281,48.24115],[16.40283,48.24111],[16.40283,48.24107],[16.40285,48.24104],[16.40338,48.24057],[16.40369,48.24032],[16.4038,48.24021],[16.40385,48.24015],[16.40389,48.24009],[16.40393,48.24002],[16.40396,48.23992],[16.40398,48.23981],[16.404,48.2393],[16.40401,48.23924],[16.40404,48.23917],[16.40406,48.23912],[16.4041,48.23907],[16.40416,48.23898],[16.4043,48.23883],[16.40454,48.23858],[16.40492,48.23819],[16.4054,48.2377],[16.40594,48.23719],[16.40658,48.23662],[16.40699,48.23628],[16.40758,48.2358],[16.40791,48.23554],[16.40807,48.23544],[16.40821,48.23534],[16.40826,48.2353],[16.40829,48.23526],[16.4083,48.23521],[16.40831,48.23516],[16.4083,48.23511],[16.40828,48.23506],[16.40828,48.23501],[16.40818,48.23499],[16.40807,48.23497],[16.408,48.23494],[16.40793,48.2349],[16.4079,48.23487],[16.40788,48.23484],[16.40784,48.23479],[16.40785,48.23474],[16.40787,48.2347],[16.4079,48.23466],[16.40796,48.23461],[16.40802,48.23457],[16.4081,48.23454],[16.40823,48.2345],[16.40834,48.23448],[16.40842,48.23448],[16.40859,48.23448],[16.40875,48.23449],[16.40903,48.23453],[16.40911,48.23455],[16.40925,48.23459],[16.40961,48.23477],[16.40964,48.23483],[16.41022,48.23514],[16.41335,48.2326],[16.41332,48.23258],[16.41331,48.23256],[16.4133,48.23254],[16.4133,48.23253],[16.4133,48.23251],[16.41331,48.23249],[16.41332,48.23248],[16.41334,48.23246],[16.41336,48.23245],[16.41338,48.23244],[16.41341,48.23244],[16.41343,48.23244],[16.41346,48.23244],[16.41349,48.23244],[16.41351,48.23245],[16.41353,48.23246],[16.41355,48.23248],[16.41356,48.23249],[16.41357,48.23251],[16.41357,48.23253],[16.41361,48.23254],[16.41452,48.23263],[16.41458,48.23264],[16.41469,48.23263],[16.41474,48.23261],[16.41479,48.23259],[16.41485,48.23256],[16.41491,48.23251],[16.41489,48.23249],[16.41487,48.23247],[16.41486,48.23244],[16.41486,48.23242],[16.41486,48.2324],[16.41487,48.23237],[16.41488,48.23235],[16.4149,48.23234],[16.41493,48.23232],[16.41495,48.23231],[16.41498,48.2323],[16.41502,48.2323],[16.41505,48.2323],[16.41509,48.2323],[16.41514,48.23232],[16.41517,48.23234],[16.4152,48.23235],[16.41521,48.23238],[16.41522,48.2324],[16.41522,48.23242],[16.41521,48.23244],[16.41521,48.23246],[16.41519,48.23249],[16.41518,48.2325],[16.41568,48.23277],[16.41587,48.23288],[16.41518,48.2325],[16.41516,48.23251],[16.41514,48.23252],[16.41507,48.23254],[16.41503,48.23254],[16.41499,48.23254],[16.41495,48.23253],[16.4149,48.2325],[16.41489,48.23249],[16.41487,48.23247],[16.41486,48.23244],[16.41486,48.23242],[16.41486,48.2324],[16.41487,48.23237],[16.41488,48.23235],[16.4149,48.23234],[16.41493,48.23232],[16.41495,48.23231],[16.41498,48.2323],[16.41502,48.2323],[16.41505,48.2323],[16.41509,48.2323],[16.41514,48.23232],[16.41517,48.23234],[16.41601,48.2317],[16.41712,48.2323],[16.42032,48.23404],[16.42079,48.23428],[16.42074,48.23435],[16.42019,48.23481],[16.4201,48.23491],[16.42008,48.23493],[16.4201,48.23494],[16.42012,48.23495],[16.42013,48.23497],[16.42014,48.23499],[16.42015,48.23501],[16.42014,48.23503],[16.42013,48.23505],[16.42012,48.23506],[16.42017,48.23508],[16.42039,48.23515],[16.42066,48.23524],[16.42075,48.23528],[16.42081,48.23531],[16.42087,48.23537],[16.42148,48.23598],[16.4216,48.23609],[16.4219,48.23637],[16.42218,48.23659],[16.42241,48.23677],[16.42274,48.237],[16.42292,48.23712],[16.42308,48.23722],[16.4234,48.2374],[16.42405,48.23774],[16.42451,48.23736]]}},{"type":"Feature","properties":{"lineId":"20B","name":"20B","longName":"Alte Donau - Neue Donau","mode":"bus","color":"#0A295D","stops":[{"name":"Neue Donau","lon":16.39521,"lat":48.24646},{"name":"Neue Donau","lon":16.3953,"lat":48.24649},{"name":"Angelibad","lon":16.40312,"lat":48.24707},{"name":"Donaupark Nord","lon":16.41406,"lat":48.24319},{"name":"Strandbad Alte Donau","lon":16.41648,"lat":48.2421},{"name":"Bundesbad Alte Donau","lon":16.42094,"lat":48.23996},{"name":"Alte Donau","lon":16.42366,"lat":48.23795}],"lengthKm":2.5},"geometry":{"type":"LineString","coordinates":[[16.39515,48.24647],[16.39516,48.24649],[16.39517,48.2465],[16.3952,48.24652],[16.39522,48.24653],[16.39525,48.24653],[16.39529,48.24654],[16.39531,48.24653],[16.39537,48.24652],[16.39538,48.24651],[16.39551,48.24638],[16.396,48.24592],[16.39617,48.246],[16.3966,48.24614],[16.39693,48.24625],[16.3971,48.24632],[16.39737,48.24642],[16.39771,48.24655],[16.39876,48.24691],[16.39977,48.24727],[16.3999,48.24731],[16.40003,48.24735],[16.40013,48.24737],[16.4004,48.24743],[16.40054,48.24744],[16.40063,48.24744],[16.40075,48.24744],[16.40086,48.24744],[16.40095,48.24743],[16.40111,48.24741],[16.40129,48.24739],[16.40139,48.24738],[16.4016,48.24737],[16.40202,48.24732],[16.40235,48.24727],[16.40253,48.24724],[16.40278,48.2472],[16.40295,48.24716],[16.40314,48.24712],[16.40341,48.24705],[16.40366,48.24699],[16.40401,48.24687],[16.40423,48.2468],[16.40443,48.24672],[16.4045,48.24669],[16.40458,48.24667],[16.40467,48.24664],[16.40474,48.24662],[16.40485,48.2466],[16.40524,48.24654],[16.40533,48.24652],[16.40547,48.24648],[16.40558,48.24646],[16.40592,48.24639],[16.40613,48.24635],[16.40634,48.2463],[16.40657,48.24623],[16.40672,48.24618],[16.40697,48.2461],[16.40717,48.24602],[16.40725,48.24599],[16.40732,48.24597],[16.40742,48.24593],[16.40818,48.24562],[16.40897,48.2453],[16.40903,48.24527],[16.40922,48.24518],[16.4093,48.24515],[16.40998,48.24487],[16.41005,48.24484],[16.41016,48.24481],[16.41043,48.24473],[16.4108,48.2446],[16.41139,48.2444],[16.41181,48.24424],[16.41187,48.24421],[16.41191,48.24419],[16.41196,48.24415],[16.41201,48.24412],[16.41209,48.24409],[16.41249,48.24394],[16.41264,48.24388],[16.41349,48.24351],[16.41411,48.24324],[16.41534,48.24269],[16.41652,48.24214],[16.42006,48.24048],[16.42045,48.24029],[16.42069,48.24017],[16.421,48.24],[16.42116,48.23991],[16.42158,48.23966],[16.42186,48.23948],[16.42208,48.23933],[16.42226,48.2392],[16.42248,48.23904],[16.42298,48.23865],[16.42313,48.23852],[16.42373,48.23799]]}},{"type":"Feature","properties":{"lineId":"22A","name":"22A","longName":"Kagran - Aspernstraße","mode":"bus","color":"#0A295D","stops":[{"name":"Kagran","lon":16.4332,"lat":48.24366},{"name":"Kagraner Platz","lon":16.44336,"lat":48.25056},{"name":"Kraygasse","lon":16.44878,"lat":48.24866},{"name":"Afritschgasse","lon":16.45175,"lat":48.24673},{"name":"Pogrelzstraße","lon":16.45591,"lat":48.24339},{"name":"Marietta-Blau-Gasse","lon":16.45927,"lat":48.24109},{"name":"Süßenbrunner Straße","lon":16.4617,"lat":48.23677},{"name":"Hirschstetten Ort","lon":16.46606,"lat":48.23487},{"name":"Hirschstetten","lon":16.46758,"lat":48.23337},{"name":"Guido-Lammer-Gasse","lon":16.47158,"lat":48.23276},{"name":"Contiweg","lon":16.47013,"lat":48.2307},{"name":"Gotthelfgasse","lon":16.47297,"lat":48.22695},{"name":"Haschafeld","lon":16.47488,"lat":48.22533},{"name":"Aspernstraße","lon":16.47543,"lat":48.22299}],"lengthKm":6.4},"geometry":{"type":"LineString","coordinates":[[16.43318,48.24368],[16.43337,48.24382],[16.43343,48.24385],[16.43353,48.24387],[16.43359,48.2439],[16.43366,48.24393],[16.43374,48.24398],[16.43394,48.24414],[16.43405,48.24424],[16.43408,48.24427],[16.43424,48.24428],[16.4346,48.24475],[16.43515,48.24456],[16.43529,48.24451],[16.43543,48.24446],[16.43701,48.24374],[16.43724,48.24364],[16.43841,48.24481],[16.44028,48.24666],[16.44127,48.24766],[16.44218,48.24856],[16.44278,48.24918],[16.44306,48.24952],[16.44347,48.24999],[16.44337,48.25003],[16.4433,48.25004],[16.44324,48.25006],[16.44317,48.25007],[16.44327,48.2502],[16.44317,48.25025],[16.44313,48.25029],[16.44311,48.25033],[16.44313,48.25039],[16.44316,48.25044],[16.44329,48.25059],[16.44366,48.25104],[16.44369,48.25108],[16.44371,48.25114],[16.4438,48.25117],[16.44384,48.25118],[16.4439,48.25118],[16.444,48.25116],[16.44407,48.25114],[16.44414,48.25108],[16.44433,48.25103],[16.44347,48.24999],[16.4436,48.24995],[16.44382,48.24989],[16.44578,48.24944],[16.44588,48.24941],[16.44596,48.24946],[16.44634,48.24936],[16.44658,48.2493],[16.44703,48.24918],[16.44775,48.249],[16.44882,48.24874],[16.44913,48.24867],[16.44932,48.24863],[16.44933,48.24856],[16.44947,48.24853],[16.44977,48.24848],[16.45002,48.24845],[16.45025,48.24843],[16.45046,48.24841],[16.45071,48.2484],[16.45144,48.24838],[16.45159,48.24837],[16.45185,48.24834],[16.45198,48.24831],[16.45161,48.24786],[16.45157,48.24779],[16.45155,48.24775],[16.45153,48.24768],[16.45153,48.24763],[16.45154,48.24754],[16.45156,48.24749],[16.45176,48.24691],[16.45185,48.24677],[16.4519,48.24668],[16.45201,48.24652],[16.45215,48.24636],[16.45234,48.24618],[16.45244,48.24608],[16.45245,48.24606],[16.45247,48.24604],[16.45244,48.24603],[16.45242,48.24601],[16.4524,48.246],[16.45239,48.24598],[16.45238,48.24597],[16.45238,48.24595],[16.45238,48.24593],[16.45239,48.24591],[16.4524,48.2459],[16.45242,48.24588],[16.45244,48.24587],[16.45247,48.24586],[16.45249,48.24585],[16.45252,48.24585],[16.45255,48.24585],[16.45257,48.24586],[16.4526,48.24587],[16.45262,48.24588],[16.45265,48.24587],[16.4527,48.24584],[16.45276,48.24581],[16.45309,48.24554],[16.45332,48.24535],[16.45421,48.24462],[16.4543,48.24455],[16.45476,48.24423],[16.45557,48.24371],[16.45582,48.24356],[16.45599,48.24345],[16.45625,48.24329],[16.45634,48.24324],[16.45774,48.24231],[16.45841,48.24184],[16.45904,48.2414],[16.45938,48.24115],[16.45988,48.24079],[16.46038,48.24046],[16.46047,48.2404],[16.46062,48.24032],[16.46072,48.24028],[16.46083,48.24024],[16.46354,48.23933],[16.46376,48.23923],[16.4636,48.23904],[16.46354,48.23898],[16.46342,48.23888],[16.4633,48.23881],[16.46318,48.23875],[16.46256,48.2385],[16.46237,48.23841],[16.46138,48.23789],[16.46122,48.23781],[16.4618,48.23679],[16.46219,48.23611],[16.46228,48.23602],[16.46234,48.23594],[16.46235,48.23586],[16.46236,48.23578],[16.46237,48.2356],[16.46234,48.23556],[16.46252,48.23546],[16.46259,48.23542],[16.46268,48.23538],[16.4628,48.23534],[16.46289,48.23532],[16.46299,48.2353],[16.4631,48.23529],[16.46323,48.23528],[16.46431,48.23526],[16.46458,48.23525],[16.46475,48.23523],[16.46494,48.23521],[16.46517,48.23518],[16.46536,48.23515],[16.46566,48.23509],[16.46581,48.23506],[16.46597,48.235],[16.46602,48.23497],[16.46612,48.23492],[16.46622,48.23486],[16.46633,48.23481],[16.46637,48.2348],[16.46648,48.23478],[16.46648,48.23473],[16.46648,48.2347],[16.4665,48.23468],[16.46651,48.23466],[16.46654,48.23464],[16.46702,48.23435],[16.46713,48.23427],[16.46717,48.23423],[16.4672,48.2342],[16.46766,48.23339],[16.4677,48.23331],[16.46782,48.23308],[16.46787,48.23299],[16.46794,48.23301],[16.46805,48.23301],[16.46823,48.23302],[16.4683,48.23301],[16.46846,48.233],[16.46875,48.23297],[16.46892,48.23296],[16.46914,48.23297],[16.47164,48.23307],[16.47169,48.23279],[16.47168,48.23275],[16.47167,48.23264],[16.47167,48.23262],[16.47165,48.23256],[16.47163,48.23251],[16.4716,48.23246],[16.47154,48.23238],[16.47132,48.23213],[16.47109,48.23182],[16.47029,48.23075],[16.47022,48.23066],[16.46993,48.23029],[16.46984,48.23018],[16.46976,48.23011],[16.46973,48.23007],[16.46969,48.23004],[16.46965,48.23002],[16.46961,48.22996],[16.4727,48.22728],[16.47274,48.22723],[16.47303,48.22698],[16.47308,48.22693],[16.47328,48.2268],[16.47344,48.22668],[16.47358,48.22657],[16.47497,48.22538],[16.4751,48.22527],[16.47507,48.22525],[16.47506,48.22524],[16.47505,48.22522],[16.47505,48.2252],[16.47505,48.22518],[16.47506,48.22517],[16.47507,48.22515],[16.47509,48.22514],[16.47511,48.22513],[16.47513,48.22512],[16.47515,48.22511],[16.47518,48.22511],[16.47521,48.22511],[16.47523,48.22512],[16.47526,48.22513],[16.47541,48.225],[16.47548,48.22493],[16.47572,48.2247],[16.47575,48.22466],[16.47578,48.22462],[16.47585,48.22454],[16.4762,48.22421],[16.47627,48.22415],[16.47636,48.22408],[16.4755,48.22296]]}},{"type":"Feature","properties":{"lineId":"24A","name":"24A","longName":"Kagraner Platz - Neueßling","mode":"bus","color":"#0A295D","stops":[{"name":"Kagraner Platz","lon":16.44363,"lat":48.25088},{"name":"Kraygasse","lon":16.44878,"lat":48.24866},{"name":"Markomannenstraße","lon":16.45495,"lat":48.2502},{"name":"Ludwig-Reindl-Gasse","lon":16.46027,"lat":48.25155},{"name":"Gewerbepark Kagran","lon":16.46931,"lat":48.25153},{"name":"Tierquartier","lon":16.4744,"lat":48.25167},{"name":"Breitenlee, Arnikaweg","lon":16.4795,"lat":48.25139},{"name":"Breitenlee, Spargelfeldstraße","lon":16.48338,"lat":48.25141},{"name":"Breitenlee, Ziegelhofstraße","lon":16.48841,"lat":48.25132},{"name":"Breitenlee Friedhof","lon":16.49299,"lat":48.25111},{"name":"Breitenlee Ort","lon":16.49731,"lat":48.25113},{"name":"Breitenlee Schule","lon":16.50095,"lat":48.25119},{"name":"Agavenweg","lon":16.50635,"lat":48.25105},{"name":"Agrarweg","lon":16.5253,"lat":48.24978},{"name":"Neueßling","lon":16.53215,"lat":48.24941}],"lengthKm":7.1},"geometry":{"type":"LineString","coordinates":[[16.44356,48.25091],[16.44366,48.25104],[16.44369,48.25108],[16.44371,48.25114],[16.4438,48.25117],[16.44384,48.25118],[16.4439,48.25118],[16.444,48.25116],[16.44407,48.25114],[16.44414,48.25108],[16.44433,48.25103],[16.44347,48.24999],[16.4436,48.24995],[16.44382,48.24989],[16.44578,48.24944],[16.44588,48.24941],[16.44596,48.24946],[16.44634,48.24936],[16.44658,48.2493],[16.44703,48.24918],[16.44775,48.249],[16.44882,48.24874],[16.44913,48.24867],[16.44932,48.24863],[16.44933,48.24856],[16.44947,48.24853],[16.44977,48.24848],[16.45002,48.24845],[16.45025,48.24843],[16.45046,48.24841],[16.45071,48.2484],[16.45144,48.24838],[16.45159,48.24837],[16.45185,48.24834],[16.45198,48.24831],[16.45203,48.24834],[16.45213,48.24846],[16.45229,48.24865],[16.45237,48.24873],[16.45247,48.24883],[16.45259,48.24893],[16.45275,48.24906],[16.45305,48.24931],[16.45344,48.24962],[16.45354,48.24969],[16.45363,48.24974],[16.45395,48.24988],[16.45413,48.24997],[16.45433,48.25005],[16.4547,48.2502],[16.4549,48.25027],[16.45528,48.25041],[16.4554,48.25044],[16.45569,48.25052],[16.45599,48.2506],[16.4575,48.25098],[16.45818,48.25114],[16.45846,48.25122],[16.45952,48.25147],[16.45971,48.25152],[16.46023,48.25164],[16.46051,48.2517],[16.46062,48.25172],[16.46076,48.25174],[16.46149,48.25186],[16.46167,48.25189],[16.46216,48.25197],[16.4629,48.25212],[16.46302,48.25214],[16.46312,48.25215],[16.46324,48.25215],[16.46333,48.25214],[16.46341,48.25214],[16.46385,48.25207],[16.46414,48.25203],[16.46528,48.25187],[16.46548,48.25184],[16.46587,48.25176],[16.46634,48.25169],[16.46681,48.25164],[16.46744,48.2516],[16.46798,48.25159],[16.4687,48.25159],[16.46882,48.25162],[16.46901,48.2516],[16.4693,48.25161],[16.47036,48.25165],[16.47108,48.25169],[16.47136,48.25171],[16.47219,48.25176],[16.47297,48.25177],[16.47381,48.25176],[16.47411,48.25175],[16.47441,48.25173],[16.47476,48.2517],[16.47579,48.25163],[16.476,48.25161],[16.47617,48.25158],[16.4772,48.25149],[16.47732,48.25147],[16.47743,48.25146],[16.47767,48.25145],[16.47949,48.25145],[16.48006,48.25146],[16.4802,48.25145],[16.48094,48.25146],[16.48294,48.25147],[16.48309,48.25146],[16.48338,48.25146],[16.48374,48.25147],[16.48643,48.25141],[16.48749,48.2514],[16.48841,48.25138],[16.48867,48.25138],[16.48884,48.25135],[16.48966,48.25126],[16.49029,48.2512],[16.4906,48.25119],[16.49089,48.25117],[16.49116,48.25116],[16.49147,48.25115],[16.49189,48.25115],[16.4926,48.25116],[16.49298,48.25117],[16.49313,48.25117],[16.49325,48.25117],[16.49369,48.25118],[16.49377,48.25117],[16.49386,48.25117],[16.49394,48.25117],[16.49404,48.25117],[16.49447,48.25118],[16.49477,48.25119],[16.49618,48.25118],[16.49718,48.25117],[16.4973,48.25118],[16.49753,48.2512],[16.49771,48.25122],[16.49803,48.25123],[16.49854,48.25124],[16.50002,48.25123],[16.50028,48.25124],[16.50062,48.25124],[16.50095,48.25123],[16.50228,48.25121],[16.50261,48.25121],[16.50457,48.25115],[16.50637,48.2511],[16.5072,48.25108],[16.50828,48.25105],[16.50891,48.25101],[16.51018,48.2509],[16.51072,48.25087],[16.51125,48.25086],[16.51268,48.25087],[16.51344,48.25086],[16.51422,48.2508],[16.51502,48.25067],[16.51575,48.25049],[16.51616,48.25044],[16.51705,48.25042],[16.51875,48.25048],[16.5246,48.24991],[16.52531,48.24982],[16.5281,48.24948],[16.52869,48.24941],[16.52919,48.24936],[16.52984,48.24931],[16.53068,48.24925],[16.53119,48.24922],[16.5316,48.2492],[16.53188,48.24919],[16.53255,48.24918],[16.53263,48.2494],[16.53252,48.24943],[16.53243,48.24944],[16.53238,48.24945],[16.53234,48.24944],[16.53229,48.24943],[16.53219,48.24937]]}},{"type":"Feature","properties":{"lineId":"25A","name":"25A","longName":"Rennbahnweg - Süßenbrunner Platz","mode":"bus","color":"#0A295D","stops":[{"name":"Süßenbrunn, Sportpark","lon":16.49928,"lat":48.28515},{"name":"Süßenbrunner Platz","lon":16.49593,"lat":48.2773},{"name":"Bettelheimstraße","lon":16.49199,"lat":48.27956},{"name":"Stallarngasse","lon":16.4876,"lat":48.28291},{"name":"Süßenbrunn","lon":16.48472,"lat":48.28506},{"name":"Stallarngasse","lon":16.48752,"lat":48.28285},{"name":"Bettelheimstraße","lon":16.49216,"lat":48.27932},{"name":"Badeteich Süßenbrunn","lon":16.48759,"lat":48.27774},{"name":"Campingplatzweg","lon":16.47985,"lat":48.27576},{"name":"Wagramer Straße/Ostbahn","lon":16.47617,"lat":48.27535},{"name":"Percostraße","lon":16.46495,"lat":48.26876},{"name":"Lichtblaustraße","lon":16.46515,"lat":48.26771},{"name":"Niedermoserstraße","lon":16.45939,"lat":48.26507},{"name":"Obachgasse","lon":16.46477,"lat":48.26257},{"name":"Voitgasse","lon":16.46092,"lat":48.26255},{"name":"Tillmanngasse","lon":16.45736,"lat":48.25914},{"name":"Puchgasse","lon":16.45518,"lat":48.2602},{"name":"Puchgasse/Maculangasse","lon":16.45604,"lat":48.26143},{"name":"Maculangasse","lon":16.45404,"lat":48.26242},{"name":"Rennbahnweg U","lon":16.44873,"lat":48.25707},{"name":"Doningasse","lon":16.44105,"lat":48.25179},{"name":"Kagraner Platz","lon":16.44345,"lat":48.25115}],"lengthKm":10.9},"geometry":{"type":"LineString","coordinates":[[16.49927,48.28518],[16.49934,48.2852],[16.49938,48.28522],[16.49946,48.28534],[16.49917,48.28542],[16.49905,48.28548],[16.4977,48.28383],[16.49737,48.28341],[16.49726,48.28329],[16.49723,48.2833],[16.49715,48.28332],[16.49709,48.28333],[16.49705,48.28333],[16.497,48.2833],[16.49696,48.28328],[16.49692,48.28325],[16.49686,48.28319],[16.49655,48.2828],[16.49641,48.28264],[16.49605,48.28223],[16.49554,48.28165],[16.49519,48.28128],[16.49493,48.28099],[16.49478,48.28083],[16.49462,48.28067],[16.49442,48.28048],[16.49406,48.28013],[16.49378,48.27987],[16.49361,48.27971],[16.49348,48.27958],[16.49343,48.27951],[16.49342,48.27946],[16.49342,48.27941],[16.49344,48.27937],[16.49346,48.27933],[16.49351,48.27929],[16.49343,48.2792],[16.49331,48.27907],[16.49306,48.27883],[16.49296,48.27875],[16.4934,48.27852],[16.49383,48.27831],[16.49443,48.27802],[16.4946,48.27795],[16.49499,48.2778],[16.49512,48.27776],[16.49522,48.27773],[16.49533,48.2777],[16.49544,48.27768],[16.49554,48.27766],[16.49583,48.27762],[16.49617,48.27758],[16.49618,48.27749],[16.4962,48.27741],[16.49621,48.27736],[16.49624,48.2773],[16.49612,48.27724],[16.49592,48.27726],[16.49519,48.27732],[16.4952,48.27737],[16.49529,48.27763],[16.49533,48.2777],[16.49512,48.27776],[16.49499,48.2778],[16.4946,48.27795],[16.49443,48.27802],[16.49383,48.27831],[16.4934,48.27852],[16.49256,48.27897],[16.49249,48.27899],[16.49242,48.27901],[16.49242,48.27906],[16.49243,48.27909],[16.49242,48.27913],[16.49241,48.27917],[16.49237,48.2792],[16.4921,48.27942],[16.49196,48.27953],[16.48775,48.28274],[16.48755,48.28289],[16.48624,48.28389],[16.48566,48.28433],[16.48529,48.28461],[16.48523,48.28465],[16.4852,48.28467],[16.48511,48.28471],[16.485,48.28475],[16.48489,48.28477],[16.48492,48.28487],[16.48469,48.28504],[16.48463,48.28508],[16.48459,48.28511],[16.48454,48.28512],[16.48449,48.28513],[16.48445,48.28512],[16.48442,48.28512],[16.48439,48.2851],[16.48436,48.28508],[16.48434,48.28506],[16.48433,48.28504],[16.48433,48.28501],[16.48433,48.28498],[16.48434,48.28497],[16.48437,48.28494],[16.48441,48.28492],[16.48446,48.2849],[16.4845,48.2849],[16.48455,48.28491],[16.48461,48.28493],[16.48474,48.285],[16.48483,48.28494],[16.48492,48.28487],[16.48489,48.28477],[16.485,48.28475],[16.48511,48.28471],[16.4852,48.28467],[16.48523,48.28465],[16.48529,48.28461],[16.48566,48.28433],[16.48624,48.28389],[16.48745,48.28297],[16.48757,48.28288],[16.48775,48.28274],[16.4921,48.27942],[16.4922,48.27934],[16.49237,48.2792],[16.49241,48.27917],[16.49242,48.27913],[16.49243,48.27909],[16.49242,48.27906],[16.49242,48.27901],[16.4923,48.27902],[16.49223,48.27902],[16.49213,48.27902],[16.49202,48.27901],[16.49191,48.27899],[16.48763,48.27769],[16.48291,48.27627],[16.48162,48.2759],[16.48139,48.27586],[16.48098,48.27578],[16.48047,48.27573],[16.47987,48.27567],[16.47967,48.27565],[16.47836,48.2755],[16.47666,48.27533],[16.47618,48.27528],[16.47545,48.27521],[16.47525,48.27519],[16.47469,48.27517],[16.47456,48.27516],[16.4745,48.27515],[16.47436,48.27513],[16.47418,48.27509],[16.47407,48.27507],[16.4739,48.27502],[16.47362,48.27494],[16.47344,48.27488],[16.47304,48.27472],[16.47286,48.27467],[16.47252,48.27448],[16.47207,48.2742],[16.47187,48.27405],[16.47161,48.27383],[16.47144,48.2737],[16.47117,48.2735],[16.4709,48.2733],[16.4707,48.27318],[16.47041,48.27302],[16.47009,48.27286],[16.46968,48.27267],[16.4682,48.272],[16.46772,48.27179],[16.46741,48.27164],[16.46719,48.27152],[16.46687,48.27133],[16.46498,48.2702],[16.46467,48.27],[16.46398,48.26958],[16.46501,48.26879],[16.46569,48.26829],[16.46576,48.26821],[16.46572,48.26819],[16.46571,48.26818],[16.4657,48.26816],[16.46569,48.26814],[16.4657,48.26812],[16.4657,48.26811],[16.46573,48.26808],[16.46565,48.26803],[16.46526,48.26766],[16.46499,48.2674],[16.46477,48.26716],[16.46458,48.26694],[16.46435,48.26666],[16.46429,48.26658],[16.46416,48.26662],[16.46301,48.26701],[16.46291,48.26703],[16.46281,48.26703],[16.46271,48.26699],[16.46261,48.26694],[16.45944,48.26503],[16.4591,48.26483],[16.45922,48.26476],[16.46215,48.26377],[16.46409,48.2631],[16.46505,48.26277],[16.46487,48.26253],[16.46482,48.26246],[16.46438,48.26185],[16.46336,48.26211],[16.46253,48.26235],[16.46188,48.26255],[16.4612,48.26278],[16.46101,48.26252],[16.46094,48.26242],[16.46063,48.26196],[16.45974,48.26057],[16.45929,48.25986],[16.45855,48.25869],[16.45731,48.25908],[16.45485,48.25985],[16.45511,48.26022],[16.45597,48.26145],[16.45613,48.26169],[16.454,48.26236],[16.45309,48.26265],[16.453,48.26257],[16.45263,48.26218],[16.45245,48.26198],[16.45227,48.26178],[16.452,48.26143],[16.45161,48.26092],[16.45158,48.26087],[16.45153,48.26079],[16.45036,48.25913],[16.45029,48.25905],[16.45019,48.2589],[16.44887,48.25702],[16.44866,48.25673],[16.4466,48.25395],[16.44637,48.25366],[16.44603,48.25378],[16.44571,48.25388],[16.44538,48.25396],[16.44518,48.25401],[16.44502,48.25405],[16.44477,48.25409],[16.4446,48.25411],[16.44416,48.25417],[16.4437,48.2542],[16.44339,48.25421],[16.44328,48.25422],[16.44318,48.25424],[16.44307,48.25424],[16.443,48.25419],[16.44237,48.25334],[16.44223,48.25315],[16.44128,48.25192],[16.44115,48.25175],[16.44103,48.25159],[16.44107,48.25158],[16.44139,48.25154],[16.44178,48.25148],[16.44206,48.25144],[16.44238,48.25139],[16.44269,48.25133],[16.4432,48.25123],[16.44347,48.25118]]}},{"type":"Feature","properties":{"lineId":"25B","name":"25B","longName":"Süßenbrunner Platz - Gerasdorf Postamt","mode":"bus","color":null,"stops":[{"name":"Gerasdorf Postamt","lon":16.46836,"lat":48.2946},{"name":"Gerasdorf Mittelschule","lon":16.47133,"lat":48.29436},{"name":"Gerasdorf Josef-Böck-Gasse","lon":16.47856,"lat":48.29348},{"name":"Gerasdorf Bahnhof","lon":16.48321,"lat":48.29297},{"name":"Schattenfrohgasse","lon":16.48252,"lat":48.28664},{"name":"Süßenbrunn","lon":16.48472,"lat":48.28506},{"name":"Stallarngasse","lon":16.48752,"lat":48.28285},{"name":"Bettelheimstraße","lon":16.49216,"lat":48.27932},{"name":"Bettelheimstraße","lon":16.49275,"lat":48.27879},{"name":"Weingartenallee","lon":16.49667,"lat":48.28252},{"name":"Süßenbrunn, Sportpark","lon":16.49928,"lat":48.28515},{"name":"Süßenbrunner Platz","lon":16.49593,"lat":48.2773}],"lengthKm":5.4},"geometry":{"type":"LineString","coordinates":[[16.46837,48.29466],[16.4697,48.29453],[16.47084,48.29444],[16.47133,48.29439],[16.47161,48.29437],[16.47204,48.29435],[16.47242,48.29432],[16.4729,48.29425],[16.47578,48.29378],[16.47673,48.29363],[16.47698,48.2936],[16.47753,48.29355],[16.47793,48.29354],[16.47856,48.29353],[16.47885,48.29353],[16.4795,48.2935],[16.48019,48.29344],[16.48068,48.29338],[16.48131,48.29328],[16.48143,48.29327],[16.48323,48.293],[16.48367,48.29293],[16.48371,48.29293],[16.48362,48.29275],[16.48315,48.29168],[16.48275,48.29082],[16.48245,48.29023],[16.48208,48.28945],[16.48205,48.28933],[16.48194,48.28905],[16.48168,48.28775],[16.48165,48.28769],[16.4816,48.28764],[16.48167,48.28761],[16.48171,48.28758],[16.48185,48.28748],[16.48191,48.28742],[16.48195,48.28736],[16.48214,48.28708],[16.4822,48.28702],[16.48225,48.28696],[16.48239,48.28684],[16.48259,48.28669],[16.48299,48.28638],[16.48313,48.28627],[16.4833,48.28606],[16.48332,48.28596],[16.48333,48.28569],[16.48335,48.28552],[16.48341,48.28537],[16.4836,48.28498],[16.48366,48.28486],[16.48372,48.28481],[16.48462,48.2848],[16.48473,48.28479],[16.48489,48.28477],[16.48492,48.28487],[16.48469,48.28504],[16.48463,48.28508],[16.48459,48.28511],[16.48454,48.28512],[16.48449,48.28513],[16.48445,48.28512],[16.48442,48.28512],[16.48439,48.2851],[16.48436,48.28508],[16.48434,48.28506],[16.48433,48.28504],[16.48433,48.28501],[16.48433,48.28498],[16.48434,48.28497],[16.48437,48.28494],[16.48441,48.28492],[16.48446,48.2849],[16.4845,48.2849],[16.48455,48.28491],[16.48461,48.28493],[16.48474,48.285],[16.48483,48.28494],[16.48492,48.28487],[16.48489,48.28477],[16.485,48.28475],[16.48511,48.28471],[16.4852,48.28467],[16.48523,48.28465],[16.48529,48.28461],[16.48566,48.28433],[16.48624,48.28389],[16.48745,48.28297],[16.48757,48.28288],[16.48775,48.28274],[16.4921,48.27942],[16.4922,48.27934],[16.49237,48.2792],[16.49241,48.27917],[16.49242,48.27913],[16.49243,48.27909],[16.49242,48.27906],[16.49242,48.27901],[16.49249,48.27899],[16.49256,48.27897],[16.4928,48.27883],[16.49296,48.27875],[16.49306,48.27883],[16.49331,48.27907],[16.49343,48.2792],[16.49351,48.27929],[16.4944,48.28018],[16.4944,48.28017],[16.49505,48.28079],[16.49525,48.281],[16.49542,48.28118],[16.49661,48.28254],[16.4969,48.28286],[16.49703,48.28301],[16.49726,48.28329],[16.49733,48.28327],[16.4974,48.28326],[16.49747,48.28329],[16.49752,48.28333],[16.49847,48.2845],[16.49878,48.28488],[16.49895,48.2851],[16.49898,48.28513],[16.49902,48.28514],[16.49907,48.28515],[16.49914,48.28516],[16.49927,48.28518],[16.49934,48.2852],[16.49938,48.28522],[16.49946,48.28534],[16.49917,48.28542],[16.49905,48.28548],[16.4977,48.28383],[16.49737,48.28341],[16.49726,48.28329],[16.49723,48.2833],[16.49715,48.28332],[16.49709,48.28333],[16.49705,48.28333],[16.497,48.2833],[16.49696,48.28328],[16.49692,48.28325],[16.49686,48.28319],[16.49655,48.2828],[16.49641,48.28264],[16.49605,48.28223],[16.49554,48.28165],[16.49519,48.28128],[16.49493,48.28099],[16.49478,48.28083],[16.49462,48.28067],[16.49442,48.28048],[16.49406,48.28013],[16.49378,48.27987],[16.49361,48.27971],[16.49348,48.27958],[16.49343,48.27951],[16.49342,48.27946],[16.49342,48.27941],[16.49344,48.27937],[16.49346,48.27933],[16.49351,48.27929],[16.49343,48.2792],[16.49331,48.27907],[16.49306,48.27883],[16.49296,48.27875],[16.4934,48.27852],[16.49383,48.27831],[16.49443,48.27802],[16.4946,48.27795],[16.49499,48.2778],[16.49512,48.27776],[16.49522,48.27773],[16.49533,48.2777],[16.49544,48.27768],[16.49554,48.27766],[16.49583,48.27762],[16.49617,48.27758],[16.49618,48.27749],[16.4962,48.27741],[16.49621,48.27736],[16.49624,48.2773],[16.49612,48.27724],[16.49592,48.27726]]}},{"type":"Feature","properties":{"lineId":"26A","name":"26A","longName":"Kagran - Groß-Enzersdorf Busbahnhof","mode":"bus","color":"#0A295D","stops":[{"name":"Groß-Enzersdorf Busbahnhof","lon":16.5494,"lat":48.19981},{"name":"Groß-Enzersdorf Stadtmauer","lon":16.54905,"lat":48.2054},{"name":"Eßling, Stadtgrenze","lon":16.53969,"lat":48.20864},{"name":"Englisch-Feld-Gasse","lon":16.53639,"lat":48.20988},{"name":"Podlahagasse","lon":16.53339,"lat":48.21098},{"name":"Seefeldergasse","lon":16.52947,"lat":48.21288},{"name":"Eßling Schule","lon":16.52655,"lat":48.2141},{"name":"Kirschenallee","lon":16.51929,"lat":48.2146},{"name":"Lannesstraße","lon":16.50979,"lat":48.21492},{"name":"Flugfeldstraße","lon":16.50474,"lat":48.21569},{"name":"Saltenstraße","lon":16.49837,"lat":48.21658},{"name":"Lohwaggasse","lon":16.49231,"lat":48.21741},{"name":"Siegesplatz","lon":16.48542,"lat":48.21771},{"name":"Haberlandtgasse","lon":16.48159,"lat":48.21972},{"name":"Aspernstraße","lon":16.47436,"lat":48.2224},{"name":"Zschokkegasse","lon":16.46969,"lat":48.22405},{"name":"Hartlebengasse","lon":16.46432,"lat":48.22591},{"name":"Konstanziagasse","lon":16.45891,"lat":48.22783},{"name":"Erzherzog-Karl-Straße","lon":16.45307,"lat":48.22969},{"name":"Polgarstraße","lon":16.44887,"lat":48.23175},{"name":"Donaustadtstraße","lon":16.44499,"lat":48.23336},{"name":"Häußlergasse","lon":16.43961,"lat":48.23852},{"name":"Bernoullistraße","lon":16.43697,"lat":48.24016},{"name":"Siebeckstraße","lon":16.43441,"lat":48.24229},{"name":"Kagran","lon":16.43339,"lat":48.24354},{"name":"Kagran","lon":16.43369,"lat":48.24336}],"lengthKm":11.1},"geometry":{"type":"LineString","coordinates":[[16.5495,48.19985],[16.54962,48.19974],[16.54977,48.19964],[16.54993,48.19975],[16.55013,48.19988],[16.55028,48.20002],[16.55039,48.20016],[16.55041,48.2002],[16.55054,48.20062],[16.55064,48.20096],[16.55072,48.20112],[16.55068,48.20113],[16.55061,48.20115],[16.55052,48.2012],[16.55045,48.20125],[16.55034,48.20135],[16.55026,48.20144],[16.55021,48.2015],[16.55018,48.20156],[16.55017,48.20163],[16.55016,48.20173],[16.55015,48.20183],[16.55017,48.20192],[16.55019,48.20208],[16.5502,48.20229],[16.5502,48.20247],[16.5502,48.20261],[16.55027,48.20329],[16.55028,48.20347],[16.5503,48.20369],[16.5503,48.20382],[16.55028,48.20391],[16.55024,48.204],[16.55017,48.20409],[16.54973,48.20466],[16.54929,48.20512],[16.54916,48.20525],[16.54908,48.2053],[16.54899,48.20535],[16.54889,48.20539],[16.54869,48.20547],[16.54852,48.20553],[16.54792,48.20574],[16.54773,48.20581],[16.5468,48.20616],[16.54662,48.20622],[16.54628,48.2063],[16.54587,48.20642],[16.5455,48.20658],[16.54502,48.20673],[16.54446,48.20691],[16.54375,48.20713],[16.54377,48.20716],[16.54378,48.20718],[16.54378,48.2072],[16.54378,48.20722],[16.54377,48.20725],[16.54375,48.20727],[16.54373,48.2073],[16.5437,48.20732],[16.54367,48.20733],[16.54361,48.20735],[16.54357,48.20735],[16.54353,48.20735],[16.54349,48.20735],[16.54342,48.20732],[16.54339,48.20731],[16.54337,48.20729],[16.54336,48.20727],[16.54324,48.2073],[16.54272,48.20749],[16.54082,48.20812],[16.5404,48.20827],[16.53999,48.20843],[16.53964,48.20856],[16.53732,48.20943],[16.53632,48.20981],[16.53487,48.21036],[16.5346,48.21047],[16.53368,48.21081],[16.53335,48.21093],[16.53315,48.21101],[16.53262,48.21124],[16.53211,48.21148],[16.53053,48.21224],[16.5297,48.21267],[16.52954,48.21273],[16.52939,48.2128],[16.52804,48.21345],[16.52779,48.21357],[16.52762,48.21364],[16.52715,48.21382],[16.5265,48.21404],[16.52517,48.2145],[16.52493,48.21458],[16.52477,48.21461],[16.52467,48.21462],[16.52446,48.21464],[16.52274,48.21465],[16.52224,48.21465],[16.52216,48.21465],[16.52183,48.21462],[16.52139,48.21459],[16.52105,48.21458],[16.52058,48.21457],[16.5202,48.21455],[16.51961,48.21452],[16.5193,48.21451],[16.51868,48.21448],[16.51847,48.21448],[16.51819,48.21448],[16.51739,48.21451],[16.51639,48.21455],[16.51304,48.21466],[16.51303,48.21466],[16.5104,48.21474],[16.5101,48.21477],[16.50976,48.21481],[16.50944,48.21486],[16.50727,48.21517],[16.506,48.21536],[16.50469,48.21557],[16.50425,48.21564],[16.4999,48.21625],[16.49833,48.21647],[16.49464,48.21698],[16.4927,48.21726],[16.49255,48.21727],[16.49231,48.21729],[16.49211,48.21728],[16.49188,48.21726],[16.49176,48.21724],[16.49104,48.21707],[16.49086,48.21704],[16.49069,48.217],[16.49045,48.21696],[16.49026,48.21693],[16.49012,48.21692],[16.48999,48.21692],[16.48976,48.21692],[16.48951,48.21695],[16.48928,48.217],[16.4891,48.21703],[16.48815,48.21721],[16.488,48.21724],[16.48715,48.21737],[16.48651,48.21746],[16.48539,48.21761],[16.48523,48.21763],[16.48405,48.21782],[16.48371,48.21787],[16.48361,48.21805],[16.48336,48.21837],[16.48325,48.21849],[16.48307,48.21866],[16.48302,48.21871],[16.48295,48.21875],[16.48175,48.21953],[16.48152,48.21966],[16.48128,48.21979],[16.48119,48.21984],[16.48108,48.21988],[16.48099,48.21992],[16.48072,48.22002],[16.47929,48.22051],[16.47827,48.22088],[16.47737,48.22121],[16.47483,48.22211],[16.47428,48.2223],[16.47286,48.22279],[16.47139,48.22332],[16.47029,48.2237],[16.47023,48.22372],[16.4696,48.22393],[16.46919,48.22407],[16.46472,48.22564],[16.46423,48.22581],[16.46331,48.22613],[16.46276,48.22633],[16.46103,48.22694],[16.46059,48.2271],[16.46049,48.22713],[16.45953,48.22749],[16.45907,48.22767],[16.45884,48.22775],[16.45791,48.22808],[16.45645,48.22857],[16.45614,48.22866],[16.45551,48.22882],[16.45544,48.2289],[16.45393,48.22942],[16.4535,48.22958],[16.45311,48.22974],[16.45255,48.22998],[16.45136,48.23054],[16.45107,48.23068],[16.45094,48.23074],[16.45075,48.23086],[16.45059,48.23082],[16.4497,48.23123],[16.44913,48.23148],[16.44877,48.23163],[16.44781,48.23204],[16.44652,48.23255],[16.44488,48.23324],[16.44412,48.23356],[16.44363,48.23375],[16.44364,48.23406],[16.4436,48.2343],[16.44353,48.2345],[16.44345,48.23466],[16.44338,48.23478],[16.44331,48.23487],[16.44326,48.23497],[16.44243,48.23583],[16.44208,48.23622],[16.44211,48.23639],[16.442,48.23651],[16.44155,48.23699],[16.44139,48.23713],[16.44127,48.23725],[16.44099,48.23749],[16.4408,48.23764],[16.44058,48.23781],[16.44034,48.23798],[16.44,48.23821],[16.4397,48.2384],[16.43956,48.23849],[16.43884,48.23894],[16.43839,48.23922],[16.43819,48.23933],[16.43803,48.23921],[16.43742,48.23962],[16.43681,48.24008],[16.43652,48.2403],[16.43464,48.24181],[16.43458,48.24186],[16.4342,48.24217],[16.43342,48.24281],[16.43329,48.2429],[16.43286,48.24313],[16.43299,48.24328],[16.43301,48.24334],[16.43306,48.24339],[16.43313,48.24345],[16.43333,48.24359],[16.43408,48.24412],[16.43419,48.24422],[16.43424,48.24428],[16.43433,48.24422],[16.4347,48.24408],[16.43485,48.24405],[16.43479,48.244],[16.43471,48.24392],[16.4346,48.24383],[16.43382,48.24328]]}},{"type":"Feature","properties":{"lineId":"27A","name":"27A","longName":"Kagran - Hermann-Gebauer-Straße","mode":"bus","color":"#0A295D","stops":[{"name":"Kagran","lon":16.43326,"lat":48.24363},{"name":"Attemsgasse","lon":16.43435,"lat":48.24786},{"name":"Saikogasse","lon":16.43445,"lat":48.25059},{"name":"Josef-Baumann-Gasse","lon":16.43086,"lat":48.25129},{"name":"Veterinärmedizinische Universität","lon":16.43167,"lat":48.25379},{"name":"Vorwärtsplatz","lon":16.43472,"lat":48.25812},{"name":"Zehdengasse","lon":16.43819,"lat":48.25978},{"name":"Eipeldauer Straße","lon":16.43645,"lat":48.26302},{"name":"Leopoldauer Platz","lon":16.44054,"lat":48.26315},{"name":"Sebaldgasse","lon":16.44825,"lat":48.26204},{"name":"Martin-Gaunersdorfer-Gasse","lon":16.45077,"lat":48.26108},{"name":"Rennbahnweg","lon":16.44943,"lat":48.25709},{"name":"Franz-Eduard-Matras-Gasse","lon":16.45105,"lat":48.25662},{"name":"Theodor-Kramer-Straße","lon":16.45387,"lat":48.25572},{"name":"Hochmuthgasse","lon":16.45646,"lat":48.25493},{"name":"Senekowitschgasse","lon":16.45891,"lat":48.25414},{"name":"Hosnedlgasse Süd","lon":16.46237,"lat":48.2557},{"name":"Hosnedlgasse/Lieblgasse","lon":16.46348,"lat":48.25738},{"name":"Hosnedlgasse Nord","lon":16.46483,"lat":48.26053},{"name":"Obachgasse","lon":16.46422,"lat":48.26143},{"name":"Schillingstraße","lon":16.47115,"lat":48.26091},{"name":"Rudolf-Hausner-Gasse","lon":16.47364,"lat":48.26539},{"name":"Hermann-Gebauer-Straße","lon":16.47454,"lat":48.26716},{"name":"Hermann-Gebauer-Straße","lon":16.47425,"lat":48.26698}],"lengthKm":7.9},"geometry":{"type":"LineString","coordinates":[[16.43333,48.24359],[16.43408,48.24412],[16.43419,48.24422],[16.4346,48.24475],[16.43416,48.24491],[16.43417,48.24515],[16.43425,48.24707],[16.43428,48.24787],[16.43433,48.24912],[16.43433,48.24926],[16.43431,48.24929],[16.4343,48.24932],[16.43436,48.25019],[16.43437,48.25025],[16.43438,48.25027],[16.43439,48.25031],[16.4344,48.2506],[16.4344,48.25083],[16.43135,48.25114],[16.43084,48.2512],[16.43046,48.25124],[16.43028,48.25127],[16.43034,48.2514],[16.43044,48.25161],[16.43053,48.25184],[16.43062,48.25203],[16.43075,48.25233],[16.43078,48.25239],[16.43096,48.25275],[16.43141,48.25357],[16.43158,48.25382],[16.43194,48.25431],[16.43202,48.25442],[16.43205,48.25447],[16.43206,48.25451],[16.43211,48.25465],[16.43219,48.25478],[16.4324,48.25511],[16.43261,48.2554],[16.43439,48.25782],[16.43442,48.25786],[16.43451,48.25793],[16.43454,48.25796],[16.43467,48.25814],[16.43477,48.25828],[16.4348,48.25833],[16.43515,48.25882],[16.43524,48.25895],[16.43536,48.25909],[16.43537,48.25912],[16.43537,48.25915],[16.43536,48.25918],[16.43593,48.25917],[16.4362,48.25917],[16.43645,48.25918],[16.43678,48.25921],[16.43719,48.25926],[16.43744,48.25931],[16.43767,48.25936],[16.43805,48.25946],[16.43819,48.25952],[16.43804,48.25974],[16.43674,48.2616],[16.43598,48.26259],[16.43583,48.26282],[16.4358,48.26289],[16.43578,48.26296],[16.43577,48.26304],[16.43616,48.26308],[16.43644,48.26309],[16.43646,48.26309],[16.43673,48.26306],[16.43683,48.26306],[16.4369,48.26301],[16.43695,48.263],[16.43716,48.26296],[16.43731,48.26294],[16.43753,48.26293],[16.43779,48.26292],[16.43807,48.26294],[16.43817,48.26295],[16.43836,48.26297],[16.43857,48.26301],[16.43876,48.26304],[16.44021,48.26316],[16.44039,48.26318],[16.4405,48.26321],[16.44085,48.26328],[16.44092,48.26329],[16.44097,48.2633],[16.44118,48.26331],[16.44171,48.26333],[16.4423,48.26334],[16.44241,48.26334],[16.44251,48.26334],[16.44276,48.26332],[16.44303,48.26329],[16.44319,48.26328],[16.44328,48.26326],[16.44344,48.26323],[16.44358,48.26319],[16.44376,48.26314],[16.44438,48.26297],[16.44449,48.26294],[16.44458,48.26292],[16.44494,48.2629],[16.44505,48.26291],[16.4457,48.26276],[16.44637,48.26255],[16.44703,48.26235],[16.44733,48.26227],[16.44754,48.26222],[16.44773,48.26218],[16.44788,48.26216],[16.44803,48.26213],[16.44818,48.26212],[16.44826,48.26211],[16.44838,48.2621],[16.44849,48.2621],[16.44865,48.26211],[16.44873,48.262],[16.44875,48.26197],[16.4488,48.26193],[16.44885,48.2619],[16.44893,48.26186],[16.4495,48.26165],[16.44991,48.26149],[16.45013,48.2614],[16.45046,48.26126],[16.4506,48.26121],[16.45081,48.26113],[16.4509,48.2611],[16.45134,48.26096],[16.45158,48.26087],[16.45153,48.26079],[16.45036,48.25913],[16.45029,48.25905],[16.45019,48.2589],[16.44906,48.2573],[16.44949,48.25716],[16.45005,48.25698],[16.45058,48.25682],[16.45108,48.25666],[16.4539,48.25578],[16.45502,48.25543],[16.45649,48.25497],[16.45895,48.2542],[16.45911,48.25415],[16.45935,48.25408],[16.46061,48.25368],[16.46068,48.25367],[16.46067,48.25366],[16.46067,48.25364],[16.46067,48.25363],[16.46068,48.25361],[16.46069,48.2536],[16.4607,48.25358],[16.46072,48.25357],[16.46074,48.25357],[16.46076,48.25356],[16.46081,48.25356],[16.46083,48.25357],[16.46086,48.25357],[16.46087,48.25358],[16.46089,48.2536],[16.4609,48.25361],[16.46091,48.25363],[16.46091,48.25364],[16.46091,48.25366],[16.4609,48.25367],[16.46089,48.25369],[16.46087,48.2537],[16.46084,48.25371],[16.46152,48.2546],[16.46231,48.25572],[16.46244,48.2559],[16.46326,48.25718],[16.4634,48.2574],[16.4643,48.25887],[16.4651,48.26026],[16.46511,48.26029],[16.46511,48.26032],[16.46511,48.26034],[16.4651,48.26035],[16.46508,48.26038],[16.46505,48.26039],[16.46501,48.26041],[16.4648,48.26047],[16.4637,48.26077],[16.46413,48.26146],[16.46427,48.26168],[16.46438,48.26185],[16.46451,48.26176],[16.46583,48.26143],[16.46685,48.26117],[16.46872,48.26074],[16.46941,48.26057],[16.47061,48.26034],[16.47074,48.26038],[16.47107,48.26093],[16.47256,48.26346],[16.47355,48.26541],[16.47396,48.26621],[16.47446,48.26718],[16.47453,48.2673],[16.47458,48.26735],[16.4746,48.26734],[16.47462,48.26734],[16.47465,48.26734],[16.47467,48.26734],[16.4747,48.26734],[16.47472,48.26735],[16.47474,48.26736],[16.47476,48.26738],[16.47477,48.26739],[16.47478,48.26741],[16.47478,48.26743],[16.47478,48.26745],[16.47477,48.26746],[16.47476,48.26748],[16.47474,48.26749],[16.47472,48.2675],[16.4747,48.26751],[16.47467,48.26752],[16.47465,48.26752],[16.47462,48.26752],[16.4746,48.26751],[16.47457,48.2675],[16.47455,48.26749],[16.47454,48.26748],[16.47452,48.26746],[16.47451,48.26745],[16.47451,48.26743],[16.47451,48.26741],[16.47452,48.26739],[16.47453,48.26738],[16.47455,48.26736],[16.47458,48.26735],[16.47453,48.2673],[16.47447,48.2672],[16.47435,48.26696]]}},{"type":"Feature","properties":{"lineId":"27B","name":"27B","longName":"Kagran - Satzingerweg","mode":"bus","color":"#0A295D","stops":[{"name":"Satzingerweg","lon":16.42645,"lat":48.25761},{"name":"Hans-Czermak-Gasse","lon":16.42581,"lat":48.25617},{"name":"Dückegasse","lon":16.42765,"lat":48.24776},{"name":"Kagran","lon":16.43339,"lat":48.24354},{"name":"Kagran","lon":16.43369,"lat":48.24336}],"lengthKm":2.3},"geometry":{"type":"LineString","coordinates":[[16.42645,48.25766],[16.42662,48.25765],[16.42674,48.25765],[16.42691,48.25763],[16.42586,48.25615],[16.42579,48.25604],[16.42502,48.255],[16.42564,48.25476],[16.42589,48.25465],[16.42614,48.25453],[16.42649,48.25434],[16.42656,48.2543],[16.42674,48.25419],[16.42696,48.25404],[16.42714,48.2539],[16.42733,48.25371],[16.42751,48.25353],[16.42757,48.25345],[16.42766,48.25332],[16.42776,48.25315],[16.42785,48.25297],[16.42793,48.25272],[16.42798,48.25249],[16.428,48.25221],[16.42797,48.25103],[16.42795,48.25069],[16.42781,48.24845],[16.42777,48.24775],[16.42771,48.24686],[16.42771,48.24663],[16.42771,48.24657],[16.42774,48.24647],[16.42777,48.24639],[16.42785,48.24622],[16.42791,48.24614],[16.42805,48.24597],[16.4281,48.24591],[16.42819,48.24583],[16.42827,48.24576],[16.42836,48.24569],[16.42852,48.24559],[16.42988,48.24481],[16.43051,48.24445],[16.43071,48.24432],[16.43123,48.24396],[16.43171,48.2437],[16.43286,48.24313],[16.43299,48.24328],[16.43301,48.24334],[16.43306,48.24339],[16.43313,48.24345],[16.43333,48.24359],[16.43408,48.24412],[16.43419,48.24422],[16.43424,48.24428],[16.43433,48.24422],[16.4347,48.24408],[16.43485,48.24405],[16.43479,48.244],[16.43471,48.24392],[16.4346,48.24383],[16.43382,48.24328]]}},{"type":"Feature","properties":{"lineId":"28A","name":"28A","longName":"Leopoldauer Platz  - Breitenlee Schule","mode":"bus","color":"#0A295D","stops":[{"name":"Breitenlee Schule","lon":16.50167,"lat":48.25301},{"name":"Breitenlee Ort","lon":16.49802,"lat":48.25128},{"name":"Oleandergasse","lon":16.49782,"lat":48.2552},{"name":"Pelargonienweg","lon":16.49566,"lat":48.25668},{"name":"Fuchsienweg","lon":16.49289,"lat":48.25841},{"name":"Breitenlee, Rautenweg","lon":16.49033,"lat":48.25629},{"name":"Halblehenweg","lon":16.48649,"lat":48.25693},{"name":"Schillingstraße","lon":16.47139,"lat":48.26035},{"name":"Obachgasse","lon":16.46404,"lat":48.26206},{"name":"Aderklaaer Straße","lon":16.4527,"lat":48.26483},{"name":"Julius-Ficker-Straße","lon":16.44858,"lat":48.26644},{"name":"St.-Michael-Gasse","lon":16.43932,"lat":48.26606},{"name":"Eipeldauer Straße","lon":16.43645,"lat":48.26302},{"name":"Leopoldauer Platz","lon":16.44054,"lat":48.26315}],"lengthKm":7.2},"geometry":{"type":"LineString","coordinates":[[16.50173,48.253],[16.50149,48.25122],[16.50062,48.25124],[16.50028,48.25124],[16.50002,48.25123],[16.49854,48.25124],[16.49802,48.25123],[16.49771,48.25122],[16.49762,48.25121],[16.49762,48.25143],[16.4977,48.25385],[16.49776,48.25521],[16.49776,48.25535],[16.49777,48.2554],[16.49766,48.25541],[16.49759,48.25544],[16.4975,48.25548],[16.49692,48.25584],[16.49689,48.25587],[16.49681,48.25595],[16.49674,48.25599],[16.4966,48.25608],[16.49619,48.25633],[16.49611,48.25638],[16.49594,48.25645],[16.49587,48.25649],[16.49562,48.25665],[16.49283,48.25837],[16.49227,48.25872],[16.49205,48.25889],[16.49204,48.25885],[16.49112,48.25743],[16.49039,48.25627],[16.49022,48.25601],[16.48924,48.25623],[16.48646,48.25688],[16.4862,48.25694],[16.4808,48.25812],[16.47725,48.25888],[16.47704,48.25892],[16.47686,48.25895],[16.4767,48.25897],[16.47638,48.25901],[16.47629,48.25902],[16.47598,48.25909],[16.47569,48.25916],[16.47548,48.25924],[16.4753,48.25926],[16.47485,48.25939],[16.47424,48.25957],[16.47349,48.25977],[16.47281,48.25993],[16.47205,48.2601],[16.47157,48.26019],[16.47133,48.26024],[16.47085,48.26035],[16.47074,48.26038],[16.47065,48.26047],[16.4683,48.26104],[16.46686,48.26138],[16.46633,48.2615],[16.46594,48.26158],[16.46453,48.26186],[16.46438,48.26185],[16.46398,48.26195],[16.46336,48.26211],[16.46253,48.26235],[16.46188,48.26255],[16.45818,48.26381],[16.45581,48.26462],[16.45445,48.26508],[16.45297,48.26558],[16.45289,48.26548],[16.45261,48.2651],[16.45255,48.26503],[16.45249,48.26499],[16.45247,48.26496],[16.45244,48.26474],[16.45243,48.26468],[16.45244,48.26464],[16.45247,48.26461],[16.45252,48.26459],[16.45258,48.26458],[16.45263,48.26459],[16.45265,48.26461],[16.45267,48.26464],[16.45268,48.26467],[16.45263,48.26482],[16.4526,48.2649],[16.45255,48.26503],[16.45261,48.2651],[16.45289,48.26548],[16.45297,48.26558],[16.45231,48.26581],[16.45184,48.26596],[16.45167,48.26601],[16.45146,48.26606],[16.45118,48.26612],[16.45105,48.26614],[16.45073,48.26617],[16.45001,48.26622],[16.44856,48.26633],[16.44818,48.26636],[16.44762,48.2664],[16.44741,48.26641],[16.44725,48.26641],[16.4471,48.26641],[16.44678,48.26639],[16.4456,48.2663],[16.44541,48.26629],[16.44494,48.26627],[16.4441,48.26628],[16.44388,48.26629],[16.44376,48.26631],[16.44347,48.26631],[16.44276,48.26631],[16.44251,48.2663],[16.44182,48.26627],[16.44151,48.26625],[16.44117,48.26622],[16.44089,48.2662],[16.44044,48.26615],[16.44024,48.26612],[16.43934,48.26599],[16.43879,48.26591],[16.43848,48.26587],[16.43757,48.26576],[16.43618,48.26559],[16.43497,48.26544],[16.43467,48.2654],[16.43453,48.26537],[16.43441,48.26534],[16.43427,48.2653],[16.43416,48.26526],[16.43407,48.26522],[16.43386,48.26511],[16.43449,48.26458],[16.43458,48.2645],[16.43466,48.26443],[16.43528,48.26377],[16.43537,48.26366],[16.43544,48.26359],[16.43554,48.26347],[16.43561,48.26335],[16.43572,48.26313],[16.43577,48.26304],[16.43616,48.26308],[16.43644,48.26309],[16.43646,48.26309],[16.43673,48.26306],[16.43683,48.26306],[16.4369,48.26301],[16.43695,48.263],[16.43716,48.26296],[16.43731,48.26294],[16.43753,48.26293],[16.43779,48.26292],[16.43807,48.26294],[16.43817,48.26295],[16.43836,48.26297],[16.43857,48.26301],[16.43876,48.26304],[16.44021,48.26316],[16.44039,48.26318],[16.4405,48.26321]]}},{"type":"Feature","properties":{"lineId":"29A","name":"29A","longName":"Floridsdorf - Großfeldsiedlung","mode":"bus","color":"#0A295D","stops":[{"name":"Floridsdorf","lon":16.40047,"lat":48.25597},{"name":"Floridsdorf","lon":16.39919,"lat":48.25701},{"name":"Floridsdorf","lon":16.40102,"lat":48.25707},{"name":"Patrizigasse","lon":16.40432,"lat":48.25721},{"name":"Sebastian-Kohl-Gasse","lon":16.4093,"lat":48.2587},{"name":"Hawlicekgasse","lon":16.41547,"lat":48.26017},{"name":"Töllergasse","lon":16.42179,"lat":48.26166},{"name":"Edelsteingasse","lon":16.42587,"lat":48.26225},{"name":"Serpentingasse","lon":16.42792,"lat":48.2624},{"name":"Kefedergrundgasse","lon":16.43267,"lat":48.26274},{"name":"Eipeldauer Straße","lon":16.43645,"lat":48.26302},{"name":"Leopoldauer Platz","lon":16.44054,"lat":48.26315},{"name":"St.-Michael-Gasse","lon":16.43965,"lat":48.26642},{"name":"Dopschstraße","lon":16.43896,"lat":48.26903},{"name":"Langfeldgasse","lon":16.44351,"lat":48.26977},{"name":"Großfeldsiedlung","lon":16.44752,"lat":48.2702}],"lengthKm":5},"geometry":{"type":"LineString","coordinates":[[16.40052,48.25596],[16.40033,48.25571],[16.40028,48.25566],[16.39931,48.25604],[16.39857,48.25632],[16.39911,48.25704],[16.39964,48.25776],[16.40105,48.2571],[16.40133,48.25697],[16.40197,48.25667],[16.40302,48.25621],[16.40313,48.25626],[16.40385,48.25697],[16.40417,48.25727],[16.40419,48.25728],[16.40431,48.25738],[16.40434,48.2574],[16.40437,48.25738],[16.40441,48.25737],[16.40444,48.25736],[16.40448,48.25736],[16.40451,48.25736],[16.40455,48.25737],[16.40458,48.25738],[16.40461,48.2574],[16.40463,48.25742],[16.40465,48.25744],[16.40466,48.25746],[16.40467,48.25749],[16.40466,48.25751],[16.40465,48.25753],[16.40463,48.25756],[16.40481,48.25765],[16.40492,48.25769],[16.40497,48.25771],[16.40508,48.25775],[16.40623,48.25802],[16.40719,48.25825],[16.4082,48.25848],[16.40928,48.25874],[16.4112,48.2592],[16.4129,48.2596],[16.41323,48.25969],[16.41404,48.25989],[16.41446,48.25998],[16.41545,48.26022],[16.41813,48.26085],[16.4193,48.26114],[16.42131,48.26161],[16.42175,48.26171],[16.42279,48.26196],[16.42309,48.26203],[16.42331,48.26207],[16.42368,48.26213],[16.42416,48.26219],[16.42461,48.26224],[16.42561,48.26231],[16.42586,48.26232],[16.42697,48.26239],[16.42791,48.26246],[16.42934,48.26256],[16.43266,48.2628],[16.43469,48.26295],[16.43577,48.26304],[16.43616,48.26308],[16.43644,48.26309],[16.43646,48.26309],[16.43673,48.26306],[16.43683,48.26306],[16.4369,48.26301],[16.43695,48.263],[16.43716,48.26296],[16.43731,48.26294],[16.43753,48.26293],[16.43779,48.26292],[16.43807,48.26294],[16.43817,48.26295],[16.43836,48.26297],[16.43857,48.26301],[16.43876,48.26304],[16.44021,48.26316],[16.44039,48.26318],[16.4405,48.26321],[16.44085,48.26328],[16.44092,48.26329],[16.44097,48.2633],[16.44095,48.26348],[16.44093,48.26352],[16.4409,48.26354],[16.4405,48.2648],[16.44028,48.26516],[16.43998,48.26541],[16.43974,48.26568],[16.43955,48.26641],[16.43898,48.26862],[16.43887,48.26902],[16.43881,48.26926],[16.44095,48.26952],[16.44247,48.2697],[16.44349,48.26983],[16.44562,48.27008],[16.44571,48.2701],[16.44657,48.2702],[16.44691,48.27023],[16.44751,48.27027]]}},{"type":"Feature","properties":{"lineId":"29B","name":"29B","longName":"Floridsdorf - Großfeldsiedlung","mode":"bus","color":"#0A295D","stops":[{"name":"Floridsdorf","lon":16.40047,"lat":48.25597},{"name":"Floridsdorf","lon":16.39919,"lat":48.25701},{"name":"Floridsdorf","lon":16.40102,"lat":48.25707},{"name":"Patrizigasse","lon":16.40432,"lat":48.25721},{"name":"Sebastian-Kohl-Gasse","lon":16.4093,"lat":48.2587},{"name":"Hawlicekgasse","lon":16.41547,"lat":48.26017},{"name":"Töllergasse","lon":16.42179,"lat":48.26166},{"name":"Leopoldine-Padaurek-Straße","lon":16.42363,"lat":48.2635},{"name":"Ferdinand-Platzer-Gasse","lon":16.42108,"lat":48.26486},{"name":"Kaisergrund","lon":16.41988,"lat":48.26783},{"name":"Franz-Sebek-Straße","lon":16.42313,"lat":48.26953},{"name":"Paukerwerkstraße","lon":16.42667,"lat":48.26968},{"name":"Hertha-Kräftner-Gasse","lon":16.43166,"lat":48.26965},{"name":"Felmayergasse","lon":16.43213,"lat":48.27194},{"name":"Egon-Friedell-Gasse","lon":16.43604,"lat":48.27386},{"name":"Lammaschgasse","lon":16.44159,"lat":48.27332},{"name":"Moritz-Dreger-Gasse","lon":16.44193,"lat":48.27518},{"name":"Kürschnergasse","lon":16.44579,"lat":48.27605},{"name":"Leopoldau","lon":16.45065,"lat":48.27685},{"name":"Adolf-Loos-Gasse","lon":16.4541,"lat":48.27735},{"name":"Oswald-Redlich-Straße","lon":16.4537,"lat":48.27478},{"name":"Doderergasse","lon":16.45328,"lat":48.27186},{"name":"Wassermanngasse","lon":16.45271,"lat":48.26864},{"name":"Uhlirzgasse","lon":16.44865,"lat":48.26846},{"name":"Großfeldsiedlung","lon":16.44816,"lat":48.26997}],"lengthKm":8.6},"geometry":{"type":"LineString","coordinates":[[16.40052,48.25596],[16.40033,48.25571],[16.40028,48.25566],[16.39931,48.25604],[16.39857,48.25632],[16.39911,48.25704],[16.39964,48.25776],[16.40105,48.2571],[16.40133,48.25697],[16.40197,48.25667],[16.40302,48.25621],[16.40313,48.25626],[16.40385,48.25697],[16.40417,48.25727],[16.40419,48.25728],[16.40431,48.25738],[16.40434,48.2574],[16.40437,48.25738],[16.40441,48.25737],[16.40444,48.25736],[16.40448,48.25736],[16.40451,48.25736],[16.40455,48.25737],[16.40458,48.25738],[16.40461,48.2574],[16.40463,48.25742],[16.40465,48.25744],[16.40466,48.25746],[16.40467,48.25749],[16.40466,48.25751],[16.40465,48.25753],[16.40463,48.25756],[16.40481,48.25765],[16.40492,48.25769],[16.40497,48.25771],[16.40508,48.25775],[16.40623,48.25802],[16.40719,48.25825],[16.4082,48.25848],[16.40928,48.25874],[16.4112,48.2592],[16.4129,48.2596],[16.41323,48.25969],[16.41404,48.25989],[16.41446,48.25998],[16.41545,48.26022],[16.41813,48.26085],[16.4193,48.26114],[16.42131,48.26161],[16.42175,48.26171],[16.42279,48.26196],[16.42309,48.26203],[16.42331,48.26207],[16.42368,48.26213],[16.42364,48.26235],[16.42363,48.26246],[16.42363,48.26257],[16.42364,48.26264],[16.42365,48.26273],[16.42367,48.26283],[16.42375,48.26305],[16.4238,48.26314],[16.42391,48.26332],[16.42381,48.26335],[16.42359,48.26347],[16.42223,48.2642],[16.42215,48.26423],[16.42202,48.26429],[16.42196,48.26432],[16.42102,48.26482],[16.42048,48.2651],[16.41851,48.26616],[16.41848,48.26618],[16.41837,48.26622],[16.41831,48.26625],[16.41827,48.26627],[16.41825,48.26629],[16.41823,48.26631],[16.41821,48.26633],[16.4182,48.26636],[16.41819,48.26639],[16.41819,48.26641],[16.41819,48.26644],[16.41819,48.26646],[16.4182,48.26649],[16.41822,48.26652],[16.41824,48.26654],[16.41826,48.26657],[16.41828,48.26659],[16.41837,48.26664],[16.41845,48.2667],[16.41984,48.26786],[16.42068,48.26854],[16.42084,48.26867],[16.42092,48.26873],[16.42099,48.26876],[16.42108,48.26879],[16.42115,48.26882],[16.42119,48.26884],[16.42124,48.26886],[16.42131,48.26891],[16.42137,48.26897],[16.42257,48.26997],[16.42324,48.26962],[16.42451,48.26897],[16.42615,48.2681],[16.42629,48.26823],[16.42634,48.26832],[16.42635,48.26837],[16.4266,48.26969],[16.42665,48.26996],[16.42687,48.26993],[16.42692,48.26992],[16.42697,48.2699],[16.42709,48.26984],[16.42714,48.26982],[16.42721,48.26979],[16.42728,48.26978],[16.42733,48.26977],[16.4283,48.26969],[16.42953,48.26959],[16.43143,48.26946],[16.43151,48.26943],[16.43155,48.26966],[16.43197,48.27168],[16.43203,48.27194],[16.43225,48.27292],[16.43228,48.27301],[16.43231,48.27307],[16.43237,48.27313],[16.4326,48.27317],[16.43602,48.27392],[16.43645,48.27402],[16.43609,48.27239],[16.43852,48.27282],[16.43913,48.27294],[16.4408,48.27323],[16.44157,48.27335],[16.44215,48.27344],[16.44135,48.2751],[16.4419,48.27522],[16.44577,48.27609],[16.44724,48.27641],[16.44781,48.27655],[16.44786,48.27655],[16.44789,48.27656],[16.44792,48.27655],[16.44798,48.27654],[16.44824,48.27644],[16.44831,48.27643],[16.44834,48.27642],[16.44838,48.27641],[16.44841,48.27641],[16.44846,48.27642],[16.44856,48.27644],[16.44873,48.27648],[16.45062,48.27691],[16.45395,48.27766],[16.45399,48.27766],[16.45403,48.27766],[16.45408,48.27766],[16.45413,48.27764],[16.45418,48.27761],[16.45421,48.27757],[16.45423,48.27753],[16.45419,48.27734],[16.45408,48.27664],[16.45396,48.27582],[16.45383,48.27505],[16.45379,48.27477],[16.45369,48.27417],[16.45365,48.27391],[16.45353,48.27303],[16.45341,48.27205],[16.45337,48.27185],[16.45321,48.27091],[16.4531,48.27034],[16.45281,48.26863],[16.45277,48.26838],[16.45126,48.26849],[16.45103,48.2685],[16.45081,48.26851],[16.45057,48.26851],[16.4503,48.2685],[16.45002,48.26848],[16.4498,48.26846],[16.44898,48.26841],[16.44865,48.26839],[16.44832,48.26837],[16.44828,48.26837],[16.44817,48.26913],[16.44806,48.26997]]}},{"type":"Feature","properties":{"lineId":"30A","name":"30A","longName":"Neu Leopoldau - Freiheitsplatz","mode":"bus","color":"#0A295D","stops":[{"name":"Neu Leopoldau","lon":16.42638,"lat":48.27293},{"name":"Siemensstraße","lon":16.4211,"lat":48.27131},{"name":"Scottgasse","lon":16.4204,"lat":48.27412},{"name":"Justgasse","lon":16.42138,"lat":48.27606},{"name":"Skraupstraße/Justgasse","lon":16.41568,"lat":48.27666},{"name":"Berzeliusgasse","lon":16.41026,"lat":48.27588},{"name":"Großjedlersdorf","lon":16.40808,"lat":48.27678},{"name":"Haspingerplatz","lon":16.40454,"lat":48.27754},{"name":"Mitterhofergasse","lon":16.40224,"lat":48.27797},{"name":"Großjedlersdorf, Jochbergengasse","lon":16.40094,"lat":48.28022},{"name":"Ödenburger Straße/Schulzentrum","lon":16.40187,"lat":48.28212},{"name":"Steinamangergasse","lon":16.40281,"lat":48.28353},{"name":"Bernreiterplatz","lon":16.40659,"lat":48.28153},{"name":"Toni-Fritsch-Weg","lon":16.40954,"lat":48.28494},{"name":"Gschweidlgasse","lon":16.41082,"lat":48.28942},{"name":"Kummergasse","lon":16.41332,"lat":48.29409},{"name":"Dattlergasse","lon":16.41444,"lat":48.29608},{"name":"Josef-Flandorfer-Straße","lon":16.4158,"lat":48.29894},{"name":"Freiheitsplatz","lon":16.41607,"lat":48.30111}],"lengthKm":6.6},"geometry":{"type":"LineString","coordinates":[[16.42634,48.27293],[16.42627,48.27307],[16.42619,48.27314],[16.42613,48.27309],[16.42607,48.27305],[16.42558,48.27278],[16.42554,48.27274],[16.42553,48.27271],[16.4255,48.27266],[16.42547,48.27262],[16.42512,48.27265],[16.42486,48.27266],[16.4247,48.27266],[16.42456,48.27266],[16.42436,48.27266],[16.42419,48.27265],[16.42398,48.27263],[16.42379,48.2726],[16.42359,48.27257],[16.42328,48.27251],[16.42295,48.27243],[16.42268,48.27234],[16.42252,48.27229],[16.42137,48.27181],[16.4208,48.27157],[16.42061,48.27149],[16.42053,48.27147],[16.4205,48.27147],[16.42046,48.27147],[16.42052,48.2714],[16.42069,48.27132],[16.42075,48.2713],[16.4208,48.27129],[16.42087,48.27129],[16.42099,48.27132],[16.42108,48.27134],[16.42131,48.2714],[16.42127,48.27146],[16.42107,48.27168],[16.4208,48.27157],[16.42059,48.27149],[16.42053,48.27147],[16.4205,48.27147],[16.42046,48.27147],[16.4204,48.27148],[16.42033,48.2715],[16.42008,48.27161],[16.42,48.27163],[16.41991,48.27166],[16.4198,48.27166],[16.41962,48.27166],[16.41942,48.27168],[16.41931,48.27172],[16.41831,48.27218],[16.41837,48.27225],[16.41894,48.27277],[16.41908,48.27291],[16.4202,48.27396],[16.42036,48.27414],[16.4219,48.27594],[16.4218,48.27597],[16.42137,48.27601],[16.42117,48.27603],[16.42108,48.27605],[16.41566,48.27663],[16.41345,48.27687],[16.41226,48.277],[16.41193,48.27703],[16.41169,48.27704],[16.41163,48.27705],[16.41156,48.27692],[16.41137,48.27659],[16.41134,48.27654],[16.41127,48.27647],[16.41054,48.27575],[16.4105,48.27568],[16.41019,48.27581],[16.4096,48.27608],[16.40957,48.27609],[16.40875,48.27646],[16.40862,48.27652],[16.40848,48.27657],[16.40803,48.27671],[16.40772,48.27681],[16.40758,48.27686],[16.40696,48.27705],[16.4068,48.27709],[16.40638,48.27715],[16.40499,48.27738],[16.40451,48.27747],[16.40221,48.27791],[16.39998,48.27833],[16.39984,48.27834],[16.40023,48.2789],[16.40035,48.27914],[16.40072,48.2799],[16.40076,48.27997],[16.4008,48.28005],[16.40083,48.28012],[16.40086,48.28024],[16.40089,48.28035],[16.40094,48.28048],[16.40097,48.28056],[16.40175,48.28215],[16.40193,48.28251],[16.40199,48.28262],[16.4021,48.28279],[16.40233,48.28311],[16.40269,48.28358],[16.40296,48.28392],[16.40304,48.28384],[16.40369,48.28308],[16.40399,48.28274],[16.4041,48.28262],[16.40422,48.2825],[16.4043,48.28244],[16.40451,48.28228],[16.4047,48.28218],[16.40568,48.28172],[16.40601,48.28155],[16.40624,48.28145],[16.40635,48.28139],[16.40642,48.28145],[16.40651,48.28156],[16.40757,48.28284],[16.40801,48.28337],[16.40923,48.28475],[16.40931,48.28483],[16.40944,48.28498],[16.40951,48.28506],[16.40956,48.2851],[16.40962,48.28518],[16.40967,48.28528],[16.40974,48.28543],[16.40978,48.28557],[16.40982,48.28568],[16.40996,48.28631],[16.41064,48.28905],[16.41072,48.28944],[16.41074,48.2895],[16.41077,48.28961],[16.41087,48.28984],[16.41091,48.28995],[16.41109,48.29046],[16.41114,48.2906],[16.41117,48.29072],[16.41123,48.29085],[16.41127,48.29094],[16.41135,48.29107],[16.41188,48.29191],[16.41231,48.2926],[16.41277,48.29333],[16.41297,48.29365],[16.41326,48.29411],[16.41332,48.2942],[16.41334,48.29423],[16.41348,48.29445],[16.41357,48.29462],[16.41424,48.29583],[16.41428,48.29588],[16.41439,48.29609],[16.41475,48.29677],[16.41498,48.29719],[16.41531,48.2978],[16.4154,48.29801],[16.41569,48.29878],[16.41574,48.29895],[16.41598,48.29964],[16.41608,48.29994],[16.41631,48.30058],[16.41636,48.30059],[16.41646,48.30069],[16.41687,48.30102],[16.41629,48.3014],[16.41623,48.30134],[16.41619,48.3013],[16.41617,48.30128],[16.41616,48.30126],[16.41613,48.30111]]}},{"type":"Feature","properties":{"lineId":"31A","name":"31A","longName":"Kagraner Platz - Jochbergengasse","mode":"bus","color":"#0A295D","stops":[{"name":"Kagraner Platz","lon":16.44356,"lat":48.25049},{"name":"Kagraner Friedhof","lon":16.44598,"lat":48.2534},{"name":"Anton-Sattler-Gasse","lon":16.44279,"lat":48.25438},{"name":"Melangasse","lon":16.44048,"lat":48.25649},{"name":"Zehdengasse","lon":16.43819,"lat":48.25978},{"name":"Leopoldauer Straße","lon":16.4365,"lat":48.26218},{"name":"Sorgenthalgasse","lon":16.43194,"lat":48.26625},{"name":"Heinrich-von-Buol-Gasse","lon":16.42787,"lat":48.26735},{"name":"Franz-Sebek-Straße","lon":16.42303,"lat":48.26989},{"name":"Siemensstraße","lon":16.41967,"lat":48.27134},{"name":"Ruthnergasse","lon":16.418,"lat":48.27243},{"name":"Skraupstraße","lon":16.41384,"lat":48.27429},{"name":"Berzeliusgasse","lon":16.41026,"lat":48.27588},{"name":"Großjedlersdorf","lon":16.40808,"lat":48.27678},{"name":"Haspingerplatz","lon":16.40529,"lat":48.27759},{"name":"Großjedlersdorf, Jochbergengasse","lon":16.40122,"lat":48.27994}],"lengthKm":5.4},"geometry":{"type":"LineString","coordinates":[[16.44362,48.25046],[16.44343,48.25024],[16.4434,48.25022],[16.44336,48.25021],[16.44327,48.2502],[16.44317,48.25025],[16.44313,48.25029],[16.44311,48.25033],[16.44313,48.25039],[16.44316,48.25044],[16.44366,48.25104],[16.44369,48.25108],[16.44371,48.25114],[16.4438,48.25117],[16.44384,48.25118],[16.4439,48.25118],[16.444,48.25116],[16.44407,48.25114],[16.44414,48.25108],[16.44424,48.2512],[16.44502,48.25218],[16.44594,48.25341],[16.4461,48.25363],[16.44637,48.25366],[16.44603,48.25378],[16.44571,48.25388],[16.44538,48.25396],[16.44518,48.25401],[16.44502,48.25405],[16.44477,48.25409],[16.4446,48.25411],[16.44416,48.25417],[16.4437,48.2542],[16.44339,48.25421],[16.44328,48.25422],[16.44318,48.25424],[16.44307,48.25424],[16.44275,48.2543],[16.44265,48.25433],[16.44251,48.25436],[16.44238,48.25441],[16.4422,48.25447],[16.44199,48.25456],[16.44176,48.25469],[16.44158,48.2548],[16.4415,48.25485],[16.44136,48.25497],[16.44112,48.25523],[16.44105,48.25532],[16.4405,48.25611],[16.4405,48.25618],[16.44032,48.25645],[16.43923,48.25806],[16.43872,48.25878],[16.43819,48.25952],[16.43804,48.25974],[16.43674,48.2616],[16.43634,48.26213],[16.43598,48.26259],[16.43583,48.26282],[16.4358,48.26289],[16.43578,48.26296],[16.43577,48.26304],[16.43572,48.26313],[16.43561,48.26335],[16.43554,48.26347],[16.43544,48.26359],[16.43537,48.26366],[16.43528,48.26377],[16.43466,48.26443],[16.43458,48.2645],[16.43449,48.26458],[16.43386,48.26511],[16.43345,48.26543],[16.43301,48.26566],[16.43187,48.26617],[16.43167,48.26626],[16.43153,48.26631],[16.43145,48.26633],[16.43135,48.26635],[16.43122,48.26636],[16.43086,48.26637],[16.43077,48.26637],[16.43024,48.26638],[16.42989,48.2664],[16.42977,48.26642],[16.42965,48.26645],[16.4295,48.2665],[16.42925,48.26658],[16.429,48.26667],[16.42856,48.26686],[16.42834,48.26696],[16.42777,48.26726],[16.42615,48.2681],[16.42451,48.26897],[16.42292,48.26979],[16.42257,48.26997],[16.4206,48.271],[16.42052,48.27103],[16.42043,48.27107],[16.42037,48.27109],[16.42022,48.27113],[16.42012,48.27116],[16.4199,48.2712],[16.41963,48.27123],[16.41912,48.27128],[16.41871,48.27132],[16.41836,48.27135],[16.41786,48.27138],[16.41778,48.27138],[16.41769,48.27138],[16.41766,48.27148],[16.4177,48.27156],[16.41771,48.2716],[16.41775,48.27164],[16.41823,48.27209],[16.41831,48.27218],[16.41792,48.27236],[16.41679,48.27287],[16.41558,48.27341],[16.41395,48.27413],[16.41376,48.27421],[16.41365,48.27426],[16.41141,48.27526],[16.41019,48.27581],[16.4096,48.27608],[16.40957,48.27609],[16.40875,48.27646],[16.40862,48.27652],[16.40848,48.27657],[16.40803,48.27671],[16.40772,48.27681],[16.40758,48.27686],[16.40696,48.27705],[16.4068,48.27709],[16.40638,48.27715],[16.4051,48.27736],[16.40511,48.27745],[16.40517,48.27761],[16.40549,48.27848],[16.4057,48.27908],[16.40457,48.27924],[16.40401,48.27933],[16.40315,48.27947],[16.40246,48.2796],[16.40212,48.27967],[16.40119,48.27987]]}},{"type":"Feature","properties":{"lineId":"32A","name":"32A","longName":"Leopoldau - Strebersdorf","mode":"bus","color":"#0A295D","stops":[{"name":"Leopoldau","lon":16.44869,"lat":48.27754},{"name":"Leopoldau","lon":16.45146,"lat":48.27817},{"name":"Lafnitzgasse","lon":16.45646,"lat":48.28157},{"name":"Pulkaugasse","lon":16.45326,"lat":48.28297},{"name":"Lavantgasse/Schule","lon":16.44984,"lat":48.28219},{"name":"Kainachgasse","lon":16.44862,"lat":48.28193},{"name":"Achengasse","lon":16.449,"lat":48.28446},{"name":"Illgasse","lon":16.4478,"lat":48.28796},{"name":"Dahliengasse","lon":16.44518,"lat":48.28709},{"name":"Draugasse","lon":16.4393,"lat":48.28558},{"name":"Grellgasse","lon":16.43503,"lat":48.286},{"name":"Allissen","lon":16.4303,"lat":48.28642},{"name":"Kollarzgasse","lon":16.42563,"lat":48.28551},{"name":"Ratzenhofergasse","lon":16.42014,"lat":48.28436},{"name":"Schippergasse","lon":16.41713,"lat":48.28355},{"name":"Hanreitergasse","lon":16.41246,"lat":48.28439},{"name":"Toni-Fritsch-Weg","lon":16.40925,"lat":48.28492},{"name":"Bernreiterplatz","lon":16.40607,"lat":48.28124},{"name":"Haspingerplatz","lon":16.40454,"lat":48.27754},{"name":"Mitterhofergasse","lon":16.40224,"lat":48.27797},{"name":"Großjedlersdorf, Jochbergengasse","lon":16.40094,"lat":48.28022},{"name":"Ödenburger Straße/Schulzentrum","lon":16.40187,"lat":48.28212},{"name":"Steinamangergasse","lon":16.40281,"lat":48.28353},{"name":"Mühlweg","lon":16.39301,"lat":48.29359},{"name":"Anton-Böck-Gasse","lon":16.39004,"lat":48.2963},{"name":"Strebersdorfer Platz","lon":16.38871,"lat":48.29543},{"name":"Mayerweckstraße","lon":16.38148,"lat":48.29402},{"name":"Strebersdorf Meriangasse","lon":16.3855,"lat":48.29091},{"name":"Rußbergstraße","lon":16.38354,"lat":48.28793},{"name":"Strebersdorf","lon":16.38138,"lat":48.28618}],"lengthKm":11.5},"geometry":{"type":"LineString","coordinates":[[16.44866,48.27761],[16.44901,48.27769],[16.44921,48.27772],[16.45117,48.27816],[16.45143,48.27822],[16.45159,48.27825],[16.45163,48.27827],[16.45171,48.27829],[16.45202,48.27842],[16.45218,48.27848],[16.45228,48.27851],[16.45237,48.27853],[16.45249,48.27855],[16.45289,48.2786],[16.4531,48.27863],[16.45585,48.27924],[16.45594,48.27926],[16.45598,48.27926],[16.45639,48.28157],[16.45641,48.28171],[16.45658,48.28251],[16.45693,48.28345],[16.4562,48.28344],[16.45557,48.28341],[16.45533,48.28338],[16.45436,48.28317],[16.45328,48.28292],[16.45159,48.28252],[16.45102,48.28239],[16.45047,48.28227],[16.44996,48.28216],[16.44987,48.28214],[16.44865,48.28186],[16.44829,48.28178],[16.44827,48.28184],[16.44834,48.28212],[16.44866,48.28342],[16.44874,48.28378],[16.44892,48.28447],[16.44939,48.28625],[16.44971,48.28747],[16.44872,48.28791],[16.44849,48.288],[16.44853,48.28805],[16.44853,48.28808],[16.44851,48.28812],[16.44843,48.28815],[16.44837,48.28816],[16.44825,48.28815],[16.4482,48.28812],[16.44818,48.28809],[16.44817,48.28807],[16.44817,48.28805],[16.44817,48.28804],[16.44818,48.28801],[16.44784,48.2879],[16.44737,48.28775],[16.44669,48.28754],[16.44611,48.28735],[16.4455,48.28714],[16.44522,48.28703],[16.44502,48.28696],[16.44293,48.28628],[16.4424,48.28612],[16.44228,48.28609],[16.44197,48.28601],[16.43997,48.28565],[16.43932,48.28554],[16.4391,48.2855],[16.43906,48.28548],[16.43904,48.28551],[16.43902,48.28552],[16.439,48.28553],[16.43897,48.28554],[16.43895,48.28555],[16.43892,48.28555],[16.43889,48.28555],[16.43886,48.28554],[16.43883,48.28553],[16.43881,48.28552],[16.43879,48.28551],[16.43878,48.28549],[16.43877,48.28547],[16.43877,48.28546],[16.43853,48.28548],[16.43825,48.28551],[16.43771,48.2856],[16.43733,48.28565],[16.43604,48.28582],[16.43529,48.28592],[16.43501,48.28595],[16.43485,48.28596],[16.43463,48.28599],[16.43407,48.28605],[16.43157,48.28627],[16.43135,48.2863],[16.43124,48.28631],[16.43113,48.28632],[16.43064,48.28636],[16.43046,48.28637],[16.4303,48.28636],[16.42992,48.28634],[16.42992,48.28635],[16.42991,48.28637],[16.4299,48.28639],[16.42987,48.28641],[16.42985,48.28642],[16.42982,48.28643],[16.42979,48.28644],[16.42975,48.28644],[16.42972,48.28644],[16.42966,48.28643],[16.42963,48.28641],[16.4296,48.28639],[16.42959,48.28637],[16.42958,48.28635],[16.42958,48.28633],[16.42958,48.2863],[16.42959,48.28629],[16.4271,48.28576],[16.42565,48.28545],[16.42222,48.28472],[16.42118,48.2845],[16.42031,48.28432],[16.42018,48.28429],[16.41985,48.2842],[16.41935,48.28407],[16.41773,48.28362],[16.41718,48.28347],[16.41663,48.28332],[16.41634,48.28327],[16.41623,48.28325],[16.41609,48.28325],[16.41597,48.28325],[16.41584,48.28326],[16.41572,48.28328],[16.41563,48.28331],[16.41537,48.28341],[16.41536,48.28345],[16.41514,48.28354],[16.41468,48.28368],[16.41461,48.28368],[16.41312,48.28411],[16.41242,48.28432],[16.4114,48.28462],[16.40966,48.28511],[16.40956,48.2851],[16.40951,48.28506],[16.40935,48.28488],[16.40923,48.28475],[16.40801,48.28337],[16.40757,48.28284],[16.40666,48.28174],[16.40642,48.28145],[16.40635,48.28139],[16.40628,48.28132],[16.40619,48.2812],[16.40606,48.28103],[16.406,48.28091],[16.40593,48.28078],[16.40581,48.28043],[16.40574,48.2801],[16.40574,48.28007],[16.40571,48.27916],[16.4057,48.27908],[16.40549,48.27848],[16.40531,48.27799],[16.40511,48.27745],[16.4051,48.27736],[16.40499,48.27738],[16.40451,48.27747],[16.40221,48.27791],[16.39998,48.27833],[16.39984,48.27834],[16.40023,48.2789],[16.40035,48.27914],[16.40072,48.2799],[16.40076,48.27997],[16.4008,48.28005],[16.40083,48.28012],[16.40086,48.28024],[16.40089,48.28035],[16.40094,48.28048],[16.40097,48.28056],[16.40175,48.28215],[16.40193,48.28251],[16.40199,48.28262],[16.4021,48.28279],[16.40233,48.28311],[16.40269,48.28358],[16.40296,48.28392],[16.40279,48.28411],[16.40215,48.28487],[16.40171,48.28542],[16.39785,48.29011],[16.39621,48.29211],[16.39605,48.2923],[16.39584,48.29257],[16.39581,48.29261],[16.39578,48.29263],[16.39572,48.29268],[16.39564,48.29272],[16.39559,48.29274],[16.3955,48.29278],[16.39541,48.29281],[16.39518,48.29288],[16.39355,48.29338],[16.39299,48.29355],[16.3927,48.29365],[16.39267,48.29366],[16.39264,48.29368],[16.3926,48.29372],[16.39256,48.29378],[16.39255,48.29382],[16.39253,48.2939],[16.39251,48.294],[16.39248,48.29408],[16.39244,48.29417],[16.39242,48.29421],[16.39238,48.29425],[16.39235,48.29427],[16.39235,48.29432],[16.39236,48.29437],[16.39237,48.29441],[16.39258,48.29499],[16.3925,48.29502],[16.39217,48.29519],[16.39162,48.29548],[16.39119,48.29569],[16.39043,48.29605],[16.3903,48.29611],[16.39,48.29627],[16.38969,48.29643],[16.38964,48.29645],[16.38958,48.29647],[16.3895,48.2965],[16.38904,48.29579],[16.38895,48.29566],[16.3889,48.2956],[16.38882,48.29547],[16.38878,48.29541],[16.38874,48.29534],[16.3887,48.29525],[16.38864,48.29524],[16.38824,48.2953],[16.38796,48.29534],[16.38786,48.29534],[16.38777,48.29533],[16.3876,48.2953],[16.38732,48.29524],[16.38677,48.29511],[16.38656,48.29505],[16.38599,48.29485],[16.3859,48.29481],[16.38579,48.29477],[16.38554,48.29468],[16.38532,48.29462],[16.38509,48.29457],[16.38358,48.2943],[16.38151,48.29393],[16.38126,48.29389],[16.38106,48.29384],[16.38112,48.29375],[16.38118,48.29362],[16.38119,48.29357],[16.3812,48.29347],[16.38119,48.2917],[16.38366,48.2917],[16.38378,48.29169],[16.38393,48.29166],[16.38403,48.29164],[16.38412,48.29161],[16.38423,48.29157],[16.38454,48.29142],[16.38553,48.29094],[16.38603,48.29069],[16.38481,48.28922],[16.38369,48.28788],[16.3833,48.28741],[16.38317,48.28736],[16.38303,48.28732],[16.38265,48.28705],[16.38261,48.28701],[16.38195,48.28656],[16.38157,48.2863],[16.38145,48.28638],[16.38126,48.28653],[16.38123,48.28654],[16.38119,48.28656],[16.38114,48.28656],[16.3811,48.28655],[16.38105,48.28653],[16.381,48.2865],[16.38097,48.28647],[16.38097,48.28642],[16.38098,48.28638],[16.38113,48.28626],[16.38117,48.28625],[16.38125,48.28623],[16.38135,48.28622],[16.38137,48.28622]]}},{"type":"Feature","properties":{"lineId":"33A","name":"33A","longName":"Mühlschüttel - Floridsdorf","mode":"bus","color":"#0A295D","stops":[{"name":"Mühlschüttel","lon":16.4108,"lat":48.24917},{"name":"Scheffelstraße","lon":16.40528,"lat":48.25176},{"name":"Morelligasse","lon":16.40388,"lat":48.25056},{"name":"Broßmannplatz","lon":16.39816,"lat":48.25212},{"name":"Matthäus-Jiszda-Straße","lon":16.39453,"lat":48.25414},{"name":"Am Spitz","lon":16.39757,"lat":48.25739},{"name":"Floridsdorf","lon":16.40102,"lat":48.25707},{"name":"Floridsdorf","lon":16.40066,"lat":48.25622}],"lengthKm":2.7},"geometry":{"type":"LineString","coordinates":[[16.41073,48.2492],[16.41133,48.24993],[16.41048,48.25017],[16.40611,48.25147],[16.40603,48.25149],[16.40524,48.25172],[16.40503,48.25179],[16.40485,48.25154],[16.40442,48.2509],[16.40412,48.25044],[16.40404,48.25045],[16.40385,48.2505],[16.40353,48.25058],[16.40293,48.25072],[16.40269,48.25077],[16.40256,48.25079],[16.40244,48.25081],[16.4023,48.25082],[16.40201,48.25083],[16.4016,48.25082],[16.4014,48.25083],[16.40128,48.25084],[16.40105,48.25087],[16.4009,48.2509],[16.40046,48.25101],[16.40015,48.2511],[16.39999,48.25115],[16.39984,48.25121],[16.39953,48.25134],[16.39942,48.2514],[16.39908,48.25157],[16.39881,48.25173],[16.39857,48.25187],[16.39843,48.25195],[16.39833,48.252],[16.39823,48.25204],[16.39813,48.25208],[16.39773,48.25221],[16.39739,48.25232],[16.39556,48.25288],[16.39587,48.25325],[16.39595,48.25336],[16.39606,48.25372],[16.39629,48.25381],[16.39603,48.25378],[16.39456,48.25384],[16.39437,48.25386],[16.39414,48.25391],[16.39428,48.25407],[16.39441,48.2542],[16.39498,48.25475],[16.39571,48.25547],[16.39616,48.25593],[16.39659,48.25639],[16.39681,48.25663],[16.39725,48.25718],[16.39735,48.25728],[16.39747,48.25743],[16.39759,48.25758],[16.39774,48.2578],[16.39798,48.25821],[16.39813,48.25842],[16.3984,48.25833],[16.39898,48.25806],[16.39964,48.25776],[16.40105,48.2571],[16.40133,48.25697],[16.40129,48.25692],[16.40071,48.2562]]}},{"type":"Feature","properties":{"lineId":"34A","name":"34A","longName":"Floridsdorf - Schwarzlackenau (-Strebersdorf)","mode":"bus","color":"#0A295D","stops":[{"name":"Strebersdorf","lon":16.38073,"lat":48.28617},{"name":"Tonfabrikgasse","lon":16.37781,"lat":48.28476},{"name":"Vohburggasse","lon":16.37457,"lat":48.28377},{"name":"Hofherr-Schrantz-Gasse","lon":16.37165,"lat":48.28304},{"name":"Lohnergasse","lon":16.36903,"lat":48.28206},{"name":"Segelzentrum Nord","lon":16.36769,"lat":48.27893},{"name":"Schwarzlackenau","lon":16.36984,"lat":48.27791},{"name":"Voltelinistraße","lon":16.37343,"lat":48.27705},{"name":"Zallingergasse","lon":16.37536,"lat":48.2747},{"name":"Meyerbeergasse","lon":16.37772,"lat":48.27274},{"name":"Jedlesee, Überfuhrstraße","lon":16.38037,"lat":48.26939},{"name":"Jedleseer Friedhof","lon":16.38351,"lat":48.27013},{"name":"Anton-Bosch-Gasse","lon":16.38741,"lat":48.26941},{"name":"Jeneweingasse","lon":16.38515,"lat":48.26589},{"name":"Jedlesee, Bellgasse","lon":16.38691,"lat":48.26252},{"name":"Dunantgasse","lon":16.38908,"lat":48.25974},{"name":"Frömmlgasse","lon":16.3925,"lat":48.25649},{"name":"Stryeckgasse","lon":16.39604,"lat":48.25934},{"name":"Am Spitz","lon":16.39732,"lat":48.25818},{"name":"Floridsdorf","lon":16.39925,"lat":48.2574}],"lengthKm":6.5},"geometry":{"type":"LineString","coordinates":[[16.38065,48.28613],[16.38046,48.28627],[16.38041,48.28624],[16.38037,48.28622],[16.38037,48.28619],[16.38038,48.28616],[16.3804,48.28614],[16.38043,48.28612],[16.38049,48.2861],[16.38056,48.28609],[16.38061,48.28609],[16.38068,48.28611],[16.38081,48.28601],[16.38083,48.28598],[16.38083,48.28595],[16.38082,48.28592],[16.3808,48.28589],[16.38064,48.28582],[16.37939,48.28531],[16.37934,48.28528],[16.37822,48.28484],[16.37816,48.28482],[16.37786,48.28471],[16.37728,48.28448],[16.37682,48.28431],[16.37652,48.28422],[16.37553,48.28396],[16.37459,48.28373],[16.37169,48.28299],[16.36902,48.28231],[16.36901,48.28221],[16.36902,48.28219],[16.36904,48.28213],[16.36907,48.28209],[16.36908,48.28208],[16.36911,48.28204],[16.36917,48.28199],[16.36927,48.28188],[16.36957,48.28163],[16.36962,48.28154],[16.36963,48.28152],[16.36962,48.28149],[16.36968,48.28146],[16.3697,48.28139],[16.36984,48.28104],[16.36988,48.28094],[16.36995,48.2808],[16.36997,48.28074],[16.36997,48.28069],[16.36996,48.28066],[16.36992,48.28063],[16.36985,48.2806],[16.36976,48.28059],[16.36962,48.28059],[16.36942,48.2806],[16.36914,48.28061],[16.36887,48.28061],[16.36872,48.28059],[16.36855,48.28057],[16.3684,48.28055],[16.36725,48.28031],[16.36718,48.28028],[16.36711,48.28024],[16.36708,48.2802],[16.36705,48.28014],[16.36704,48.28008],[16.36704,48.28003],[16.36708,48.27992],[16.36717,48.2797],[16.36723,48.2796],[16.36733,48.27945],[16.36737,48.2794],[16.36762,48.27909],[16.36774,48.27894],[16.36792,48.27871],[16.36795,48.2787],[16.36863,48.27787],[16.36867,48.27784],[16.36871,48.27782],[16.36911,48.27797],[16.36939,48.27807],[16.36944,48.27808],[16.3695,48.27809],[16.36957,48.2781],[16.36965,48.27811],[16.36985,48.27811],[16.36982,48.27804],[16.36984,48.27798],[16.36987,48.27793],[16.37044,48.27722],[16.37066,48.27695],[16.37076,48.27686],[16.37135,48.27699],[16.3716,48.27704],[16.37193,48.2771],[16.37234,48.27716],[16.37262,48.2772],[16.37293,48.27723],[16.37319,48.27726],[16.3733,48.27726],[16.3734,48.27722],[16.37351,48.27708],[16.37366,48.27688],[16.37373,48.27676],[16.37408,48.27635],[16.37526,48.27493],[16.37544,48.27474],[16.37553,48.27464],[16.37572,48.27443],[16.37592,48.27423],[16.37602,48.27415],[16.37625,48.27396],[16.3771,48.27334],[16.37712,48.27332],[16.37764,48.27292],[16.3777,48.27286],[16.37779,48.27277],[16.37788,48.27268],[16.37792,48.27261],[16.37797,48.27253],[16.37835,48.27181],[16.37885,48.27085],[16.37888,48.27081],[16.379,48.27056],[16.37936,48.26988],[16.37966,48.26929],[16.38034,48.26945],[16.3809,48.26958],[16.38347,48.27018],[16.38376,48.27025],[16.38383,48.27026],[16.38392,48.27025],[16.38408,48.27023],[16.3843,48.27018],[16.38535,48.26995],[16.38604,48.26982],[16.38744,48.26945],[16.38773,48.26937],[16.38661,48.26803],[16.38601,48.26733],[16.38515,48.26628],[16.38513,48.26621],[16.38528,48.26592],[16.38585,48.26481],[16.3862,48.26413],[16.38627,48.264],[16.38702,48.26255],[16.38727,48.26209],[16.38797,48.26121],[16.3885,48.26056],[16.38915,48.25977],[16.39001,48.25873],[16.39103,48.25752],[16.39214,48.2562],[16.39242,48.25651],[16.39372,48.25795],[16.39458,48.2588],[16.39527,48.25947],[16.39579,48.25994],[16.3959,48.25998],[16.39617,48.25937],[16.39645,48.25873],[16.39667,48.25825],[16.39685,48.25829],[16.39708,48.2583],[16.39731,48.2583],[16.39752,48.2583],[16.39781,48.25825],[16.39798,48.25821],[16.39813,48.25842],[16.3984,48.25833],[16.39898,48.25806],[16.39964,48.25776],[16.39935,48.25737]]}},{"type":"Feature","properties":{"lineId":"35A","name":"35A","longName":"Spittelau - Salmannsdorf","mode":"bus","color":"#0A295D","stops":[{"name":"Spittelau","lon":16.35771,"lat":48.23319},{"name":"Nußdorfer Straße","lon":16.35181,"lat":48.2314},{"name":"Weitlofgasse","lon":16.34809,"lat":48.23024},{"name":"Währinger Park","lon":16.34697,"lat":48.23247},{"name":"Hardtgasse","lon":16.34899,"lat":48.23617},{"name":"Gatterburggasse","lon":16.3494,"lat":48.2389},{"name":"Krottenbachstraße","lon":16.34156,"lat":48.24054},{"name":"Flotowgasse","lon":16.33803,"lat":48.24068},{"name":"Rodlergasse","lon":16.33455,"lat":48.24081},{"name":"Kratzlgasse","lon":16.3304,"lat":48.24136},{"name":"Gustav-Pick-Gasse","lon":16.32633,"lat":48.24205},{"name":"Glanzing","lon":16.32173,"lat":48.24326},{"name":"Kammerergasse","lon":16.31888,"lat":48.24461},{"name":"Strehlgasse","lon":16.31463,"lat":48.24658},{"name":"Kleingartenverein Hackenberg","lon":16.31191,"lat":48.24788},{"name":"Neustift, Agnesgasse","lon":16.30804,"lat":48.25021},{"name":"Neustift am Walde","lon":16.30183,"lat":48.25107},{"name":"Celtesgasse","lon":16.29698,"lat":48.25183},{"name":"Salmannsdorf","lon":16.29338,"lat":48.25213}],"lengthKm":6.9},"geometry":{"type":"LineString","coordinates":[[16.35775,48.23307],[16.3571,48.23296],[16.35647,48.23285],[16.35638,48.23278],[16.35605,48.23271],[16.35571,48.23268],[16.3556,48.23272],[16.35495,48.23304],[16.35485,48.23307],[16.35477,48.2331],[16.35446,48.23315],[16.35442,48.23305],[16.35437,48.23294],[16.3543,48.23277],[16.35427,48.23269],[16.35421,48.2326],[16.35415,48.23252],[16.35402,48.23237],[16.35398,48.23233],[16.35385,48.23225],[16.35342,48.23195],[16.35289,48.23174],[16.35249,48.23159],[16.35186,48.23134],[16.35084,48.23093],[16.35066,48.23085],[16.35054,48.23079],[16.35041,48.23071],[16.35034,48.23065],[16.35029,48.23061],[16.35024,48.23052],[16.35021,48.23045],[16.35019,48.23036],[16.35008,48.22987],[16.3493,48.22995],[16.34807,48.23021],[16.34617,48.2306],[16.34548,48.23075],[16.34599,48.23128],[16.34637,48.23168],[16.34643,48.23175],[16.34649,48.23182],[16.34654,48.23191],[16.34688,48.23249],[16.34713,48.23292],[16.34715,48.23295],[16.34717,48.23304],[16.3472,48.23304],[16.34722,48.23305],[16.34723,48.23306],[16.34725,48.23307],[16.34725,48.23309],[16.34725,48.2331],[16.34724,48.23311],[16.34723,48.23312],[16.34727,48.23316],[16.34736,48.23327],[16.34783,48.23395],[16.34844,48.23482],[16.34848,48.23488],[16.3485,48.23493],[16.34866,48.23543],[16.34875,48.2357],[16.34876,48.23574],[16.3489,48.23618],[16.34894,48.23631],[16.34897,48.23633],[16.34923,48.23643],[16.34918,48.23651],[16.3491,48.23671],[16.34907,48.23681],[16.34905,48.2369],[16.34903,48.23697],[16.34901,48.23707],[16.34928,48.23878],[16.34927,48.2389],[16.34926,48.23918],[16.34918,48.23948],[16.34887,48.2403],[16.34884,48.24091],[16.34854,48.24091],[16.34801,48.2409],[16.34786,48.24089],[16.3477,48.24088],[16.3475,48.24086],[16.34672,48.24075],[16.34614,48.24067],[16.34564,48.24062],[16.34536,48.24059],[16.34468,48.24057],[16.34418,48.24057],[16.34387,48.24057],[16.3437,48.2406],[16.34351,48.24062],[16.34324,48.24064],[16.34306,48.24064],[16.34277,48.24063],[16.34157,48.24048],[16.3413,48.24045],[16.33977,48.24053],[16.33803,48.2406],[16.33753,48.24062],[16.33645,48.24066],[16.33523,48.24072],[16.33454,48.24075],[16.33416,48.24077],[16.3329,48.2408],[16.33281,48.24081],[16.33271,48.24082],[16.33237,48.24087],[16.33227,48.24089],[16.33208,48.24093],[16.33039,48.24132],[16.33006,48.2414],[16.32889,48.24166],[16.32862,48.24171],[16.32838,48.24175],[16.32801,48.2418],[16.32741,48.24185],[16.32682,48.24191],[16.32664,48.24192],[16.32642,48.24195],[16.3263,48.24197],[16.32604,48.242],[16.32555,48.24208],[16.32516,48.24216],[16.32438,48.24233],[16.32388,48.24245],[16.32364,48.24252],[16.32343,48.24258],[16.32304,48.2427],[16.32249,48.24289],[16.32202,48.24307],[16.32188,48.24313],[16.32169,48.24321],[16.32137,48.24335],[16.32068,48.24367],[16.31882,48.24455],[16.31774,48.24506],[16.31725,48.24528],[16.31716,48.24532],[16.31702,48.24538],[16.31569,48.24601],[16.31564,48.24603],[16.31486,48.2464],[16.31484,48.24641],[16.31458,48.24654],[16.3123,48.24761],[16.31205,48.24774],[16.31186,48.24783],[16.31147,48.24805],[16.31028,48.24877],[16.30908,48.2495],[16.30797,48.25018],[16.3079,48.25023],[16.30779,48.25029],[16.30766,48.25038],[16.30767,48.2504],[16.30769,48.25041],[16.30769,48.25043],[16.30769,48.25044],[16.30769,48.25046],[16.30769,48.25047],[16.30767,48.25049],[16.30766,48.2505],[16.30764,48.25051],[16.30762,48.25052],[16.3076,48.25052],[16.30757,48.25052],[16.30755,48.25052],[16.30753,48.25052],[16.30751,48.25051],[16.30749,48.2505],[16.30747,48.25049],[16.30746,48.25047],[16.30745,48.25046],[16.30745,48.25045],[16.30719,48.25046],[16.30442,48.25082],[16.30361,48.25091],[16.3035,48.25092],[16.30343,48.25092],[16.30334,48.25092],[16.30301,48.25094],[16.30241,48.25099],[16.30207,48.251],[16.30183,48.251],[16.30153,48.251],[16.3008,48.25113],[16.30018,48.25131],[16.2986,48.25141],[16.29799,48.25159],[16.29769,48.25167],[16.29743,48.25173],[16.29697,48.25177],[16.29614,48.25183],[16.29502,48.25191],[16.29352,48.25201],[16.29324,48.25203],[16.29325,48.25211],[16.29325,48.25217],[16.29326,48.2522],[16.29328,48.25222],[16.2933,48.25223],[16.29334,48.25223],[16.29338,48.25222],[16.29342,48.2522],[16.29344,48.25216],[16.29344,48.25214]]}},{"type":"Feature","properties":{"lineId":"36A","name":"36A","longName":"Jedlesee, Bellgasse - Carabelligasse","mode":"bus","color":"#0A295D","stops":[{"name":"Carabelligasse","lon":16.41213,"lat":48.28013},{"name":"Schwanngasse","lon":16.41963,"lat":48.27983},{"name":"Carabelligasse/Ruthnergasse","lon":16.42455,"lat":48.27965},{"name":"Marco-Polo-Promenade","lon":16.42308,"lat":48.27743},{"name":"Justgasse","lon":16.42138,"lat":48.27606},{"name":"Skraupstraße/Justgasse","lon":16.41568,"lat":48.27666},{"name":"Berzeliusgasse","lon":16.41026,"lat":48.27588},{"name":"Großjedlersdorf","lon":16.40808,"lat":48.27678},{"name":"Haspingerplatz","lon":16.4048,"lat":48.27691},{"name":"Trillergasse","lon":16.40288,"lat":48.27405},{"name":"Jedlersdorf","lon":16.3966,"lat":48.27284},{"name":"Lokomotivgasse","lon":16.39533,"lat":48.27097},{"name":"Koloniestraße","lon":16.39322,"lat":48.26637},{"name":"Hopfengasse","lon":16.39148,"lat":48.26907},{"name":"Obergfellplatz","lon":16.38943,"lat":48.26669},{"name":"Anton-Störck-Gasse","lon":16.38635,"lat":48.26497},{"name":"Jedlesee, Bellgasse","lon":16.38666,"lat":48.26304}],"lengthKm":5.9},"geometry":{"type":"LineString","coordinates":[[16.41214,48.28019],[16.41267,48.28016],[16.41555,48.28005],[16.41964,48.27989],[16.42457,48.27969],[16.42488,48.27968],[16.42499,48.27965],[16.42399,48.27842],[16.42315,48.27741],[16.42305,48.27729],[16.4219,48.27594],[16.4218,48.27597],[16.42137,48.27601],[16.42117,48.27603],[16.42108,48.27605],[16.41566,48.27663],[16.41345,48.27687],[16.41226,48.277],[16.41193,48.27703],[16.41169,48.27704],[16.41163,48.27705],[16.41156,48.27692],[16.41137,48.27659],[16.41134,48.27654],[16.41127,48.27647],[16.41054,48.27575],[16.4105,48.27568],[16.41019,48.27581],[16.4096,48.27608],[16.40957,48.27609],[16.40875,48.27646],[16.40862,48.27652],[16.40848,48.27657],[16.40803,48.27671],[16.40772,48.27681],[16.40758,48.27686],[16.40696,48.27705],[16.4068,48.27709],[16.40638,48.27715],[16.4051,48.27736],[16.40507,48.27727],[16.4049,48.27689],[16.40475,48.27661],[16.40418,48.27559],[16.40372,48.27478],[16.4032,48.27385],[16.40282,48.27394],[16.4009,48.27443],[16.40061,48.2745],[16.40054,48.27451],[16.40039,48.27451],[16.40036,48.27451],[16.40022,48.27449],[16.40012,48.27446],[16.3994,48.2741],[16.39935,48.27407],[16.39862,48.2737],[16.39826,48.27353],[16.39814,48.27347],[16.39784,48.27335],[16.39747,48.27321],[16.39693,48.27291],[16.39686,48.27288],[16.39668,48.27278],[16.39614,48.27248],[16.3961,48.27245],[16.39607,48.27243],[16.39601,48.27234],[16.39596,48.27224],[16.39543,48.27095],[16.39466,48.26907],[16.39434,48.2683],[16.39342,48.26607],[16.39331,48.26585],[16.39307,48.26634],[16.39298,48.26653],[16.39219,48.26834],[16.39174,48.26923],[16.39161,48.26915],[16.39153,48.26905],[16.39077,48.26812],[16.39077,48.26808],[16.39079,48.26803],[16.39025,48.26792],[16.39035,48.26765],[16.38952,48.26666],[16.38868,48.26567],[16.38864,48.26548],[16.38636,48.26493],[16.38585,48.26481],[16.3862,48.26413],[16.38627,48.264],[16.38676,48.26307]]}},{"type":"Feature","properties":{"lineId":"36B","name":"36B","longName":"Jedlesee, Bellgasse - Leopoldau","mode":"bus","color":"#0A295D","stops":[{"name":"Leopoldau","lon":16.44869,"lat":48.27754},{"name":"Rosannagasse","lon":16.44617,"lat":48.2771},{"name":"Frohes-Schaffen-Weg","lon":16.4408,"lat":48.27585},{"name":"Tauschekgasse","lon":16.43435,"lat":48.27559},{"name":"Petritschgasse","lon":16.43517,"lat":48.27902},{"name":"Leopoldau, Betriebsgarage","lon":16.43036,"lat":48.28034},{"name":"Großbauerstraße","lon":16.42632,"lat":48.28102},{"name":"Marco-Polo-Promenade","lon":16.42308,"lat":48.27743},{"name":"Justgasse","lon":16.42138,"lat":48.27606},{"name":"Skraupstraße/Justgasse","lon":16.41568,"lat":48.27666},{"name":"Berzeliusgasse","lon":16.41026,"lat":48.27588},{"name":"Großjedlersdorf","lon":16.40808,"lat":48.27678},{"name":"Haspingerplatz","lon":16.4048,"lat":48.27691},{"name":"Trillergasse","lon":16.40402,"lat":48.27355},{"name":"Brünner Straße","lon":16.40395,"lat":48.26868},{"name":"Ignaz-Köck-Straße","lon":16.40008,"lat":48.26573},{"name":"Koloniestraße","lon":16.39322,"lat":48.26637},{"name":"Hopfengasse","lon":16.39148,"lat":48.26907},{"name":"Obergfellplatz","lon":16.38943,"lat":48.26669},{"name":"Anton-Störck-Gasse","lon":16.38635,"lat":48.26497},{"name":"Jedlesee, Bellgasse","lon":16.38666,"lat":48.26304}],"lengthKm":8.9},"geometry":{"type":"LineString","coordinates":[[16.44866,48.27761],[16.44901,48.27769],[16.44921,48.27772],[16.4492,48.27777],[16.44946,48.2793],[16.44954,48.27973],[16.44747,48.27927],[16.44745,48.27922],[16.44742,48.27878],[16.44726,48.27734],[16.44728,48.2773],[16.44618,48.27706],[16.44411,48.2766],[16.44402,48.27658],[16.44396,48.27655],[16.44391,48.27653],[16.44378,48.27645],[16.44373,48.27643],[16.44359,48.27639],[16.44135,48.27591],[16.44082,48.2758],[16.44051,48.27574],[16.44025,48.27569],[16.43904,48.27543],[16.43888,48.2754],[16.43881,48.27539],[16.43874,48.27539],[16.43866,48.27539],[16.43855,48.27539],[16.43845,48.27539],[16.43832,48.27541],[16.43812,48.27541],[16.43801,48.2754],[16.43792,48.2754],[16.43778,48.27538],[16.43767,48.27537],[16.43739,48.27532],[16.43729,48.2753],[16.43717,48.27527],[16.43695,48.27522],[16.43626,48.27502],[16.43605,48.27496],[16.43485,48.27468],[16.43466,48.27464],[16.4346,48.27463],[16.43453,48.27462],[16.43447,48.27463],[16.43435,48.27464],[16.43421,48.27465],[16.43403,48.27467],[16.4342,48.2754],[16.43425,48.2756],[16.43467,48.27728],[16.4351,48.27903],[16.43526,48.27967],[16.43289,48.28001],[16.43161,48.28018],[16.43035,48.28029],[16.42909,48.28039],[16.42906,48.28038],[16.4288,48.28041],[16.4287,48.28043],[16.4286,48.28046],[16.42801,48.28068],[16.42785,48.28073],[16.42774,48.28076],[16.42762,48.28079],[16.42731,48.28086],[16.42713,48.28089],[16.42687,48.28093],[16.4267,48.28095],[16.42652,48.28096],[16.42632,48.28097],[16.42616,48.28098],[16.42605,48.28098],[16.42499,48.27965],[16.42399,48.27842],[16.42315,48.27741],[16.42305,48.27729],[16.4219,48.27594],[16.4218,48.27597],[16.42137,48.27601],[16.42117,48.27603],[16.42108,48.27605],[16.41566,48.27663],[16.41345,48.27687],[16.41226,48.277],[16.41193,48.27703],[16.41169,48.27704],[16.41163,48.27705],[16.41156,48.27692],[16.41137,48.27659],[16.41134,48.27654],[16.41127,48.27647],[16.41054,48.27575],[16.4105,48.27568],[16.41019,48.27581],[16.4096,48.27608],[16.40957,48.27609],[16.40875,48.27646],[16.40862,48.27652],[16.40848,48.27657],[16.40803,48.27671],[16.40772,48.27681],[16.40758,48.27686],[16.40696,48.27705],[16.4068,48.27709],[16.40638,48.27715],[16.4051,48.27736],[16.40507,48.27727],[16.4049,48.27689],[16.40475,48.27661],[16.40418,48.27559],[16.40372,48.27478],[16.4032,48.27385],[16.40406,48.27362],[16.40503,48.27337],[16.40524,48.27331],[16.40669,48.27294],[16.40641,48.27246],[16.40586,48.27149],[16.40511,48.27022],[16.40458,48.26934],[16.40413,48.26863],[16.40376,48.26805],[16.40322,48.26715],[16.40228,48.26546],[16.40212,48.26518],[16.40203,48.26525],[16.40169,48.26532],[16.40104,48.26546],[16.40004,48.26566],[16.3994,48.26579],[16.39808,48.26604],[16.39799,48.26606],[16.39765,48.26611],[16.39753,48.26612],[16.39739,48.26612],[16.39722,48.26612],[16.39705,48.26611],[16.39681,48.26608],[16.39671,48.26602],[16.3965,48.26606],[16.39643,48.26604],[16.39638,48.26603],[16.3963,48.26599],[16.39628,48.26598],[16.39623,48.26594],[16.39617,48.26589],[16.39612,48.26584],[16.39609,48.2658],[16.39604,48.26571],[16.39583,48.26525],[16.39548,48.26445],[16.39545,48.26439],[16.3954,48.2643],[16.39534,48.26425],[16.39529,48.2642],[16.39524,48.26416],[16.39516,48.26411],[16.39503,48.26405],[16.39491,48.26401],[16.39444,48.26389],[16.39425,48.26379],[16.39331,48.26585],[16.39307,48.26634],[16.39298,48.26653],[16.39219,48.26834],[16.39174,48.26923],[16.39161,48.26915],[16.39153,48.26905],[16.39077,48.26812],[16.39077,48.26808],[16.39079,48.26803],[16.39025,48.26792],[16.39035,48.26765],[16.38952,48.26666],[16.38868,48.26567],[16.38864,48.26548],[16.38636,48.26493],[16.38585,48.26481],[16.3862,48.26413],[16.38627,48.264],[16.38676,48.26307]]}},{"type":"Feature","properties":{"lineId":"37A","name":"37A","longName":"Brigittenauer Brücke - Dänenstraße","mode":"bus","color":"#0A295D","stops":[{"name":"Brigittenauer Brücke","lon":16.38879,"lat":48.2362},{"name":"Traisengasse","lon":16.38519,"lat":48.23464},{"name":"Lorenz-Böhler-Unfallkrankenhaus","lon":16.38316,"lat":48.23642},{"name":"Pasettistraße","lon":16.38169,"lat":48.2378},{"name":"Höchstädtplatz","lon":16.37642,"lat":48.23987},{"name":"Lorenz-Müller-Gasse","lon":16.37367,"lat":48.2422},{"name":"Adalbert-Stifter-Straße/Jägerstraße","lon":16.37132,"lat":48.24091},{"name":"Dietmayrgasse","lon":16.36835,"lat":48.23926},{"name":"Gürtelbrücke","lon":16.36552,"lat":48.2376},{"name":"Spittelau","lon":16.35629,"lat":48.23613},{"name":"Döblinger Gürtel/Glatzg.","lon":16.35442,"lat":48.23335},{"name":"Nußdorfer Straße","lon":16.35181,"lat":48.2314},{"name":"Weitlofgasse","lon":16.34809,"lat":48.23024},{"name":"Währinger Park","lon":16.34697,"lat":48.23247},{"name":"Cottagegasse","lon":16.34181,"lat":48.23393},{"name":"Gregor-Mendel-Straße","lon":16.33786,"lat":48.23418},{"name":"Linnéplatz","lon":16.33786,"lat":48.23648},{"name":"Dänenstraße","lon":16.33448,"lat":48.23732}],"lengthKm":6.5},"geometry":{"type":"LineString","coordinates":[[16.38884,48.23616],[16.38802,48.23575],[16.38598,48.23472],[16.38532,48.2344],[16.38511,48.23459],[16.38309,48.23638],[16.38236,48.23704],[16.3819,48.23743],[16.38184,48.23749],[16.38172,48.23765],[16.3816,48.23776],[16.3815,48.23785],[16.38138,48.2379],[16.38131,48.23787],[16.38089,48.23768],[16.38081,48.23763],[16.38075,48.23758],[16.38069,48.23753],[16.38063,48.23749],[16.37952,48.23696],[16.37839,48.23798],[16.37822,48.23812],[16.3771,48.23911],[16.37694,48.23925],[16.37678,48.2394],[16.37635,48.23976],[16.3763,48.23981],[16.37531,48.24075],[16.37467,48.24169],[16.37423,48.2423],[16.37377,48.2421],[16.37354,48.242],[16.37293,48.24172],[16.3714,48.24085],[16.36846,48.23916],[16.36746,48.23859],[16.3665,48.23803],[16.36563,48.23751],[16.36516,48.23724],[16.36477,48.23699],[16.36452,48.23686],[16.36434,48.23677],[16.36416,48.23669],[16.36387,48.23659],[16.36365,48.23653],[16.36348,48.23649],[16.36328,48.23645],[16.36296,48.2364],[16.36259,48.23636],[16.36168,48.23631],[16.35984,48.23626],[16.35939,48.23623],[16.35783,48.23619],[16.35778,48.23623],[16.35719,48.23621],[16.35696,48.23619],[16.35675,48.23617],[16.35649,48.23612],[16.35635,48.23607],[16.3562,48.23602],[16.35602,48.23592],[16.35594,48.23587],[16.35578,48.23575],[16.35562,48.23561],[16.35546,48.23544],[16.35536,48.23532],[16.35527,48.23519],[16.35521,48.23509],[16.35513,48.23495],[16.35499,48.23465],[16.35495,48.23462],[16.35452,48.23333],[16.35446,48.23315],[16.35442,48.23305],[16.35437,48.23294],[16.3543,48.23277],[16.35427,48.23269],[16.35421,48.2326],[16.35415,48.23252],[16.35402,48.23237],[16.35398,48.23233],[16.35385,48.23225],[16.35342,48.23195],[16.35289,48.23174],[16.35249,48.23159],[16.35186,48.23134],[16.35084,48.23093],[16.35066,48.23085],[16.35054,48.23079],[16.35041,48.23071],[16.35034,48.23065],[16.35029,48.23061],[16.35024,48.23052],[16.35021,48.23045],[16.35019,48.23036],[16.35008,48.22987],[16.3493,48.22995],[16.34807,48.23021],[16.34617,48.2306],[16.34548,48.23075],[16.34599,48.23128],[16.34637,48.23168],[16.34643,48.23175],[16.34649,48.23182],[16.34654,48.23191],[16.34688,48.23249],[16.34713,48.23292],[16.34715,48.23295],[16.34717,48.23304],[16.3472,48.23304],[16.34722,48.23305],[16.34723,48.23306],[16.34725,48.23307],[16.34725,48.23309],[16.34725,48.2331],[16.34724,48.23311],[16.34723,48.23312],[16.3472,48.23313],[16.34717,48.23313],[16.34715,48.23313],[16.34713,48.23311],[16.34711,48.23312],[16.34704,48.23314],[16.34689,48.23317],[16.34678,48.23319],[16.3466,48.23322],[16.34455,48.23352],[16.34432,48.23377],[16.34394,48.23361],[16.34224,48.23386],[16.34181,48.23386],[16.34086,48.23386],[16.33778,48.23385],[16.33778,48.23418],[16.33777,48.23648],[16.33777,48.23709],[16.33775,48.23796],[16.33776,48.23887],[16.33736,48.23888],[16.33496,48.23887],[16.33454,48.23887],[16.33456,48.23731]]}},{"type":"Feature","properties":{"lineId":"38A","name":"38A","longName":"Heiligenstadt - Kahlenberg (-Leopoldsberg)","mode":"bus","color":"#0A295D","stops":[{"name":"Leopoldsberg","lon":16.34441,"lat":48.27889},{"name":"Elisabethwiese","lon":16.33433,"lat":48.28109},{"name":"Kahlenberg","lon":16.3362,"lat":48.27605},{"name":"Sulzwiese","lon":16.31975,"lat":48.27715},{"name":"Krapfenwaldgasse","lon":16.32427,"lat":48.26881},{"name":"Cobenzl Parkplatz","lon":16.32161,"lat":48.26405},{"name":"Wagenwiese","lon":16.32758,"lat":48.26566},{"name":"Cobenzlgasse","lon":16.3309,"lat":48.26334},{"name":"Feuerwache Grinzing","lon":16.33311,"lat":48.26088},{"name":"Oberer Reisenbergweg","lon":16.33564,"lat":48.25944},{"name":"Himmelstraße","lon":16.3376,"lat":48.25717},{"name":"Grinzing","lon":16.34224,"lat":48.25559},{"name":"Bretschneidergasse","lon":16.34819,"lat":48.25371},{"name":"Neugebauerweg","lon":16.35219,"lat":48.25374},{"name":"Armbrustergasse","lon":16.35564,"lat":48.25388},{"name":"Fernsprechamt Heiligenstadt","lon":16.35953,"lat":48.25403},{"name":"Grinzinger Straße","lon":16.36503,"lat":48.25446},{"name":"Heiligenstadt","lon":16.36476,"lat":48.24936}],"lengthKm":12.1},"geometry":{"type":"LineString","coordinates":[[16.34437,48.27893],[16.3444,48.27894],[16.34444,48.27897],[16.34447,48.27901],[16.34448,48.27905],[16.34448,48.27911],[16.34447,48.27921],[16.34445,48.27929],[16.34442,48.27937],[16.3444,48.27942],[16.34436,48.27947],[16.3443,48.27952],[16.34422,48.27956],[16.34413,48.2796],[16.34406,48.27963],[16.34396,48.27965],[16.34386,48.27965],[16.34377,48.27966],[16.3428,48.27956],[16.34259,48.27954],[16.34135,48.27997],[16.34028,48.28032],[16.33975,48.28047],[16.33826,48.28082],[16.33767,48.28094],[16.33609,48.28119],[16.33587,48.28121],[16.33566,48.28122],[16.33543,48.28123],[16.33516,48.28122],[16.33498,48.2812],[16.33482,48.28117],[16.33464,48.28114],[16.33443,48.28108],[16.33436,48.28106],[16.3343,48.28104],[16.33418,48.28098],[16.33408,48.28093],[16.33392,48.2808],[16.33379,48.28068],[16.33375,48.2806],[16.33371,48.2805],[16.33368,48.2804],[16.33367,48.2803],[16.33369,48.28016],[16.33372,48.28006],[16.33379,48.27993],[16.33399,48.27961],[16.33403,48.27953],[16.33404,48.27948],[16.33405,48.27944],[16.33403,48.27938],[16.33399,48.27934],[16.33394,48.27929],[16.33387,48.27927],[16.33379,48.27925],[16.33371,48.27924],[16.33364,48.27925],[16.33356,48.27927],[16.33344,48.27932],[16.33315,48.27954],[16.33249,48.28002],[16.33241,48.28006],[16.33232,48.28009],[16.33224,48.28011],[16.33213,48.28012],[16.33203,48.28012],[16.33194,48.28011],[16.33185,48.2801],[16.33177,48.28007],[16.3317,48.28003],[16.33164,48.28],[16.33159,48.27996],[16.33155,48.27991],[16.33152,48.27986],[16.3315,48.2798],[16.33149,48.27973],[16.33149,48.27966],[16.33153,48.27958],[16.33157,48.27952],[16.33164,48.27945],[16.33175,48.27937],[16.33227,48.27905],[16.3329,48.27864],[16.33341,48.27832],[16.33368,48.27815],[16.3339,48.27805],[16.33411,48.27795],[16.33454,48.27777],[16.33487,48.27765],[16.33498,48.2776],[16.33507,48.27754],[16.33508,48.2775],[16.3351,48.27745],[16.33511,48.27738],[16.33509,48.27735],[16.33507,48.27731],[16.33505,48.27728],[16.33504,48.27721],[16.33503,48.27717],[16.33501,48.27713],[16.33499,48.27709],[16.33498,48.27705],[16.33497,48.277],[16.33504,48.27696],[16.33628,48.2761],[16.33628,48.2761],[16.33641,48.27601],[16.33646,48.27599],[16.33651,48.27598],[16.33656,48.27598],[16.33666,48.27598],[16.33671,48.276],[16.33675,48.27602],[16.33678,48.27606],[16.33685,48.27619],[16.33688,48.27624],[16.33688,48.27628],[16.33688,48.27631],[16.33687,48.27634],[16.33684,48.27636],[16.33676,48.27643],[16.33559,48.27724],[16.33552,48.27728],[16.33539,48.27728],[16.33531,48.27727],[16.33521,48.27725],[16.33513,48.27723],[16.33495,48.27719],[16.3349,48.27717],[16.33481,48.27715],[16.33473,48.27715],[16.33462,48.27716],[16.33448,48.27721],[16.33291,48.27794],[16.33263,48.27806],[16.33246,48.27812],[16.33235,48.27815],[16.33224,48.27817],[16.33211,48.27819],[16.332,48.2782],[16.3318,48.2782],[16.33169,48.2782],[16.33152,48.27817],[16.33139,48.27814],[16.33128,48.2781],[16.33114,48.27805],[16.33103,48.278],[16.33018,48.27756],[16.3295,48.27722],[16.32905,48.27707],[16.32848,48.27698],[16.32791,48.27698],[16.32679,48.27712],[16.32452,48.27741],[16.32395,48.27758],[16.32322,48.27788],[16.32272,48.27801],[16.32211,48.27808],[16.32138,48.27802],[16.32123,48.27798],[16.32102,48.27793],[16.32082,48.27786],[16.32069,48.27781],[16.32057,48.27775],[16.32043,48.27768],[16.32034,48.27763],[16.32019,48.27752],[16.32004,48.2774],[16.31995,48.27732],[16.31987,48.27721],[16.31981,48.27713],[16.31981,48.27713],[16.31978,48.2771],[16.31972,48.27698],[16.31968,48.2769],[16.31962,48.27676],[16.3196,48.27664],[16.31958,48.27653],[16.31958,48.27641],[16.31959,48.27633],[16.31961,48.27619],[16.31963,48.27611],[16.31966,48.27603],[16.3197,48.27594],[16.31975,48.27584],[16.31979,48.27578],[16.31984,48.27571],[16.31989,48.27564],[16.31996,48.27557],[16.32006,48.27546],[16.32013,48.27541],[16.32022,48.27534],[16.3204,48.27522],[16.32061,48.27511],[16.32085,48.275],[16.32093,48.27497],[16.32105,48.27493],[16.32117,48.27489],[16.32131,48.27486],[16.32153,48.27481],[16.32203,48.27472],[16.32234,48.27466],[16.3225,48.27462],[16.32265,48.27458],[16.32281,48.27453],[16.32295,48.27448],[16.32305,48.27444],[16.32316,48.27439],[16.32343,48.27425],[16.32535,48.27304],[16.3255,48.27294],[16.32567,48.27282],[16.32591,48.27264],[16.32726,48.27149],[16.32732,48.27144],[16.32737,48.27139],[16.32741,48.27133],[16.32746,48.27127],[16.3275,48.2712],[16.32752,48.27112],[16.32753,48.27105],[16.32754,48.27096],[16.32754,48.27092],[16.32752,48.27085],[16.3275,48.27079],[16.32747,48.27073],[16.32745,48.27068],[16.3274,48.27061],[16.32736,48.27056],[16.32732,48.27052],[16.32726,48.27046],[16.32712,48.27035],[16.32695,48.27024],[16.32674,48.27012],[16.32656,48.27003],[16.32637,48.26995],[16.32622,48.2699],[16.326,48.26982],[16.3258,48.26977],[16.32557,48.26973],[16.32516,48.26966],[16.32504,48.26963],[16.32499,48.26962],[16.32495,48.2696],[16.32488,48.26955],[16.32485,48.26951],[16.32483,48.26947],[16.32482,48.26943],[16.32483,48.2694],[16.32485,48.26935],[16.32487,48.26931],[16.32491,48.26928],[16.32495,48.26926],[16.32501,48.26923],[16.32507,48.26921],[16.32516,48.2692],[16.32538,48.2692],[16.32556,48.26921],[16.32574,48.26923],[16.32587,48.26926],[16.326,48.26929],[16.32611,48.26932],[16.32621,48.26937],[16.3265,48.26951],[16.32659,48.26955],[16.32668,48.26958],[16.32677,48.26959],[16.32684,48.26958],[16.3269,48.26958],[16.32695,48.26956],[16.32699,48.26954],[16.32703,48.26952],[16.32706,48.26949],[16.3271,48.26945],[16.32711,48.26941],[16.32712,48.26937],[16.32711,48.26933],[16.3271,48.2693],[16.32707,48.26927],[16.32702,48.26922],[16.32697,48.26919],[16.32691,48.26916],[16.32683,48.26912],[16.32633,48.26895],[16.32609,48.26887],[16.32592,48.26882],[16.3258,48.26879],[16.3256,48.26876],[16.32544,48.26875],[16.32522,48.26874],[16.3248,48.26874],[16.3245,48.26874],[16.32427,48.26875],[16.32417,48.26875],[16.32408,48.26875],[16.32397,48.26874],[16.3239,48.26872],[16.32381,48.26868],[16.32372,48.26861],[16.32368,48.26857],[16.32364,48.2685],[16.32356,48.26838],[16.32353,48.26834],[16.32346,48.2683],[16.32342,48.26828],[16.32337,48.26826],[16.32331,48.26824],[16.32307,48.2682],[16.32267,48.26815],[16.32238,48.26812],[16.32225,48.26811],[16.32213,48.26812],[16.32202,48.26813],[16.32173,48.26819],[16.32154,48.26822],[16.32146,48.26822],[16.32136,48.26821],[16.3213,48.2682],[16.32124,48.26818],[16.32119,48.26814],[16.32113,48.2681],[16.3211,48.26806],[16.32107,48.26799],[16.32106,48.26794],[16.32107,48.26788],[16.3211,48.26782],[16.32114,48.26775],[16.32125,48.26761],[16.32141,48.26743],[16.32165,48.2672],[16.32179,48.26709],[16.32204,48.26692],[16.32232,48.26673],[16.32242,48.26664],[16.32245,48.26659],[16.32252,48.26646],[16.32255,48.26634],[16.32257,48.26621],[16.32258,48.26609],[16.3225,48.26595],[16.32241,48.26581],[16.32224,48.26567],[16.3221,48.26559],[16.32197,48.26553],[16.32181,48.26547],[16.32168,48.26543],[16.32161,48.26538],[16.32151,48.26531],[16.32146,48.26527],[16.32142,48.26521],[16.3214,48.26517],[16.32138,48.26509],[16.32136,48.265],[16.32138,48.26493],[16.32141,48.26487],[16.32144,48.26481],[16.32151,48.26474],[16.3216,48.26468],[16.32169,48.26463],[16.32182,48.26456],[16.32208,48.26445],[16.32226,48.26436],[16.3224,48.26429],[16.32252,48.26421],[16.32264,48.26413],[16.32277,48.26404],[16.32279,48.26402],[16.32282,48.26398],[16.32284,48.26396],[16.32286,48.26391],[16.32284,48.26383],[16.32283,48.2638],[16.32281,48.26375],[16.32278,48.26371],[16.32273,48.26366],[16.32266,48.26362],[16.32258,48.26359],[16.32251,48.26357],[16.32243,48.26356],[16.32233,48.26354],[16.32209,48.26355],[16.32196,48.26357],[16.32181,48.26359],[16.32184,48.26365],[16.32189,48.26389],[16.32191,48.26396],[16.32181,48.26397],[16.32166,48.26398],[16.3216,48.26399],[16.3215,48.26399],[16.32146,48.26399],[16.32141,48.26398],[16.32136,48.26396],[16.32122,48.26389],[16.32118,48.26386],[16.32124,48.26382],[16.32137,48.26376],[16.32151,48.26369],[16.32162,48.26365],[16.32171,48.26362],[16.32181,48.26359],[16.32196,48.26357],[16.32209,48.26355],[16.32233,48.26354],[16.32243,48.26356],[16.32251,48.26357],[16.32258,48.26359],[16.32266,48.26362],[16.32273,48.26366],[16.32278,48.26371],[16.32281,48.26375],[16.32283,48.2638],[16.32284,48.26383],[16.32286,48.26391],[16.32284,48.26396],[16.32282,48.26398],[16.32279,48.26402],[16.32277,48.26404],[16.32264,48.26413],[16.32252,48.26421],[16.3224,48.26429],[16.32226,48.26436],[16.32208,48.26445],[16.32182,48.26456],[16.32169,48.26463],[16.3216,48.26468],[16.32151,48.26474],[16.32144,48.26481],[16.32141,48.26487],[16.32138,48.26493],[16.32136,48.265],[16.32138,48.26509],[16.3214,48.26517],[16.32142,48.26521],[16.32146,48.26527],[16.32151,48.26531],[16.32161,48.26538],[16.32168,48.26543],[16.32181,48.26547],[16.32197,48.26553],[16.3221,48.26559],[16.32224,48.26567],[16.32241,48.26581],[16.3225,48.26595],[16.32258,48.26609],[16.32268,48.26621],[16.32275,48.26627],[16.32283,48.26633],[16.32294,48.26637],[16.32304,48.2664],[16.32311,48.26638],[16.3232,48.26635],[16.32329,48.2663],[16.32333,48.26626],[16.32335,48.26621],[16.32335,48.26616],[16.32335,48.26613],[16.3233,48.26605],[16.32275,48.26543],[16.32273,48.26537],[16.32272,48.26532],[16.32272,48.26528],[16.32276,48.26521],[16.32281,48.26518],[16.32287,48.26515],[16.32291,48.26513],[16.32298,48.26511],[16.32307,48.26511],[16.32314,48.26513],[16.3232,48.26514],[16.32328,48.26517],[16.32406,48.26555],[16.32418,48.26562],[16.32427,48.26568],[16.32434,48.26574],[16.32442,48.26581],[16.32452,48.2659],[16.32459,48.26598],[16.32467,48.26604],[16.32473,48.26608],[16.3248,48.2661],[16.32487,48.26611],[16.32494,48.26611],[16.32502,48.2661],[16.32507,48.26608],[16.32511,48.26605],[16.32515,48.26603],[16.32519,48.26598],[16.3252,48.26594],[16.32521,48.2659],[16.3252,48.26586],[16.32519,48.26582],[16.32515,48.26578],[16.32493,48.26553],[16.3249,48.26549],[16.32488,48.26545],[16.32487,48.2654],[16.32488,48.26536],[16.32491,48.2653],[16.32494,48.26526],[16.32502,48.26522],[16.32509,48.2652],[16.32516,48.26518],[16.32524,48.26519],[16.32529,48.26519],[16.32534,48.26521],[16.32544,48.26525],[16.32555,48.26533],[16.32565,48.26541],[16.32574,48.26547],[16.32586,48.26553],[16.32595,48.26556],[16.32609,48.26558],[16.32625,48.26561],[16.32635,48.26563],[16.32641,48.26565],[16.32646,48.26568],[16.32651,48.26572],[16.32654,48.26576],[16.32655,48.26581],[16.32654,48.26586],[16.32651,48.26591],[16.32645,48.26596],[16.32637,48.266],[16.32609,48.2661],[16.32595,48.26616],[16.3259,48.2662],[16.32587,48.26625],[16.32585,48.26629],[16.32584,48.26634],[16.32586,48.26638],[16.32588,48.26643],[16.32593,48.26647],[16.32598,48.2665],[16.32605,48.26652],[16.32611,48.26653],[16.32619,48.26653],[16.32627,48.26652],[16.32632,48.2665],[16.32639,48.26647],[16.32647,48.26643],[16.32664,48.26629],[16.32681,48.26617],[16.32702,48.26604],[16.32735,48.26585],[16.32763,48.26569],[16.32784,48.26559],[16.32868,48.26526],[16.32919,48.26491],[16.32933,48.26477],[16.32949,48.26462],[16.3297,48.26421],[16.33003,48.26392],[16.33089,48.26341],[16.33094,48.26337],[16.33148,48.26299],[16.33179,48.26277],[16.33206,48.26244],[16.33238,48.26171],[16.33244,48.2616],[16.33266,48.26132],[16.33318,48.26091],[16.33332,48.2608],[16.33392,48.26032],[16.33456,48.25998],[16.33547,48.25959],[16.33568,48.25946],[16.33664,48.25889],[16.33701,48.25858],[16.33727,48.2584],[16.33765,48.25814],[16.33726,48.25721],[16.33757,48.25723],[16.3376,48.25723],[16.33879,48.25713],[16.33904,48.25708],[16.33925,48.25703],[16.33936,48.25702],[16.33946,48.25698],[16.33963,48.25689],[16.33989,48.25674],[16.33998,48.25667],[16.34003,48.25663],[16.34016,48.25652],[16.34027,48.25642],[16.34037,48.25634],[16.34042,48.25631],[16.34047,48.25629],[16.34056,48.25626],[16.3407,48.2562],[16.34181,48.25576],[16.34241,48.25571],[16.34272,48.25571],[16.3426,48.25561],[16.34255,48.25564],[16.34251,48.25565],[16.34248,48.25567],[16.34237,48.25569],[16.3423,48.2557],[16.34225,48.2557],[16.34221,48.25569],[16.34219,48.25568],[16.34221,48.25569],[16.34225,48.2557],[16.3423,48.2557],[16.34237,48.25569],[16.34248,48.25567],[16.34251,48.25565],[16.34255,48.25564],[16.3426,48.25561],[16.34272,48.25571],[16.34267,48.25558],[16.34257,48.25472],[16.344,48.25443],[16.34602,48.25408],[16.34797,48.25378],[16.3482,48.25375],[16.34898,48.25365],[16.34923,48.25363],[16.34944,48.25363],[16.34965,48.25363],[16.34978,48.25365],[16.34993,48.25367],[16.35079,48.25387],[16.35133,48.25391],[16.35146,48.25393],[16.35175,48.25385],[16.35221,48.25379],[16.35303,48.25366],[16.35381,48.25371],[16.35455,48.25374],[16.3547,48.25376],[16.35478,48.25377],[16.35487,48.25381],[16.35497,48.25387],[16.35563,48.25393],[16.35858,48.25403],[16.35952,48.25407],[16.36047,48.25411],[16.36225,48.25424],[16.36234,48.25424],[16.36422,48.25451],[16.36459,48.25457],[16.36467,48.25458],[16.36547,48.25479],[16.36541,48.25468],[16.36523,48.2544],[16.36505,48.25413],[16.36493,48.25407],[16.36483,48.25397],[16.3647,48.25373],[16.36426,48.25297],[16.36406,48.25259],[16.36388,48.25215],[16.36382,48.252],[16.3636,48.25142],[16.36314,48.25025],[16.36263,48.24896],[16.36401,48.24872],[16.36439,48.24865],[16.36443,48.24871],[16.36469,48.24938]]}},{"type":"Feature","properties":{"lineId":"38B","name":"38B","longName":"Nußdorf, Beethovengang - Nußdorf Friedhof - Heiligenstädter Friedhof Allerheiligenverkehr","mode":"bus","color":"#0A295D","stops":[{"name":"Heiligenstadt","lon":16.36476,"lat":48.24936},{"name":"Nußdorf, Beethovengang","lon":16.36253,"lat":48.2595},{"name":"Nußdorf Friedhof","lon":16.35813,"lat":48.26045},{"name":"Heiligenstädter Friedhof","lon":16.34644,"lat":48.26011},{"name":"Nußdorf, Beethovengang","lon":16.36253,"lat":48.2595}],"lengthKm":5.1},"geometry":{"type":"LineString","coordinates":[[16.36469,48.24938],[16.36489,48.2499],[16.36491,48.24994],[16.36342,48.2502],[16.36314,48.25025],[16.3636,48.25142],[16.36382,48.252],[16.36388,48.25215],[16.36406,48.25259],[16.36426,48.25297],[16.3647,48.25373],[16.36483,48.25397],[16.36493,48.25407],[16.36505,48.25413],[16.36541,48.25468],[16.36547,48.25479],[16.36611,48.2561],[16.3667,48.2573],[16.36705,48.25802],[16.36726,48.25875],[16.36741,48.25927],[16.36742,48.25937],[16.36742,48.25946],[16.36739,48.25956],[16.36738,48.25963],[16.36724,48.26003],[16.36725,48.26034],[16.36711,48.26034],[16.36674,48.26031],[16.36672,48.2603],[16.36668,48.2603],[16.36664,48.26028],[16.3666,48.26026],[16.36657,48.26024],[16.36655,48.26021],[16.36654,48.26018],[16.36655,48.26011],[16.3665,48.26007],[16.36638,48.26002],[16.36611,48.25999],[16.36585,48.25996],[16.36575,48.25994],[16.36568,48.25992],[16.36558,48.25989],[16.36474,48.2596],[16.36467,48.25962],[16.36457,48.25965],[16.3645,48.25966],[16.36444,48.25967],[16.36417,48.25965],[16.36333,48.25961],[16.36329,48.25961],[16.36327,48.2596],[16.36326,48.25959],[16.3632,48.25948],[16.36254,48.25945],[16.36216,48.25943],[16.36209,48.25944],[16.36203,48.25945],[16.36195,48.25949],[16.36185,48.25954],[16.36144,48.2598],[16.36138,48.25984],[16.36136,48.25987],[16.36136,48.25988],[16.36136,48.2599],[16.36138,48.25992],[16.36141,48.25994],[16.36144,48.25994],[16.36174,48.26],[16.36182,48.26001],[16.36193,48.26001],[16.36194,48.26006],[16.36192,48.26017],[16.36177,48.26056],[16.36168,48.26077],[16.36161,48.26086],[16.36107,48.26071],[16.35979,48.26033],[16.35973,48.26032],[16.3586,48.26038],[16.35813,48.26041],[16.35784,48.26043],[16.35741,48.26046],[16.35694,48.26047],[16.35687,48.26048],[16.35594,48.2605],[16.3557,48.2605],[16.35512,48.26047],[16.35476,48.26044],[16.35414,48.26041],[16.35395,48.26042],[16.35382,48.26044],[16.35363,48.26047],[16.35349,48.2605],[16.35338,48.26055],[16.3531,48.26068],[16.35286,48.26079],[16.35267,48.26088],[16.35251,48.26095],[16.35218,48.26107],[16.35205,48.26111],[16.35123,48.26134],[16.351,48.26141],[16.35085,48.26143],[16.35086,48.2614],[16.35085,48.26136],[16.35083,48.26131],[16.35077,48.26121],[16.35071,48.26112],[16.35059,48.26096],[16.35054,48.26088],[16.3505,48.26079],[16.35047,48.26071],[16.35028,48.26002],[16.35009,48.25937],[16.34998,48.25937],[16.34899,48.25952],[16.34813,48.25969],[16.34778,48.25976],[16.34639,48.26002],[16.34778,48.25976],[16.34813,48.25969],[16.34899,48.25952],[16.34998,48.25937],[16.35009,48.25937],[16.3503,48.25914],[16.35037,48.25912],[16.35166,48.25881],[16.35187,48.25875],[16.35206,48.25869],[16.35223,48.25863],[16.3524,48.25856],[16.3525,48.25852],[16.35268,48.25843],[16.35278,48.25838],[16.35285,48.25834],[16.35296,48.25826],[16.35318,48.25809],[16.35321,48.25805],[16.35328,48.25783],[16.35356,48.25785],[16.35573,48.25778],[16.35583,48.25777],[16.35599,48.25774],[16.35616,48.2577],[16.35631,48.25766],[16.35662,48.25758],[16.35668,48.25757],[16.35677,48.25756],[16.35696,48.25755],[16.35788,48.25755],[16.35808,48.25753],[16.35824,48.25751],[16.35853,48.25755],[16.35863,48.2576],[16.35897,48.2577],[16.35915,48.25775],[16.3595,48.25782],[16.35978,48.25787],[16.35993,48.25789],[16.36009,48.2579],[16.36054,48.25789],[16.36082,48.25788],[16.36096,48.25788],[16.36123,48.25793],[16.36136,48.25797],[16.3616,48.25805],[16.36172,48.25809],[16.36326,48.2586],[16.36384,48.25877],[16.36395,48.25881],[16.36425,48.25891],[16.36445,48.25897],[16.3645,48.25899],[16.3646,48.25905],[16.36474,48.2596],[16.36467,48.25962],[16.36457,48.25965],[16.3645,48.25966],[16.36444,48.25967],[16.36417,48.25965],[16.36333,48.25961],[16.36329,48.25961],[16.36327,48.2596],[16.36326,48.25959],[16.3632,48.25948],[16.36254,48.25945]]}},{"type":"Feature","properties":{"lineId":"39A","name":"39A","longName":"Heiligenstadt - Sievering","mode":"bus","color":"#0A295D","stops":[{"name":"Neustift, Agnesgasse","lon":16.30749,"lat":48.25089},{"name":"Ährengrubenweg","lon":16.3117,"lat":48.25354},{"name":"Sievering","lon":16.31709,"lat":48.25418},{"name":"Fröschelgasse","lon":16.32065,"lat":48.25188},{"name":"Karthäuserstraße","lon":16.32376,"lat":48.25056},{"name":"Bellevuestraße","lon":16.32836,"lat":48.24828},{"name":"Börnergasse","lon":16.33136,"lat":48.24762},{"name":"Daringergasse","lon":16.3345,"lat":48.24658},{"name":"Sauerburggasse","lon":16.33897,"lat":48.24616},{"name":"Obkirchergasse","lon":16.34189,"lat":48.2457},{"name":"Oberdöbling","lon":16.3443,"lat":48.24471},{"name":"Silbergasse","lon":16.34897,"lat":48.24305},{"name":"Saarplatz","lon":16.35004,"lat":48.24515},{"name":"Barawitzkagasse","lon":16.35666,"lat":48.24455},{"name":"Gunoldstraße","lon":16.36123,"lat":48.24459},{"name":"Heiligenstadt","lon":16.3646,"lat":48.24894}],"lengthKm":5.6},"geometry":{"type":"LineString","coordinates":[[16.30761,48.25088],[16.30761,48.25075],[16.30761,48.25065],[16.3076,48.25057],[16.30759,48.25052],[16.30755,48.25052],[16.30753,48.25052],[16.30751,48.25051],[16.30749,48.2505],[16.30747,48.25049],[16.30746,48.25047],[16.30745,48.25046],[16.30745,48.25044],[16.30745,48.25043],[16.30746,48.25041],[16.30747,48.2504],[16.30749,48.25039],[16.30751,48.25038],[16.30753,48.25037],[16.30755,48.25036],[16.3076,48.25036],[16.30762,48.25037],[16.30766,48.25038],[16.30767,48.2504],[16.30769,48.25041],[16.30769,48.25043],[16.30769,48.25044],[16.30769,48.25046],[16.30769,48.25047],[16.30767,48.25049],[16.30766,48.2505],[16.30764,48.25051],[16.30762,48.25052],[16.30759,48.25052],[16.3076,48.25057],[16.30761,48.25065],[16.30761,48.25075],[16.30761,48.25115],[16.30762,48.2513],[16.30764,48.25148],[16.30768,48.25166],[16.30774,48.25188],[16.3078,48.25205],[16.30788,48.25223],[16.30808,48.25259],[16.30811,48.25265],[16.30816,48.25273],[16.30821,48.25279],[16.30826,48.25283],[16.3083,48.25287],[16.30837,48.25292],[16.30842,48.25295],[16.30851,48.253],[16.30861,48.25304],[16.30869,48.25307],[16.30884,48.2531],[16.30892,48.25312],[16.30899,48.25313],[16.30971,48.25319],[16.30991,48.25321],[16.31008,48.25323],[16.31022,48.25325],[16.31042,48.25329],[16.31058,48.25334],[16.31078,48.2534],[16.31106,48.2535],[16.31124,48.25355],[16.31138,48.25358],[16.31146,48.25359],[16.31155,48.25359],[16.31171,48.25359],[16.31185,48.25358],[16.3119,48.25357],[16.31219,48.25355],[16.31229,48.25355],[16.31239,48.25355],[16.31247,48.25355],[16.31264,48.25358],[16.31271,48.25359],[16.31287,48.25362],[16.31329,48.25377],[16.31343,48.25381],[16.3137,48.25386],[16.31381,48.25387],[16.31394,48.25387],[16.31443,48.25387],[16.31462,48.25387],[16.31484,48.25389],[16.31498,48.2539],[16.31512,48.25392],[16.31556,48.254],[16.31598,48.25406],[16.31607,48.25408],[16.31614,48.25411],[16.31663,48.2543],[16.3167,48.25435],[16.31681,48.25431],[16.31693,48.25428],[16.31701,48.25426],[16.31712,48.25422],[16.31739,48.25411],[16.31748,48.25407],[16.31752,48.25405],[16.31757,48.25401],[16.31762,48.25396],[16.31789,48.25369],[16.31805,48.25357],[16.31815,48.25354],[16.31836,48.25347],[16.31843,48.25344],[16.31852,48.2534],[16.31859,48.25335],[16.31902,48.25297],[16.31909,48.25289],[16.31913,48.25282],[16.31923,48.25254],[16.31928,48.25242],[16.31933,48.25234],[16.3194,48.25226],[16.31946,48.25221],[16.31955,48.25215],[16.31964,48.25212],[16.31994,48.25203],[16.3202,48.25197],[16.32045,48.25193],[16.32055,48.25192],[16.32063,48.25193],[16.32095,48.25197],[16.32101,48.25198],[16.32107,48.25198],[16.32113,48.25197],[16.32123,48.25195],[16.32204,48.25175],[16.32213,48.25173],[16.32221,48.2517],[16.32229,48.25167],[16.32248,48.25161],[16.32256,48.25158],[16.32274,48.25155],[16.32283,48.25153],[16.32294,48.2515],[16.32303,48.25147],[16.32318,48.25137],[16.32333,48.25124],[16.32342,48.25111],[16.32351,48.251],[16.32362,48.25084],[16.32367,48.25078],[16.32381,48.25063],[16.32384,48.2506],[16.32396,48.25049],[16.32413,48.25037],[16.32446,48.25014],[16.3248,48.2499],[16.32511,48.24966],[16.32594,48.24908],[16.32609,48.24898],[16.32617,48.24896],[16.32645,48.24883],[16.32659,48.24878],[16.32674,48.24874],[16.32685,48.2487],[16.3277,48.24855],[16.32804,48.24846],[16.32841,48.24833],[16.32899,48.24812],[16.3291,48.2481],[16.32921,48.24809],[16.32937,48.24808],[16.32948,48.24809],[16.32958,48.24809],[16.32969,48.24811],[16.32977,48.24811],[16.32989,48.24811],[16.32999,48.24811],[16.33014,48.24809],[16.33024,48.24808],[16.33033,48.24806],[16.33054,48.248],[16.33072,48.24793],[16.33104,48.24782],[16.33123,48.24775],[16.33139,48.24769],[16.33142,48.24767],[16.33157,48.2476],[16.33175,48.24752],[16.33214,48.24737],[16.33246,48.24725],[16.3336,48.24685],[16.3341,48.2467],[16.33418,48.24668],[16.33451,48.24664],[16.33462,48.24663],[16.33565,48.24658],[16.33717,48.24649],[16.33899,48.24621],[16.34191,48.24577],[16.34318,48.24558],[16.34399,48.24499],[16.34434,48.24474],[16.34458,48.24457],[16.34483,48.24437],[16.34522,48.24405],[16.34552,48.24381],[16.3458,48.24361],[16.34613,48.24342],[16.34629,48.24335],[16.34648,48.24327],[16.34677,48.24317],[16.34695,48.24312],[16.3473,48.24304],[16.34752,48.243],[16.34769,48.24297],[16.34797,48.24294],[16.34814,48.24291],[16.3483,48.24288],[16.34843,48.24284],[16.34858,48.24278],[16.34866,48.24274],[16.34881,48.24292],[16.34887,48.24307],[16.34896,48.24327],[16.34905,48.24351],[16.34926,48.24406],[16.34936,48.24437],[16.34954,48.24508],[16.34957,48.24514],[16.34959,48.24517],[16.34961,48.24519],[16.34966,48.24522],[16.34971,48.24523],[16.34976,48.24523],[16.34984,48.24523],[16.35005,48.2452],[16.35121,48.24505],[16.35146,48.24503],[16.35179,48.24502],[16.35365,48.24504],[16.35381,48.24503],[16.35403,48.24502],[16.35428,48.24499],[16.35456,48.24495],[16.35482,48.24488],[16.35501,48.24483],[16.35515,48.24479],[16.35553,48.24464],[16.35559,48.24462],[16.3557,48.2446],[16.35588,48.24459],[16.35666,48.2446],[16.35789,48.2446],[16.35993,48.24463],[16.36046,48.24463],[16.36123,48.24465],[16.36154,48.24465],[16.36171,48.24466],[16.3619,48.24472],[16.36284,48.24506],[16.36278,48.24515],[16.36276,48.2452],[16.36274,48.24525],[16.36274,48.24532],[16.36274,48.24537],[16.36274,48.2454],[16.36276,48.24545],[16.36278,48.2455],[16.36282,48.24557],[16.36342,48.24649],[16.36346,48.24655],[16.36365,48.24687],[16.36372,48.24701],[16.36385,48.24728],[16.36393,48.24748],[16.36411,48.24794],[16.36439,48.24865],[16.36443,48.24871],[16.36452,48.24896]]}},{"type":"Feature","properties":{"lineId":"39B","name":"39B","longName":"Karthäuserstraße - Sieveringer Friedhof Allerheiligenverkehr","mode":"bus","color":"#0A295D","stops":[{"name":"Karthäuserstraße","lon":16.32357,"lat":48.2511},{"name":"Sieveringer Friedhof","lon":16.32141,"lat":48.24913}],"lengthKm":0.5},"geometry":{"type":"LineString","coordinates":[[16.32346,48.25106],[16.32333,48.25124],[16.32318,48.25137],[16.32303,48.25147],[16.32294,48.2515],[16.32283,48.25153],[16.32274,48.25155],[16.32256,48.25158],[16.32248,48.25161],[16.32229,48.25167],[16.32221,48.2517],[16.32213,48.25173],[16.3221,48.25165],[16.32096,48.25074],[16.31992,48.2499],[16.31993,48.24984],[16.32021,48.2497],[16.32041,48.24961],[16.32081,48.24943],[16.32144,48.24916]]}},{"type":"Feature","properties":{"lineId":"40A","name":"40A","longName":"Schottentor - Döblinger Friedhof","mode":"bus","color":"#0A295D","stops":[{"name":"Schottentor","lon":16.36449,"lat":48.21534},{"name":"Berggasse","lon":16.36191,"lat":48.21792},{"name":"Bauernfeldplatz","lon":16.36031,"lat":48.22074},{"name":"Alserbachstraße","lon":16.35569,"lat":48.22505},{"name":"Währinger Straße-Volksoper","lon":16.34949,"lat":48.22633},{"name":"Sternwartestraße","lon":16.35007,"lat":48.22894},{"name":"Gymnasiumstraße","lon":16.34511,"lat":48.23024},{"name":"Währinger Park","lon":16.34697,"lat":48.23247},{"name":"Cottagegasse","lon":16.34181,"lat":48.23393},{"name":"Gregor-Mendel-Straße","lon":16.33786,"lat":48.23418},{"name":"Linnéplatz","lon":16.33786,"lat":48.23648},{"name":"Dänenstraße","lon":16.33414,"lat":48.23715},{"name":"Borkowskigasse","lon":16.33062,"lat":48.23714},{"name":"Peter-Jordan-Straße","lon":16.32605,"lat":48.23873},{"name":"Döblinger Friedhof/Felix-Dahn-Straße","lon":16.32605,"lat":48.23997}],"lengthKm":5.2},"geometry":{"type":"LineString","coordinates":[[16.36443,48.21531],[16.36345,48.21624],[16.3628,48.21683],[16.36231,48.21728],[16.36187,48.2179],[16.36175,48.21807],[16.36094,48.21918],[16.36076,48.21957],[16.36057,48.21997],[16.36036,48.22048],[16.36027,48.22065],[16.36025,48.22069],[16.36023,48.22071],[16.36019,48.22076],[16.36008,48.22087],[16.35942,48.22157],[16.35934,48.22168],[16.35927,48.22175],[16.35906,48.22196],[16.35879,48.22227],[16.35792,48.22318],[16.35702,48.22491],[16.35651,48.22496],[16.35631,48.22496],[16.35616,48.22496],[16.356,48.22495],[16.35587,48.22494],[16.35575,48.22492],[16.35499,48.22478],[16.35491,48.22485],[16.35476,48.22491],[16.35457,48.22496],[16.35375,48.2252],[16.35292,48.22544],[16.35213,48.22563],[16.35104,48.22589],[16.35,48.226],[16.34942,48.22607],[16.34924,48.2261],[16.34929,48.22635],[16.34988,48.22896],[16.34993,48.22919],[16.34749,48.22944],[16.34478,48.23],[16.34503,48.23027],[16.34548,48.23075],[16.34599,48.23128],[16.34637,48.23168],[16.34643,48.23175],[16.34649,48.23182],[16.34654,48.23191],[16.34688,48.23249],[16.34713,48.23292],[16.34715,48.23295],[16.34717,48.23304],[16.3472,48.23304],[16.34722,48.23305],[16.34723,48.23306],[16.34725,48.23307],[16.34725,48.23309],[16.34725,48.2331],[16.34724,48.23311],[16.34723,48.23312],[16.3472,48.23313],[16.34717,48.23313],[16.34715,48.23313],[16.34713,48.23311],[16.34711,48.23312],[16.34704,48.23314],[16.34689,48.23317],[16.34678,48.23319],[16.3466,48.23322],[16.34455,48.23352],[16.34432,48.23377],[16.34394,48.23361],[16.34224,48.23386],[16.34181,48.23386],[16.34086,48.23386],[16.33778,48.23385],[16.33778,48.23418],[16.33777,48.23648],[16.33777,48.23709],[16.33414,48.23708],[16.33061,48.23708],[16.33042,48.23708],[16.33033,48.23709],[16.33013,48.23712],[16.33005,48.23714],[16.32998,48.23716],[16.32595,48.23854],[16.32591,48.23856],[16.32595,48.23863],[16.32599,48.23871],[16.326,48.23874],[16.32602,48.2388],[16.32603,48.23888],[16.32603,48.23898],[16.326,48.23908],[16.32597,48.23917],[16.32589,48.23939],[16.32582,48.23955],[16.32573,48.23971],[16.32562,48.23987],[16.32551,48.24003],[16.32545,48.2401],[16.32559,48.24009],[16.32579,48.24007],[16.32595,48.24005],[16.32607,48.24002]]}},{"type":"Feature","properties":{"lineId":"41A","name":"41A","longName":"Pötzleinsdorf - Neustifter Friedhof 3.Tor","mode":"bus","color":"#0A295D","stops":[{"name":"Pötzleinsdorf","lon":16.31034,"lat":48.24139},{"name":"Khevenhüllerstraße","lon":16.30726,"lat":48.24345},{"name":"Pötzleinsdorfer Friedhof","lon":16.30753,"lat":48.24568},{"name":"Neustifter Friedhof 1.Tor","lon":16.3047,"lat":48.24724},{"name":"Neustifter Friedhof 2.Tor","lon":16.30124,"lat":48.24737},{"name":"Neustifter Friedhof 3.Tor","lon":16.29849,"lat":48.24666}],"lengthKm":1.5},"geometry":{"type":"LineString","coordinates":[[16.31038,48.24141],[16.31053,48.24131],[16.31056,48.24129],[16.31058,48.24126],[16.31058,48.24124],[16.31059,48.24121],[16.31061,48.24118],[16.31063,48.24117],[16.31067,48.24116],[16.31071,48.24117],[16.31087,48.24122],[16.31023,48.24163],[16.31006,48.24174],[16.30979,48.24188],[16.30916,48.24224],[16.30892,48.24241],[16.30825,48.24294],[16.30817,48.243],[16.30807,48.24306],[16.30798,48.2431],[16.30785,48.24316],[16.30723,48.24342],[16.30695,48.24353],[16.30725,48.24463],[16.30745,48.24552],[16.30748,48.24568],[16.30756,48.24617],[16.30773,48.24689],[16.30773,48.24699],[16.30766,48.24697],[16.30763,48.24698],[16.30733,48.24709],[16.30715,48.24716],[16.30701,48.2472],[16.30677,48.24726],[16.30666,48.24727],[16.30653,48.24728],[16.30638,48.24729],[16.30628,48.24729],[16.30612,48.24729],[16.3047,48.24718],[16.30421,48.24715],[16.30394,48.24714],[16.30367,48.24714],[16.30332,48.24715],[16.30303,48.24717],[16.30141,48.24731],[16.30134,48.24732],[16.30125,48.24732],[16.30116,48.24732],[16.30104,48.2473],[16.30095,48.24729],[16.29975,48.24705],[16.29888,48.24686],[16.29846,48.2468]]}},{"type":"Feature","properties":{"lineId":"42A","name":"42A","longName":"Hernals - Schafberghöhe","mode":"bus","color":"#0A295D","stops":[{"name":"Hernals","lon":16.31501,"lat":48.22291},{"name":"Hernalser Friedhof","lon":16.31932,"lat":48.22463},{"name":"Richthausenstraße","lon":16.32239,"lat":48.22415},{"name":"Czartoryskigasse","lon":16.32773,"lat":48.22792},{"name":"Gersthof","lon":16.32906,"lat":48.23012},{"name":"Simonygasse","lon":16.32827,"lat":48.22762},{"name":"Czartoryskigasse","lon":16.32719,"lat":48.22802},{"name":"Alsegger Straße/Czartoryskigasse","lon":16.32373,"lat":48.22903},{"name":"Krenngasse","lon":16.31943,"lat":48.22963},{"name":"Gersthofer Friedhof","lon":16.31614,"lat":48.23},{"name":"Schöberweg","lon":16.31201,"lat":48.23083},{"name":"Kleingartenverein Alsrückenweg","lon":16.30817,"lat":48.23173},{"name":"Twarochgasse","lon":16.30509,"lat":48.23329},{"name":"Schafberg/Werfelstraße","lon":16.30157,"lat":48.23508},{"name":"Schafbergbad","lon":16.30123,"lat":48.23603},{"name":"Schafberghöhe","lon":16.29774,"lat":48.2379}],"lengthKm":4.7},"geometry":{"type":"LineString","coordinates":[[16.31496,48.22293],[16.31505,48.22303],[16.31513,48.22306],[16.31521,48.22304],[16.31557,48.22351],[16.31579,48.22348],[16.31602,48.22351],[16.31621,48.22354],[16.31731,48.22382],[16.31739,48.22384],[16.31845,48.22412],[16.31891,48.22398],[16.31905,48.22426],[16.31925,48.22465],[16.3194,48.22496],[16.31954,48.22494],[16.32007,48.22481],[16.32024,48.22476],[16.32052,48.22468],[16.32066,48.22464],[16.32195,48.22431],[16.32241,48.22419],[16.32287,48.22408],[16.32297,48.22426],[16.32438,48.22674],[16.32473,48.22674],[16.32526,48.22676],[16.32533,48.22677],[16.32549,48.2268],[16.32564,48.22683],[16.3258,48.22687],[16.32588,48.2269],[16.32603,48.22695],[16.32618,48.22701],[16.32628,48.22706],[16.32656,48.22722],[16.32684,48.22739],[16.32746,48.22782],[16.32763,48.22797],[16.3284,48.22866],[16.32857,48.22901],[16.32875,48.22938],[16.32873,48.22972],[16.32869,48.23037],[16.32881,48.23033],[16.32913,48.23019],[16.32954,48.23001],[16.32953,48.22994],[16.32954,48.22928],[16.32952,48.22911],[16.32948,48.22896],[16.32943,48.22884],[16.32932,48.22861],[16.32925,48.22849],[16.32916,48.22834],[16.32903,48.22817],[16.32896,48.22809],[16.32889,48.22801],[16.32883,48.22796],[16.32875,48.22789],[16.32833,48.22759],[16.32807,48.22741],[16.32746,48.22782],[16.32714,48.22798],[16.32636,48.22836],[16.32508,48.22878],[16.32371,48.22898],[16.32196,48.22924],[16.32049,48.22945],[16.31973,48.22955],[16.31952,48.22958],[16.31943,48.22959],[16.31895,48.22963],[16.31884,48.22964],[16.31863,48.22967],[16.31848,48.2297],[16.31833,48.22973],[16.31795,48.22982],[16.3177,48.22988],[16.3175,48.22992],[16.31725,48.22996],[16.31713,48.22997],[16.31707,48.22998],[16.31697,48.22998],[16.3169,48.22998],[16.31667,48.22998],[16.31615,48.22997],[16.31579,48.22997],[16.31567,48.22997],[16.31556,48.22997],[16.31528,48.23],[16.31513,48.23003],[16.31498,48.23007],[16.31473,48.23014],[16.31323,48.23059],[16.31272,48.2307],[16.31201,48.2308],[16.31192,48.23081],[16.31179,48.23084],[16.31122,48.23097],[16.30954,48.23133],[16.30903,48.23145],[16.30876,48.23152],[16.30843,48.23161],[16.30815,48.2317],[16.30789,48.23179],[16.30751,48.23194],[16.30637,48.23251],[16.30598,48.23271],[16.30536,48.23306],[16.30505,48.23326],[16.30457,48.23357],[16.30415,48.23381],[16.30393,48.23391],[16.30221,48.23466],[16.30201,48.23474],[16.30197,48.2348],[16.30169,48.23492],[16.30154,48.235],[16.3015,48.23504],[16.3014,48.23511],[16.30133,48.23515],[16.30128,48.23527],[16.30131,48.23528],[16.30133,48.23529],[16.30134,48.2353],[16.30135,48.23532],[16.30135,48.23533],[16.30135,48.23534],[16.30134,48.23535],[16.30133,48.23536],[16.30131,48.23538],[16.30127,48.23539],[16.30125,48.23539],[16.30125,48.23543],[16.30112,48.23602],[16.3011,48.2361],[16.30105,48.23624],[16.30102,48.23631],[16.30097,48.23638],[16.30087,48.2365],[16.30037,48.23703],[16.3003,48.2371],[16.30021,48.23717],[16.30013,48.23721],[16.30004,48.23725],[16.29965,48.23741],[16.29956,48.23745],[16.29911,48.23765],[16.29898,48.2377],[16.29893,48.23771],[16.29888,48.23772],[16.29882,48.23773],[16.29871,48.23774],[16.29828,48.23774],[16.29793,48.23777],[16.29787,48.23778],[16.29771,48.23779],[16.2977,48.23784],[16.29768,48.23787]]}},{"type":"Feature","properties":{"lineId":"43A","name":"43A","longName":"Dornbach - Cobenzl Parkplatz Baustellenfahrplan 20.04. - 27.07.2026","mode":"bus","color":"#0A295D","stops":[{"name":"Cobenzl Parkplatz","lon":16.32161,"lat":48.26405},{"name":"Höhenstraße/Rohrerwiese","lon":16.29659,"lat":48.26696},{"name":"Dreimarkstein","lon":16.28738,"lat":48.25861},{"name":"Obere Waldandacht","lon":16.27357,"lat":48.25308},{"name":"Promenadeweg","lon":16.28096,"lat":48.25059},{"name":"Keylwerthgasse","lon":16.28787,"lat":48.25084},{"name":"Artariastraße","lon":16.28126,"lat":48.24262},{"name":"Marswiese","lon":16.2801,"lat":48.24027},{"name":"Geroldgasse","lon":16.28358,"lat":48.23899},{"name":"Neuwaldegger Straße","lon":16.28784,"lat":48.23683},{"name":"Neuwaldegg","lon":16.29082,"lat":48.23398},{"name":"Himmelmutterweg","lon":16.29459,"lat":48.23061},{"name":"Dornbacher Straße","lon":16.29899,"lat":48.2269},{"name":"Dornbach","lon":16.30757,"lat":48.22613}],"lengthKm":12.4},"geometry":{"type":"LineString","coordinates":[[16.3216,48.26399],[16.3215,48.26399],[16.32146,48.26399],[16.32141,48.26398],[16.32136,48.26396],[16.32122,48.26389],[16.32118,48.26386],[16.32124,48.26382],[16.32137,48.26376],[16.32151,48.26369],[16.32171,48.26362],[16.32181,48.26359],[16.32196,48.26357],[16.32209,48.26355],[16.32233,48.26354],[16.32239,48.26351],[16.32244,48.26348],[16.32248,48.26344],[16.32249,48.26341],[16.3225,48.26336],[16.3225,48.26332],[16.32254,48.26329],[16.32202,48.26304],[16.32134,48.26282],[16.32095,48.26274],[16.32062,48.26275],[16.31824,48.26331],[16.31802,48.26336],[16.31797,48.26337],[16.31755,48.2634],[16.31351,48.26347],[16.31334,48.26349],[16.31323,48.2635],[16.31311,48.26352],[16.31302,48.26355],[16.31288,48.2636],[16.31271,48.26369],[16.31261,48.26376],[16.31167,48.26463],[16.31153,48.26476],[16.31142,48.26484],[16.31134,48.2649],[16.31123,48.26496],[16.3111,48.26503],[16.31098,48.26509],[16.31047,48.26531],[16.31019,48.26543],[16.30993,48.26557],[16.30969,48.26574],[16.30946,48.26591],[16.30933,48.26603],[16.3092,48.26616],[16.30907,48.26631],[16.30895,48.26648],[16.30886,48.26663],[16.30881,48.26672],[16.30873,48.26691],[16.30866,48.26709],[16.30863,48.26725],[16.30861,48.26742],[16.3086,48.26759],[16.30861,48.26781],[16.30867,48.26827],[16.30868,48.26842],[16.30873,48.26876],[16.30873,48.26884],[16.30873,48.26891],[16.30871,48.26902],[16.30868,48.26908],[16.30866,48.26912],[16.30861,48.26917],[16.30856,48.26921],[16.30846,48.26928],[16.3084,48.26931],[16.30832,48.26933],[16.30827,48.26935],[16.30823,48.26936],[16.30818,48.26936],[16.30811,48.26937],[16.30806,48.26937],[16.30799,48.26936],[16.30696,48.26923],[16.30638,48.2692],[16.30569,48.26924],[16.30344,48.26958],[16.3031,48.26961],[16.30286,48.26958],[16.3028,48.26957],[16.30274,48.26956],[16.30263,48.26953],[16.30255,48.2695],[16.30245,48.26945],[16.30238,48.2694],[16.30233,48.26937],[16.30208,48.26913],[16.30192,48.26898],[16.30161,48.26875],[16.30124,48.26855],[16.29721,48.26711],[16.29715,48.26718],[16.29697,48.26712],[16.29662,48.26696],[16.29662,48.26695],[16.29657,48.26688],[16.29467,48.2662],[16.2945,48.26613],[16.29441,48.26609],[16.29433,48.26604],[16.29427,48.26601],[16.29422,48.26597],[16.29416,48.26591],[16.2941,48.26584],[16.29407,48.2658],[16.29403,48.26575],[16.294,48.26567],[16.29397,48.26558],[16.29397,48.26551],[16.29396,48.26545],[16.29397,48.26538],[16.29399,48.26532],[16.29402,48.26526],[16.29404,48.26521],[16.29409,48.26514],[16.29414,48.26509],[16.29419,48.26503],[16.29427,48.26498],[16.29439,48.26491],[16.2947,48.26473],[16.29497,48.26459],[16.29518,48.26447],[16.29529,48.26439],[16.29539,48.2643],[16.29545,48.26423],[16.29549,48.26417],[16.29555,48.26406],[16.29558,48.26397],[16.29559,48.26391],[16.2956,48.26384],[16.2956,48.26374],[16.29558,48.26367],[16.29557,48.26362],[16.29553,48.26352],[16.29547,48.26341],[16.29541,48.26334],[16.29535,48.26328],[16.29528,48.26323],[16.29518,48.26315],[16.29499,48.26305],[16.29388,48.26252],[16.29298,48.2621],[16.29252,48.2619],[16.29204,48.26171],[16.29158,48.26156],[16.2908,48.26134],[16.28977,48.26108],[16.28937,48.26098],[16.28915,48.26092],[16.2891,48.2609],[16.28898,48.26086],[16.28888,48.2608],[16.28884,48.26077],[16.28877,48.26071],[16.28873,48.26067],[16.28869,48.26062],[16.28865,48.26056],[16.28862,48.26049],[16.28861,48.26045],[16.2886,48.26036],[16.2886,48.2603],[16.28862,48.2602],[16.28864,48.26014],[16.28867,48.26011],[16.28869,48.26007],[16.28874,48.26001],[16.2888,48.25995],[16.28886,48.25991],[16.28892,48.25987],[16.289,48.25983],[16.28907,48.2598],[16.29031,48.25934],[16.29164,48.25884],[16.29173,48.2588],[16.29178,48.25878],[16.29183,48.25875],[16.29188,48.25871],[16.2919,48.25868],[16.29193,48.25865],[16.29194,48.25862],[16.29196,48.25857],[16.29197,48.25852],[16.29196,48.25848],[16.29195,48.25843],[16.29193,48.25838],[16.29187,48.2583],[16.29185,48.25827],[16.2918,48.25824],[16.29177,48.25822],[16.29169,48.25818],[16.29165,48.25817],[16.29157,48.25816],[16.29152,48.25815],[16.2914,48.25816],[16.29129,48.25816],[16.28923,48.25835],[16.28843,48.25841],[16.28805,48.25843],[16.28772,48.25842],[16.2875,48.25841],[16.28741,48.25841],[16.28729,48.2584],[16.28704,48.25837],[16.28678,48.25834],[16.28638,48.25827],[16.28527,48.25798],[16.28055,48.25673],[16.28037,48.25668],[16.27784,48.25602],[16.27763,48.25596],[16.27714,48.25586],[16.27664,48.25576],[16.27618,48.25568],[16.27607,48.25564],[16.27602,48.25561],[16.27597,48.25558],[16.27594,48.25555],[16.27591,48.2555],[16.27589,48.25546],[16.27588,48.25543],[16.27588,48.25537],[16.27589,48.25532],[16.2759,48.25528],[16.27595,48.25522],[16.276,48.25518],[16.27605,48.25514],[16.27614,48.25511],[16.27622,48.25509],[16.27628,48.25509],[16.27641,48.25509],[16.27658,48.25509],[16.27873,48.25523],[16.27889,48.25522],[16.27896,48.2552],[16.27902,48.25518],[16.27908,48.25515],[16.27912,48.25511],[16.27918,48.25505],[16.27921,48.255],[16.27922,48.25495],[16.27922,48.25491],[16.27922,48.25487],[16.2792,48.25482],[16.27917,48.25478],[16.27914,48.25474],[16.27911,48.25471],[16.27903,48.25467],[16.27898,48.25465],[16.27893,48.25463],[16.27877,48.2546],[16.27845,48.25456],[16.27625,48.25432],[16.27573,48.25426],[16.27554,48.25423],[16.2754,48.2542],[16.27517,48.25415],[16.27493,48.25407],[16.27475,48.25399],[16.27445,48.25385],[16.27433,48.25378],[16.27423,48.25371],[16.27411,48.25362],[16.27403,48.25355],[16.27388,48.2534],[16.2738,48.25332],[16.27372,48.25321],[16.27363,48.25309],[16.27362,48.25307],[16.27358,48.25299],[16.27355,48.25293],[16.27353,48.25287],[16.27349,48.25276],[16.27347,48.25267],[16.27345,48.25255],[16.27344,48.25244],[16.27345,48.25228],[16.27351,48.25155],[16.27357,48.25085],[16.27359,48.25078],[16.27362,48.25071],[16.27364,48.25067],[16.27369,48.25061],[16.27372,48.25058],[16.27378,48.25054],[16.27385,48.25051],[16.27392,48.25048],[16.274,48.25045],[16.27408,48.25044],[16.27416,48.25044],[16.27423,48.25044],[16.27428,48.25044],[16.27436,48.25045],[16.27441,48.25046],[16.27447,48.25048],[16.27452,48.25051],[16.27458,48.25054],[16.27465,48.25059],[16.27471,48.25063],[16.27516,48.2511],[16.27531,48.25126],[16.27543,48.25136],[16.27555,48.25146],[16.27565,48.25152],[16.27572,48.25156],[16.27587,48.25163],[16.27601,48.25169],[16.27614,48.25173],[16.27631,48.25178],[16.27644,48.2518],[16.27657,48.25183],[16.2767,48.25184],[16.27682,48.25185],[16.27695,48.25185],[16.2771,48.25185],[16.27722,48.25185],[16.27735,48.25183],[16.27745,48.25182],[16.27758,48.2518],[16.27773,48.25176],[16.27785,48.25172],[16.278,48.25167],[16.27817,48.2516],[16.27834,48.25151],[16.27954,48.25092],[16.27969,48.25085],[16.27985,48.25078],[16.28001,48.25073],[16.28015,48.2507],[16.28028,48.25067],[16.28042,48.25065],[16.28056,48.25064],[16.28069,48.25063],[16.28097,48.25063],[16.28258,48.25068],[16.284,48.25074],[16.28517,48.25077],[16.28554,48.25079],[16.28564,48.25079],[16.28573,48.25078],[16.28581,48.25077],[16.28595,48.25079],[16.2861,48.25081],[16.28786,48.25088],[16.28848,48.2509],[16.28839,48.25073],[16.28836,48.25069],[16.28831,48.25063],[16.28825,48.25058],[16.28818,48.25054],[16.288,48.25046],[16.28699,48.25013],[16.28684,48.25006],[16.28672,48.25],[16.28662,48.24994],[16.28653,48.24989],[16.28605,48.24955],[16.2834,48.2483],[16.28293,48.24804],[16.28275,48.24793],[16.2826,48.24784],[16.28248,48.24775],[16.28235,48.24763],[16.28231,48.24759],[16.28225,48.24751],[16.2822,48.24743],[16.28215,48.24726],[16.28209,48.24685],[16.28208,48.2467],[16.28201,48.24628],[16.28199,48.24619],[16.28197,48.2461],[16.28193,48.24601],[16.28147,48.24493],[16.28144,48.24485],[16.28141,48.24473],[16.2814,48.24464],[16.28139,48.24451],[16.28134,48.24262],[16.28134,48.24245],[16.28133,48.2417],[16.28132,48.24163],[16.28131,48.24157],[16.28127,48.24149],[16.28123,48.24143],[16.28118,48.24137],[16.28113,48.24132],[16.28107,48.24128],[16.28093,48.24121],[16.27968,48.24069],[16.27966,48.24068],[16.2796,48.24062],[16.27956,48.24063],[16.27953,48.24063],[16.2795,48.24063],[16.27947,48.24062],[16.27945,48.24061],[16.27943,48.2406],[16.27941,48.24059],[16.27939,48.24057],[16.27938,48.24055],[16.27938,48.24053],[16.27938,48.24051],[16.27939,48.24049],[16.27941,48.24048],[16.27943,48.24046],[16.27945,48.24045],[16.27947,48.24044],[16.2795,48.24044],[16.27953,48.24043],[16.27956,48.24044],[16.27959,48.24044],[16.27961,48.24045],[16.27963,48.24046],[16.27966,48.24048],[16.2797,48.24046],[16.27985,48.24041],[16.28013,48.24033],[16.28084,48.24013],[16.28125,48.23999],[16.2817,48.23982],[16.282,48.23972],[16.28258,48.23953],[16.28272,48.23948],[16.2833,48.23926],[16.28337,48.23923],[16.28342,48.2392],[16.28366,48.23904],[16.28379,48.23895],[16.28407,48.23877],[16.28501,48.23818],[16.28542,48.23793],[16.28557,48.23783],[16.28578,48.23774],[16.28661,48.23744],[16.28746,48.23709],[16.28791,48.23689],[16.28839,48.23668],[16.28887,48.23645],[16.28959,48.2361],[16.28987,48.23594],[16.29023,48.23572],[16.29037,48.23562],[16.29049,48.23552],[16.29054,48.23544],[16.29057,48.23534],[16.29055,48.23477],[16.29069,48.23447],[16.2908,48.23423],[16.29087,48.23406],[16.29089,48.23399],[16.29099,48.23368],[16.29102,48.23364],[16.2911,48.23352],[16.29122,48.23338],[16.29134,48.23323],[16.29152,48.23307],[16.29157,48.23304],[16.29175,48.23289],[16.2919,48.23279],[16.292,48.23274],[16.29278,48.23237],[16.29297,48.23226],[16.29394,48.23166],[16.29424,48.23147],[16.29475,48.23113],[16.29475,48.23106],[16.2947,48.23102],[16.29466,48.23097],[16.29465,48.23094],[16.29465,48.23089],[16.29468,48.23061],[16.2947,48.2305],[16.29471,48.23046],[16.29473,48.23044],[16.29477,48.23041],[16.29495,48.23028],[16.29502,48.23021],[16.29538,48.22997],[16.29583,48.22971],[16.29608,48.22958],[16.29625,48.22949],[16.29651,48.22938],[16.29767,48.22891],[16.29775,48.22889],[16.2974,48.22851],[16.29735,48.22846],[16.29729,48.22838],[16.29691,48.22772],[16.29685,48.22763],[16.2968,48.22758],[16.29653,48.2273],[16.29642,48.2272],[16.29617,48.227],[16.29619,48.22697],[16.29621,48.22693],[16.29623,48.22688],[16.29625,48.22685],[16.29627,48.22683],[16.29632,48.2268],[16.29634,48.2268],[16.2964,48.22679],[16.29653,48.22677],[16.29664,48.22675],[16.29675,48.22674],[16.29688,48.22673],[16.29719,48.22673],[16.29738,48.22674],[16.29757,48.22675],[16.29771,48.22677],[16.29785,48.22679],[16.29806,48.22683],[16.29832,48.22688],[16.2985,48.22691],[16.29867,48.22693],[16.29876,48.22693],[16.29886,48.22693],[16.29899,48.22693],[16.29913,48.22693],[16.29934,48.22691],[16.29944,48.22693],[16.29956,48.22694],[16.3024,48.22617],[16.30432,48.22564],[16.30668,48.225],[16.30699,48.22545],[16.30728,48.22586],[16.30748,48.22615]]}},{"type":"Feature","properties":{"lineId":"43B","name":"43B","longName":"Hütteldorf - Neustift, Agnesgasse","mode":"bus","color":"#0A295D","stops":[{"name":"Neustift, Agnesgasse","lon":16.30665,"lat":48.25047},{"name":"Neustift am Walde","lon":16.30183,"lat":48.25107},{"name":"Celtesgasse","lon":16.29698,"lat":48.25183},{"name":"Keylwerthgasse","lon":16.28852,"lat":48.25111},{"name":"Artariastraße","lon":16.28126,"lat":48.24262},{"name":"Schwarzenbergallee","lon":16.27764,"lat":48.24018},{"name":"Hanslteich","lon":16.26907,"lat":48.23771},{"name":"Schottenwald","lon":16.25793,"lat":48.23056},{"name":"Ulmenstraße","lon":16.24893,"lat":48.21651},{"name":"Hüttelbergstraße, Campingplatz","lon":16.24963,"lat":48.21426},{"name":"Wolfersbergbrücke","lon":16.25378,"lat":48.21106},{"name":"Freyenthurmgasse","lon":16.2567,"lat":48.20547},{"name":"Bergmillergasse","lon":16.25714,"lat":48.20246},{"name":"Hütteldorf","lon":16.26101,"lat":48.19782}],"lengthKm":9.5},"geometry":{"type":"LineString","coordinates":[[16.30667,48.25053],[16.30719,48.25046],[16.30745,48.25045],[16.30745,48.25043],[16.30746,48.25041],[16.30747,48.2504],[16.30749,48.25039],[16.30751,48.25038],[16.30753,48.25037],[16.30755,48.25036],[16.3076,48.25036],[16.30762,48.25037],[16.30766,48.25038],[16.30767,48.2504],[16.30769,48.25041],[16.30769,48.25043],[16.30769,48.25044],[16.30769,48.25046],[16.30769,48.25047],[16.30767,48.25049],[16.30766,48.2505],[16.30764,48.25051],[16.30762,48.25052],[16.3076,48.25052],[16.30757,48.25052],[16.30755,48.25052],[16.30753,48.25052],[16.30751,48.25051],[16.30749,48.2505],[16.30747,48.25049],[16.30746,48.25047],[16.30745,48.25046],[16.30745,48.25045],[16.30719,48.25046],[16.30442,48.25082],[16.30361,48.25091],[16.3035,48.25092],[16.30343,48.25092],[16.30334,48.25092],[16.30301,48.25094],[16.30241,48.25099],[16.30207,48.251],[16.30183,48.251],[16.30153,48.251],[16.3008,48.25113],[16.30018,48.25131],[16.2986,48.25141],[16.29799,48.25159],[16.29769,48.25167],[16.29743,48.25173],[16.29697,48.25177],[16.29614,48.25183],[16.29502,48.25191],[16.29352,48.25201],[16.29305,48.25204],[16.29293,48.25203],[16.29282,48.252],[16.29269,48.25196],[16.29255,48.25193],[16.29245,48.25192],[16.29205,48.25189],[16.29202,48.25189],[16.29189,48.2519],[16.29159,48.25188],[16.29019,48.25177],[16.28977,48.25173],[16.28907,48.25164],[16.28893,48.25162],[16.28886,48.25162],[16.28862,48.25115],[16.28859,48.2511],[16.28842,48.25079],[16.28839,48.25073],[16.28836,48.25069],[16.28831,48.25063],[16.28825,48.25058],[16.28818,48.25054],[16.288,48.25046],[16.28699,48.25013],[16.28684,48.25006],[16.28672,48.25],[16.28662,48.24994],[16.28653,48.24989],[16.28605,48.24955],[16.2834,48.2483],[16.28293,48.24804],[16.28275,48.24793],[16.2826,48.24784],[16.28248,48.24775],[16.28235,48.24763],[16.28231,48.24759],[16.28225,48.24751],[16.2822,48.24743],[16.28215,48.24726],[16.28209,48.24685],[16.28208,48.2467],[16.28201,48.24628],[16.28199,48.24619],[16.28197,48.2461],[16.28193,48.24601],[16.28147,48.24493],[16.28144,48.24485],[16.28141,48.24473],[16.2814,48.24464],[16.28139,48.24451],[16.28134,48.24262],[16.28134,48.24245],[16.28133,48.2417],[16.28132,48.24163],[16.28131,48.24157],[16.28127,48.24149],[16.28123,48.24143],[16.28118,48.24137],[16.28113,48.24132],[16.28107,48.24128],[16.28093,48.24121],[16.27968,48.24069],[16.27966,48.24068],[16.2796,48.24062],[16.27956,48.24063],[16.27953,48.24063],[16.2795,48.24063],[16.27947,48.24062],[16.27945,48.24061],[16.27943,48.2406],[16.27941,48.24059],[16.27939,48.24057],[16.27938,48.24055],[16.27938,48.24053],[16.27938,48.24051],[16.27939,48.24051],[16.27935,48.2405],[16.27916,48.24045],[16.27875,48.24031],[16.27859,48.24026],[16.2785,48.24023],[16.27842,48.24021],[16.27828,48.24018],[16.27814,48.24016],[16.27805,48.24015],[16.27796,48.24014],[16.2778,48.24014],[16.27764,48.24014],[16.27656,48.24015],[16.27618,48.24016],[16.27618,48.24019],[16.27617,48.24021],[16.27616,48.24022],[16.27614,48.24024],[16.27611,48.24025],[16.27609,48.24026],[16.27606,48.24027],[16.27603,48.24027],[16.276,48.24027],[16.27598,48.24026],[16.27595,48.24025],[16.27593,48.24024],[16.27591,48.24022],[16.2759,48.24021],[16.27589,48.24019],[16.27588,48.24017],[16.27589,48.24015],[16.2759,48.24013],[16.27591,48.24011],[16.27588,48.24009],[16.27582,48.24007],[16.27571,48.24004],[16.27486,48.23989],[16.27462,48.23984],[16.2744,48.23981],[16.27369,48.23972],[16.27304,48.23961],[16.27279,48.23957],[16.2724,48.23948],[16.27192,48.23935],[16.27133,48.23917],[16.27081,48.23899],[16.27046,48.23886],[16.27025,48.23878],[16.27014,48.23873],[16.27006,48.23868],[16.2699,48.23858],[16.26969,48.23842],[16.26951,48.23823],[16.26936,48.23803],[16.26918,48.23775],[16.26912,48.23769],[16.26906,48.23762],[16.26771,48.23628],[16.26723,48.23595],[16.26439,48.23435],[16.26375,48.23397],[16.26336,48.23369],[16.26297,48.23323],[16.26271,48.23289],[16.26257,48.23277],[16.26247,48.23269],[16.26242,48.23266],[16.26175,48.23222],[16.26167,48.23217],[16.26143,48.23203],[16.26044,48.23149],[16.25943,48.23112],[16.25912,48.23099],[16.25883,48.23088],[16.25796,48.23053],[16.2577,48.23042],[16.25706,48.23016],[16.25697,48.23011],[16.2568,48.23002],[16.25655,48.22985],[16.25638,48.22971],[16.25625,48.22957],[16.25614,48.22944],[16.25597,48.22921],[16.25589,48.22909],[16.25571,48.2288],[16.25564,48.2287],[16.2556,48.22862],[16.25554,48.2285],[16.25551,48.22841],[16.25547,48.22829],[16.25542,48.22808],[16.25541,48.22798],[16.25541,48.22789],[16.25543,48.22779],[16.25547,48.22759],[16.2555,48.22747],[16.25551,48.22737],[16.2555,48.22729],[16.25549,48.22717],[16.25546,48.22707],[16.25541,48.22692],[16.25533,48.22668],[16.25499,48.22576],[16.25485,48.22543],[16.25481,48.22536],[16.25477,48.22529],[16.25466,48.22513],[16.25384,48.224],[16.25368,48.22375],[16.25343,48.22327],[16.25335,48.22316],[16.25325,48.22302],[16.25313,48.22289],[16.25307,48.22282],[16.25277,48.22256],[16.25215,48.22206],[16.25201,48.22195],[16.25195,48.2219],[16.2519,48.22184],[16.25184,48.22176],[16.25158,48.2214],[16.25119,48.2209],[16.25109,48.22078],[16.25104,48.22072],[16.25083,48.22052],[16.25075,48.22043],[16.25056,48.22026],[16.25038,48.2201],[16.24971,48.2195],[16.24926,48.2191],[16.24906,48.21892],[16.24902,48.21888],[16.249,48.21884],[16.2489,48.21872],[16.24889,48.2187],[16.24885,48.21871],[16.24882,48.21871],[16.24879,48.21871],[16.24876,48.21871],[16.24873,48.2187],[16.24871,48.21868],[16.24869,48.21867],[16.24867,48.21865],[16.24866,48.21863],[16.24866,48.21861],[16.24866,48.21859],[16.24867,48.21857],[16.24869,48.21855],[16.24871,48.21854],[16.24873,48.21852],[16.24876,48.21851],[16.24879,48.21851],[16.24882,48.21851],[16.24882,48.21848],[16.24882,48.21838],[16.24882,48.21823],[16.24891,48.21736],[16.24901,48.21652],[16.24912,48.2157],[16.2492,48.21524],[16.24925,48.2151],[16.2493,48.21496],[16.24939,48.21477],[16.24956,48.2145],[16.24971,48.21429],[16.24986,48.21409],[16.25017,48.21374],[16.25035,48.21357],[16.25058,48.21338],[16.25088,48.21315],[16.25381,48.21108],[16.2551,48.21017],[16.25536,48.20995],[16.25565,48.20956],[16.25574,48.20935],[16.2558,48.20913],[16.25582,48.20904],[16.25582,48.20896],[16.25582,48.20885],[16.25562,48.20726],[16.25563,48.20713],[16.25564,48.20706],[16.25568,48.20697],[16.25577,48.20682],[16.25675,48.20549],[16.25687,48.20533],[16.25741,48.2035],[16.25725,48.20245],[16.25722,48.20229],[16.25719,48.20211],[16.25713,48.20201],[16.25706,48.2018],[16.25694,48.20157],[16.25689,48.20148],[16.25683,48.20141],[16.25651,48.20102],[16.25641,48.20091],[16.25633,48.20083],[16.25609,48.20061],[16.25599,48.20054],[16.25576,48.20034],[16.25552,48.20012],[16.25545,48.20004],[16.25538,48.19996],[16.25532,48.19986],[16.2553,48.19982],[16.25526,48.19983],[16.25521,48.19983],[16.25519,48.19983],[16.25517,48.19982],[16.25515,48.19981],[16.25514,48.1998],[16.25513,48.19978],[16.25512,48.19977],[16.25512,48.19975],[16.25512,48.19973],[16.25514,48.19971],[16.25515,48.1997],[16.25517,48.19969],[16.25519,48.19968],[16.25521,48.19967],[16.25526,48.19967],[16.25528,48.19968],[16.25532,48.19969],[16.25536,48.19966],[16.2554,48.19963],[16.25545,48.19959],[16.25692,48.19886],[16.25723,48.19874],[16.25855,48.19831],[16.2587,48.19827],[16.25886,48.19823],[16.25898,48.19821],[16.25909,48.1982],[16.25914,48.19818],[16.25993,48.19802],[16.25994,48.19798],[16.25996,48.19796],[16.26,48.19794],[16.26006,48.19792],[16.26011,48.19791],[16.26017,48.1979],[16.26047,48.1979],[16.2605,48.19791],[16.26054,48.19792],[16.26066,48.198],[16.26075,48.19791],[16.26082,48.19791],[16.26091,48.19791],[16.26103,48.19789]]}},{"type":"Feature","properties":{"lineId":"44A","name":"44A","longName":"Hernals - Mitterberg","mode":"bus","color":"#0A295D","stops":[{"name":"Mitterberg","lon":16.28184,"lat":48.23128},{"name":"Grabengasse","lon":16.28334,"lat":48.23021},{"name":"Moosgasse","lon":16.2828,"lat":48.22875},{"name":"Plachygasse","lon":16.28086,"lat":48.2268},{"name":"Heuberg","lon":16.2832,"lat":48.22605},{"name":"Röntgengasse","lon":16.28595,"lat":48.22537},{"name":"Kretschekgasse","lon":16.28356,"lat":48.22467},{"name":"Eselstiege","lon":16.2866,"lat":48.22432},{"name":"Wallishaussergasse","lon":16.29053,"lat":48.22512},{"name":"Braungasse","lon":16.29602,"lat":48.22684},{"name":"Heuberggasse","lon":16.29756,"lat":48.22861},{"name":"Dornbacher Straße","lon":16.30107,"lat":48.22818},{"name":"Dornbach","lon":16.30838,"lat":48.22608},{"name":"Hernals","lon":16.31495,"lat":48.22356},{"name":"Hernals","lon":16.31551,"lat":48.22325}],"lengthKm":4.4},"geometry":{"type":"LineString","coordinates":[[16.28181,48.23128],[16.28181,48.23129],[16.28182,48.23134],[16.28184,48.23137],[16.28188,48.2314],[16.28191,48.23142],[16.28194,48.23143],[16.28199,48.23144],[16.28203,48.23144],[16.28205,48.23143],[16.28209,48.23142],[16.28212,48.2314],[16.28215,48.23137],[16.28227,48.23125],[16.28233,48.23119],[16.28246,48.23112],[16.2826,48.23108],[16.28274,48.23105],[16.28289,48.23104],[16.28307,48.23102],[16.28315,48.23101],[16.28323,48.23083],[16.28327,48.23072],[16.28332,48.23057],[16.28335,48.23045],[16.28337,48.23034],[16.28339,48.23022],[16.28339,48.2302],[16.28338,48.22994],[16.28338,48.22985],[16.28335,48.22971],[16.28332,48.22959],[16.28328,48.22947],[16.28323,48.22936],[16.28318,48.22924],[16.28312,48.22913],[16.28306,48.22904],[16.283,48.22895],[16.28288,48.22879],[16.28284,48.22874],[16.28275,48.22864],[16.28266,48.22855],[16.28248,48.22837],[16.28223,48.22812],[16.28189,48.2277],[16.2818,48.22758],[16.28178,48.22755],[16.28177,48.22754],[16.28168,48.22721],[16.28166,48.22716],[16.28162,48.22711],[16.28157,48.22706],[16.28152,48.22702],[16.28147,48.22698],[16.2814,48.22694],[16.28134,48.22692],[16.28127,48.2269],[16.28106,48.22687],[16.28098,48.22685],[16.28093,48.22683],[16.28091,48.22681],[16.28089,48.22678],[16.28088,48.22678],[16.28087,48.22675],[16.28086,48.22672],[16.28084,48.22666],[16.28163,48.22636],[16.28183,48.22629],[16.28199,48.22625],[16.28216,48.22621],[16.2823,48.22618],[16.28244,48.22616],[16.28321,48.22608],[16.28342,48.22605],[16.28353,48.22622],[16.2836,48.22626],[16.28363,48.22627],[16.28378,48.2263],[16.2839,48.22631],[16.284,48.22631],[16.2841,48.22629],[16.28498,48.2261],[16.28505,48.22608],[16.2851,48.22607],[16.28514,48.22605],[16.28518,48.22603],[16.28525,48.22598],[16.28536,48.22588],[16.28549,48.22578],[16.28556,48.22574],[16.28562,48.22571],[16.28569,48.22567],[16.28578,48.22563],[16.28592,48.22558],[16.28607,48.22555],[16.28615,48.22553],[16.28622,48.22555],[16.286,48.22534],[16.28583,48.22522],[16.28576,48.22517],[16.28566,48.22511],[16.2855,48.22503],[16.28545,48.22501],[16.28534,48.22498],[16.28479,48.22482],[16.28457,48.22476],[16.2844,48.22472],[16.28402,48.22465],[16.28392,48.22464],[16.28381,48.22464],[16.28357,48.22463],[16.28326,48.22462],[16.28329,48.22455],[16.28332,48.22451],[16.28336,48.22446],[16.2834,48.22443],[16.28344,48.22442],[16.28349,48.2244],[16.28354,48.22439],[16.28388,48.22435],[16.2843,48.22431],[16.28571,48.22417],[16.2858,48.22416],[16.28587,48.22417],[16.28594,48.22418],[16.28641,48.22431],[16.28658,48.22436],[16.28706,48.22447],[16.28868,48.22482],[16.28907,48.22492],[16.28982,48.22511],[16.28991,48.22513],[16.28999,48.22514],[16.29005,48.22515],[16.29021,48.22516],[16.29047,48.22516],[16.29051,48.22517],[16.29057,48.22519],[16.29073,48.22517],[16.2908,48.22517],[16.29087,48.22518],[16.29097,48.2252],[16.29176,48.2255],[16.2919,48.22555],[16.29203,48.22559],[16.29214,48.22563],[16.29226,48.22566],[16.29253,48.22571],[16.29308,48.22579],[16.29333,48.22583],[16.29349,48.22586],[16.29363,48.2259],[16.29376,48.22595],[16.29385,48.22599],[16.29396,48.22605],[16.29426,48.22622],[16.29443,48.22631],[16.29456,48.22637],[16.29488,48.22651],[16.29502,48.22657],[16.29515,48.22661],[16.29573,48.22678],[16.29582,48.2268],[16.29598,48.22688],[16.29605,48.22692],[16.29617,48.227],[16.29642,48.2272],[16.29653,48.2273],[16.2968,48.22758],[16.29685,48.22763],[16.29691,48.22772],[16.29729,48.22838],[16.29735,48.22846],[16.29751,48.22863],[16.29775,48.22889],[16.29779,48.22889],[16.29857,48.22868],[16.29867,48.22866],[16.29943,48.22842],[16.29958,48.22839],[16.29968,48.22836],[16.30012,48.22831],[16.30108,48.22822],[16.30175,48.22815],[16.3019,48.22818],[16.30193,48.22815],[16.30196,48.22813],[16.30202,48.22811],[16.30718,48.22655],[16.30737,48.22649],[16.30763,48.2264],[16.3084,48.22612],[16.31002,48.22552],[16.31119,48.22509],[16.31233,48.22466],[16.31448,48.22389],[16.31451,48.22379],[16.31453,48.22377],[16.31458,48.22374],[16.31465,48.22371],[16.31498,48.22359],[16.31527,48.22349],[16.31535,48.22346],[16.31544,48.22345],[16.31557,48.22351],[16.31652,48.22319],[16.31616,48.22271],[16.31521,48.22304],[16.31539,48.22328]]}},{"type":"Feature","properties":{"lineId":"44B","name":"44B","longName":"Dornbach - Predigtstuhl","mode":"bus","color":null,"stops":[{"name":"Dornbach","lon":16.30899,"lat":48.22574},{"name":"Steinmüllergasse","lon":16.30607,"lat":48.22452},{"name":"Umlauftgasse","lon":16.30215,"lat":48.22459},{"name":"Spinozagasse","lon":16.2975,"lat":48.22463},{"name":"Jenschikweg","lon":16.29345,"lat":48.22412},{"name":"Otto-Hötzl-Weg","lon":16.29117,"lat":48.22201},{"name":"Predigtstuhl","lon":16.28954,"lat":48.22239}],"lengthKm":2.3},"geometry":{"type":"LineString","coordinates":[[16.30902,48.22576],[16.30995,48.22543],[16.30931,48.22462],[16.30813,48.22505],[16.30699,48.22545],[16.30668,48.225],[16.30656,48.22479],[16.30634,48.22448],[16.30632,48.22445],[16.30631,48.22442],[16.30606,48.22447],[16.30586,48.22451],[16.30567,48.22455],[16.30547,48.22458],[16.30528,48.22461],[16.3049,48.22465],[16.30436,48.2247],[16.30417,48.22471],[16.30378,48.22473],[16.30319,48.22472],[16.30274,48.22471],[16.30257,48.2247],[16.30241,48.22466],[16.30219,48.22455],[16.30143,48.2242],[16.30142,48.22422],[16.30124,48.22432],[16.30102,48.22443],[16.30083,48.22452],[16.30066,48.22457],[16.30051,48.22462],[16.3003,48.22467],[16.30011,48.22471],[16.29997,48.22472],[16.29983,48.22474],[16.29968,48.22475],[16.29951,48.22475],[16.29925,48.22474],[16.29905,48.22472],[16.29915,48.2245],[16.29915,48.22445],[16.29914,48.2244],[16.29913,48.22436],[16.29907,48.22428],[16.29901,48.22421],[16.29901,48.22417],[16.2989,48.22418],[16.29883,48.22416],[16.29878,48.22415],[16.29871,48.22414],[16.29864,48.22414],[16.29846,48.22417],[16.29806,48.22435],[16.29762,48.22456],[16.29747,48.22461],[16.29725,48.22467],[16.29626,48.22466],[16.29615,48.22465],[16.29605,48.22464],[16.29584,48.22462],[16.29562,48.22458],[16.29508,48.22445],[16.29346,48.22409],[16.29285,48.22395],[16.29158,48.22366],[16.29149,48.22364],[16.2914,48.22361],[16.29132,48.22358],[16.29126,48.22356],[16.29114,48.2235],[16.29053,48.22313],[16.29048,48.22309],[16.29039,48.22303],[16.29027,48.22292],[16.2902,48.22285],[16.2902,48.22281],[16.29035,48.22286],[16.29066,48.22302],[16.29071,48.22304],[16.29075,48.22305],[16.29083,48.22306],[16.29089,48.22307],[16.29095,48.22307],[16.29102,48.22305],[16.29109,48.22304],[16.29116,48.22301],[16.29118,48.22299],[16.29123,48.22296],[16.29128,48.22291],[16.2913,48.22288],[16.29131,48.22284],[16.29132,48.22279],[16.2913,48.22266],[16.29123,48.22231],[16.29121,48.2222],[16.29121,48.22214],[16.29122,48.22208],[16.29124,48.22202],[16.29125,48.22198],[16.29129,48.22188],[16.29132,48.22179],[16.29062,48.22198],[16.28934,48.22222],[16.28926,48.22229],[16.2895,48.22241]]}},{"type":"Feature","properties":{"lineId":"45A","name":"45A","longName":"Ottakring - Liebhartstal","mode":"bus","color":"#0A295D","stops":[{"name":"Ottakring","lon":16.3105,"lat":48.21074},{"name":"Ottakring","lon":16.3109,"lat":48.21194},{"name":"Maroltingergasse","lon":16.30736,"lat":48.21341},{"name":"Ottakringer Friedhof","lon":16.3018,"lat":48.21411},{"name":"Funkengerngasse","lon":16.29374,"lat":48.21544},{"name":"Liebhartstal","lon":16.29177,"lat":48.21559}],"lengthKm":1.8},"geometry":{"type":"LineString","coordinates":[[16.31042,48.21075],[16.31067,48.21149],[16.31082,48.21195],[16.31111,48.21276],[16.3089,48.2131],[16.30774,48.21328],[16.30734,48.21334],[16.30655,48.21346],[16.30509,48.21368],[16.30389,48.21382],[16.30202,48.21404],[16.30179,48.21406],[16.30156,48.21407],[16.30068,48.21431],[16.30005,48.21445],[16.29839,48.21483],[16.29748,48.21498],[16.2967,48.21514],[16.29642,48.21518],[16.29571,48.21524],[16.29478,48.21531],[16.29457,48.21534],[16.29392,48.21539],[16.29389,48.21539],[16.29375,48.21539],[16.29368,48.2154],[16.29345,48.21539],[16.29337,48.21537],[16.29332,48.21545],[16.29301,48.2159],[16.29294,48.21598],[16.29288,48.21602],[16.29283,48.21605],[16.29227,48.21624],[16.29182,48.21557]]}},{"type":"Feature","properties":{"lineId":"46A","name":"46A","longName":"Ottakring - Wilhelminenberg","mode":"bus","color":"#0A295D","stops":[{"name":"Wilhelminenberg","lon":16.28395,"lat":48.21993},{"name":"Savoyenstraße","lon":16.27869,"lat":48.21809},{"name":"Feuerwache Am Steinhof","lon":16.27823,"lat":48.21525},{"name":"Hertlgasse","lon":16.28139,"lat":48.21516},{"name":"Hansl-Schmid-Weg","lon":16.28448,"lat":48.21431},{"name":"Pönningerweg","lon":16.28833,"lat":48.21334},{"name":"Ottakringer Bad","lon":16.29072,"lat":48.21244},{"name":"Steinlegasse","lon":16.29635,"lat":48.21161},{"name":"Ottakringer Friedhof","lon":16.30147,"lat":48.21384},{"name":"Maroltingergasse","lon":16.30596,"lat":48.21349},{"name":"Lorenz-Mandl-Gasse","lon":16.30828,"lat":48.21313},{"name":"Ottakring","lon":16.30989,"lat":48.2102},{"name":"Ottakring","lon":16.31043,"lat":48.21055}],"lengthKm":3.8},"geometry":{"type":"LineString","coordinates":[[16.28398,48.21989],[16.28384,48.21986],[16.28351,48.21979],[16.28323,48.21975],[16.2828,48.21968],[16.28176,48.21956],[16.28146,48.21952],[16.28132,48.2195],[16.2812,48.21947],[16.28104,48.21944],[16.28085,48.21938],[16.28068,48.21933],[16.2805,48.21925],[16.28037,48.21919],[16.27991,48.21895],[16.27965,48.2188],[16.27947,48.21869],[16.27932,48.21858],[16.27924,48.21852],[16.2791,48.21841],[16.27894,48.21826],[16.27886,48.21818],[16.27876,48.21807],[16.27869,48.21799],[16.27862,48.2179],[16.27854,48.21777],[16.27826,48.21739],[16.27796,48.21696],[16.27788,48.21684],[16.27785,48.21679],[16.27782,48.21672],[16.2778,48.21662],[16.2778,48.21657],[16.27781,48.2165],[16.27784,48.21642],[16.278,48.2159],[16.27805,48.2157],[16.27805,48.21566],[16.27805,48.21562],[16.27804,48.21559],[16.27803,48.21553],[16.27799,48.21546],[16.27803,48.21537],[16.27808,48.21535],[16.27817,48.21533],[16.27826,48.21531],[16.27837,48.21528],[16.27855,48.21525],[16.27883,48.21524],[16.27901,48.21523],[16.2792,48.21523],[16.28009,48.21523],[16.2807,48.21523],[16.28093,48.21523],[16.28109,48.21523],[16.28127,48.21522],[16.2814,48.2152],[16.28159,48.21517],[16.28171,48.21514],[16.28181,48.21512],[16.28207,48.21505],[16.28235,48.21497],[16.28265,48.21486],[16.28277,48.21481],[16.28309,48.21465],[16.28322,48.21459],[16.28327,48.21457],[16.28333,48.21455],[16.28361,48.21451],[16.28437,48.21438],[16.2845,48.21436],[16.28465,48.21434],[16.28521,48.2143],[16.28546,48.21427],[16.28562,48.21425],[16.28591,48.21421],[16.28623,48.21415],[16.28633,48.21413],[16.28673,48.21403],[16.28699,48.21396],[16.28716,48.21389],[16.28802,48.21355],[16.28821,48.21346],[16.28838,48.21338],[16.2886,48.21327],[16.28881,48.21317],[16.28912,48.21302],[16.2894,48.21291],[16.28976,48.21277],[16.28985,48.21273],[16.29001,48.21268],[16.29028,48.2126],[16.29053,48.21255],[16.29075,48.2125],[16.29088,48.21248],[16.29113,48.21244],[16.2927,48.21224],[16.29355,48.21212],[16.29365,48.21211],[16.29379,48.21208],[16.29397,48.21203],[16.29418,48.21196],[16.29447,48.21188],[16.2947,48.21183],[16.29495,48.21178],[16.29533,48.21171],[16.2957,48.21167],[16.2959,48.21166],[16.29611,48.21165],[16.29635,48.21165],[16.29658,48.21166],[16.29793,48.2118],[16.29821,48.21184],[16.29843,48.21188],[16.29873,48.21195],[16.29949,48.21224],[16.29974,48.21235],[16.30007,48.21251],[16.30029,48.21264],[16.30039,48.21271],[16.30064,48.21295],[16.30077,48.21309],[16.30114,48.21354],[16.3014,48.21387],[16.30148,48.21397],[16.30156,48.21407],[16.30202,48.21404],[16.30389,48.21382],[16.30509,48.21368],[16.30598,48.21354],[16.30655,48.21346],[16.30774,48.21328],[16.30831,48.21319],[16.31005,48.21292],[16.30984,48.2123],[16.3096,48.21165],[16.30918,48.21037],[16.30991,48.21025],[16.31023,48.2102],[16.31035,48.21055]]}},{"type":"Feature","properties":{"lineId":"46B","name":"46B","longName":"Ottakring - Wilhelminenberg","mode":"bus","color":"#0A295D","stops":[{"name":"Ottakring","lon":16.31043,"lat":48.21055},{"name":"Ottakring","lon":16.3109,"lat":48.21194},{"name":"Maroltingergasse","lon":16.30736,"lat":48.21341},{"name":"Ottakringer Friedhof","lon":16.3018,"lat":48.21411},{"name":"Steinlegasse","lon":16.29634,"lat":48.2117},{"name":"Ottakringer Bad","lon":16.29091,"lat":48.21253},{"name":"Pönningerweg","lon":16.28841,"lat":48.21343},{"name":"Hansl-Schmid-Weg","lon":16.28451,"lat":48.21441},{"name":"Hertlgasse","lon":16.28143,"lat":48.21525},{"name":"Feuerwache Am Steinhof","lon":16.27829,"lat":48.21538},{"name":"Savoyenstraße","lon":16.27882,"lat":48.21805},{"name":"Wilhelminenberg","lon":16.28415,"lat":48.2199}],"lengthKm":3.7},"geometry":{"type":"LineString","coordinates":[[16.31035,48.21055],[16.31067,48.21149],[16.31082,48.21195],[16.31111,48.21276],[16.3089,48.2131],[16.30774,48.21328],[16.30734,48.21334],[16.30655,48.21346],[16.30509,48.21368],[16.30389,48.21382],[16.30202,48.21404],[16.30179,48.21406],[16.30156,48.21407],[16.30148,48.21397],[16.30114,48.21354],[16.30077,48.21309],[16.30064,48.21295],[16.30039,48.21271],[16.30029,48.21264],[16.30007,48.21251],[16.29974,48.21235],[16.29949,48.21224],[16.29873,48.21195],[16.29843,48.21188],[16.29821,48.21184],[16.29793,48.2118],[16.29658,48.21166],[16.29634,48.21165],[16.29611,48.21165],[16.2959,48.21166],[16.2957,48.21167],[16.29533,48.21171],[16.29495,48.21178],[16.2947,48.21183],[16.29447,48.21188],[16.29418,48.21196],[16.29397,48.21203],[16.29379,48.21208],[16.29365,48.21211],[16.29355,48.21212],[16.2927,48.21224],[16.29138,48.2124],[16.29113,48.21244],[16.29089,48.21247],[16.29053,48.21255],[16.29028,48.2126],[16.29001,48.21268],[16.28985,48.21273],[16.28976,48.21277],[16.2894,48.21291],[16.28912,48.21302],[16.28881,48.21317],[16.2886,48.21327],[16.28836,48.21339],[16.28821,48.21346],[16.28802,48.21355],[16.28716,48.21389],[16.28699,48.21396],[16.28673,48.21403],[16.28633,48.21413],[16.28623,48.21415],[16.28591,48.21421],[16.28562,48.21425],[16.28546,48.21427],[16.28521,48.2143],[16.28465,48.21434],[16.2845,48.21436],[16.28437,48.21438],[16.28361,48.21451],[16.28333,48.21455],[16.28327,48.21457],[16.28322,48.21459],[16.28309,48.21465],[16.28277,48.21481],[16.28265,48.21486],[16.28235,48.21497],[16.28207,48.21505],[16.28181,48.21512],[16.28171,48.21514],[16.28159,48.21517],[16.28142,48.2152],[16.28127,48.21522],[16.28109,48.21523],[16.28093,48.21523],[16.2807,48.21523],[16.28009,48.21523],[16.2792,48.21523],[16.27901,48.21523],[16.27883,48.21524],[16.27855,48.21525],[16.27837,48.21528],[16.27826,48.21531],[16.27817,48.21533],[16.27808,48.21535],[16.27803,48.21537],[16.27799,48.21546],[16.27803,48.21553],[16.27804,48.21559],[16.27805,48.21562],[16.27805,48.21566],[16.27805,48.2157],[16.278,48.2159],[16.27784,48.21642],[16.27781,48.2165],[16.2778,48.21657],[16.2778,48.21662],[16.27782,48.21672],[16.27785,48.21679],[16.27788,48.21684],[16.27796,48.21696],[16.27826,48.21739],[16.27854,48.21777],[16.27862,48.2179],[16.27869,48.21799],[16.27876,48.21807],[16.27886,48.21818],[16.27894,48.21826],[16.2791,48.21841],[16.27924,48.21852],[16.27932,48.21858],[16.27947,48.21869],[16.27965,48.2188],[16.27991,48.21895],[16.28037,48.21919],[16.2805,48.21925],[16.28068,48.21933],[16.28085,48.21938],[16.28104,48.21944],[16.2812,48.21947],[16.28132,48.2195],[16.28146,48.21952],[16.28176,48.21956],[16.2828,48.21968],[16.28323,48.21975],[16.28351,48.21979],[16.28384,48.21986],[16.28413,48.21993]]}},{"type":"Feature","properties":{"lineId":"47A","name":"47A","longName":"Unter St. Veit - Klinik Penzing","mode":"bus","color":"#0A295D","stops":[{"name":"Klinik Penzing","lon":16.27309,"lat":48.20531},{"name":"Otto-Wagner-Areal","lon":16.28034,"lat":48.20662},{"name":"Raimannstraße","lon":16.28115,"lat":48.20481},{"name":"Baumgartner Friedhof, 5. Tor","lon":16.27881,"lat":48.20365},{"name":"Baumgartner Friedhof, 3. Tor","lon":16.27897,"lat":48.20149},{"name":"Tinterstraße","lon":16.27945,"lat":48.20018},{"name":"Waidhausenstraße","lon":16.28068,"lat":48.19737},{"name":"Gruschaplatz","lon":16.28075,"lat":48.19578},{"name":"Linzer Str., Hochsatzengasse","lon":16.27683,"lat":48.19664},{"name":"Hackinger Straße","lon":16.27423,"lat":48.19357},{"name":"Ober St. Veit","lon":16.27637,"lat":48.19201},{"name":"Mantlergasse","lon":16.28155,"lat":48.19156},{"name":"Unter St. Veit","lon":16.28716,"lat":48.19163}],"lengthKm":4},"geometry":{"type":"LineString","coordinates":[[16.27306,48.20536],[16.27644,48.20609],[16.28027,48.2069],[16.2804,48.20662],[16.28063,48.20609],[16.2812,48.20482],[16.28136,48.20447],[16.28107,48.20442],[16.27907,48.20401],[16.2788,48.20396],[16.27888,48.20392],[16.27889,48.20365],[16.27896,48.20173],[16.27897,48.20168],[16.27899,48.20163],[16.27901,48.2016],[16.27905,48.20151],[16.27947,48.20044],[16.27951,48.20034],[16.27952,48.20025],[16.27955,48.2002],[16.27961,48.20005],[16.27964,48.20002],[16.27976,48.19982],[16.27988,48.19966],[16.28015,48.19942],[16.28042,48.19916],[16.2805,48.19907],[16.28067,48.1988],[16.28073,48.19866],[16.28074,48.1986],[16.28075,48.19854],[16.2807,48.19765],[16.28072,48.19758],[16.28074,48.19738],[16.28086,48.19578],[16.28087,48.19559],[16.28044,48.19565],[16.27969,48.19576],[16.2789,48.19587],[16.27867,48.1959],[16.27847,48.19594],[16.27837,48.19597],[16.27825,48.19601],[16.27814,48.19606],[16.278,48.19615],[16.27785,48.19626],[16.2776,48.19647],[16.27718,48.1968],[16.27712,48.19685],[16.27689,48.19661],[16.27539,48.19509],[16.2751,48.19478],[16.27471,48.19439],[16.27467,48.19437],[16.27459,48.19427],[16.27455,48.19422],[16.27442,48.19399],[16.27441,48.19397],[16.2744,48.19391],[16.27432,48.19356],[16.27424,48.19325],[16.27424,48.19321],[16.27409,48.19286],[16.27405,48.1928],[16.27397,48.19241],[16.27394,48.19237],[16.27509,48.19221],[16.27638,48.19209],[16.2772,48.19201],[16.27784,48.19197],[16.27872,48.19192],[16.28078,48.19173],[16.28089,48.19171],[16.28112,48.19169],[16.28118,48.19165],[16.28128,48.19162],[16.28155,48.19159],[16.28196,48.19154],[16.28213,48.19152],[16.28221,48.19158],[16.28245,48.19156],[16.28294,48.19149],[16.28329,48.19144],[16.28376,48.19135],[16.28416,48.19126],[16.28462,48.19118],[16.28478,48.19115],[16.28492,48.19114],[16.28616,48.19096],[16.28712,48.19083],[16.28719,48.19105],[16.28727,48.19131],[16.28726,48.19136],[16.28721,48.1914],[16.28708,48.1916]]}},{"type":"Feature","properties":{"lineId":"47B","name":"47B","longName":"Hütteldorf - Hüttelberg","mode":"bus","color":"#0A295D","stops":[{"name":"Hütteldorf","lon":16.26101,"lat":48.19782},{"name":"Cossmanngasse","lon":16.26748,"lat":48.19705},{"name":"Deutschordenstraße","lon":16.26887,"lat":48.19928},{"name":"Linzer Straße/Flötzersteig","lon":16.26582,"lat":48.20064},{"name":"Rettichgasse","lon":16.26223,"lat":48.20163},{"name":"Rosentalgasse","lon":16.26115,"lat":48.20211},{"name":"Wahlberggasse","lon":16.26288,"lat":48.20527},{"name":"Henckellgasse","lon":16.26076,"lat":48.20627},{"name":"Hüttelberg","lon":16.26162,"lat":48.20866}],"lengthKm":2.6},"geometry":{"type":"LineString","coordinates":[[16.26103,48.19789],[16.26109,48.19788],[16.26203,48.19765],[16.26211,48.19776],[16.26223,48.19792],[16.26228,48.1979],[16.26365,48.19756],[16.26376,48.19753],[16.26421,48.19738],[16.26655,48.19679],[16.26663,48.19677],[16.26669,48.19676],[16.26675,48.19674],[16.26682,48.19671],[16.26714,48.19663],[16.26727,48.19683],[16.26742,48.19706],[16.26824,48.19834],[16.26873,48.19913],[16.26883,48.19929],[16.26899,48.19955],[16.26833,48.19969],[16.26827,48.19969],[16.26792,48.19977],[16.26778,48.19982],[16.26578,48.20059],[16.26542,48.20072],[16.26417,48.20115],[16.26372,48.20128],[16.26286,48.20146],[16.26253,48.20153],[16.26222,48.20158],[16.2615,48.20171],[16.26092,48.20181],[16.26105,48.20213],[16.2611,48.20225],[16.2612,48.20245],[16.26131,48.20264],[16.26134,48.20273],[16.26132,48.20283],[16.26132,48.20308],[16.26129,48.20328],[16.26126,48.20335],[16.26126,48.20339],[16.26122,48.20345],[16.26115,48.20353],[16.26107,48.2036],[16.26102,48.20364],[16.26096,48.20366],[16.26087,48.2037],[16.26087,48.20376],[16.2609,48.2038],[16.26098,48.20389],[16.26152,48.20443],[16.26161,48.20451],[16.26209,48.2049],[16.26224,48.20501],[16.26236,48.20507],[16.26263,48.2052],[16.26284,48.2053],[16.26325,48.20548],[16.26389,48.20574],[16.26404,48.20581],[16.26397,48.20585],[16.26383,48.20588],[16.26322,48.2059],[16.26255,48.20595],[16.26209,48.206],[16.26176,48.20605],[16.26112,48.20616],[16.26102,48.20618],[16.26091,48.20621],[16.26074,48.20625],[16.26063,48.20627],[16.26058,48.20627],[16.26061,48.20668],[16.26073,48.2072],[16.26082,48.20762],[16.26096,48.20798],[16.26107,48.20823],[16.26117,48.20843],[16.2612,48.20849],[16.26123,48.20853],[16.26128,48.20857],[16.26144,48.2087],[16.26152,48.20877],[16.26166,48.20873]]}},{"type":"Feature","properties":{"lineId":"48A","name":"48A","longName":"Ring/Volkstheater - Klinik Penzing","mode":"bus","color":"#0A295D","stops":[{"name":"Klinik Penzing","lon":16.27309,"lat":48.20531},{"name":"Otto-Wagner-Areal","lon":16.28055,"lat":48.20685},{"name":"Reichmanngasse","lon":16.28392,"lat":48.20694},{"name":"Schrekergasse","lon":16.28845,"lat":48.20634},{"name":"Waidäckergasse","lon":16.29457,"lat":48.20733},{"name":"Klinik Ottakring","lon":16.29995,"lat":48.20813},{"name":"Joachimsthalerplatz","lon":16.30501,"lat":48.2088},{"name":"Rankgasse","lon":16.30564,"lat":48.21061},{"name":"Ottakring","lon":16.30989,"lat":48.2102},{"name":"Gutraterplatz","lon":16.30936,"lat":48.20813},{"name":"Schmelz, Gablenzgasse","lon":16.31565,"lat":48.20672},{"name":"Brüßlgasse","lon":16.32077,"lat":48.20594},{"name":"Camillo-Sitte-Gasse","lon":16.32702,"lat":48.205},{"name":"Vogelweidplatz/Stadthalle","lon":16.3317,"lat":48.20428},{"name":"Moeringgasse","lon":16.33415,"lat":48.20402},{"name":"Burggasse-Stadthalle","lon":16.33714,"lat":48.20412},{"name":"Kaiserstraße/Burggasse","lon":16.3404,"lat":48.20429},{"name":"Burggasse/Zieglergasse","lon":16.34527,"lat":48.20427},{"name":"Burggasse/Neubaugasse","lon":16.34841,"lat":48.20424},{"name":"St.-Ulrichs-Platz","lon":16.35376,"lat":48.2041},{"name":"Volkstheater","lon":16.35753,"lat":48.20492},{"name":"Ring/Volkstheater","lon":16.35963,"lat":48.20679}],"lengthKm":7.3},"geometry":{"type":"LineString","coordinates":[[16.27306,48.20536],[16.27644,48.20609],[16.2805,48.20694],[16.2823,48.20732],[16.28395,48.207],[16.28448,48.2069],[16.28527,48.20678],[16.2853,48.20677],[16.28601,48.20666],[16.28697,48.20654],[16.28756,48.20647],[16.28782,48.20645],[16.28805,48.20643],[16.28818,48.20642],[16.28846,48.20641],[16.28864,48.2064],[16.28882,48.2064],[16.28888,48.20639],[16.28893,48.20636],[16.28901,48.20632],[16.28907,48.20629],[16.28918,48.20629],[16.28935,48.20635],[16.28948,48.2064],[16.2896,48.20643],[16.29008,48.20654],[16.29131,48.20686],[16.29176,48.20696],[16.29227,48.20706],[16.29238,48.20707],[16.29248,48.20709],[16.29344,48.20724],[16.29433,48.20736],[16.29455,48.2074],[16.29992,48.20819],[16.30046,48.20827],[16.3032,48.20869],[16.30368,48.20862],[16.30487,48.20843],[16.30499,48.2088],[16.30529,48.20969],[16.30561,48.21062],[16.3057,48.21089],[16.30686,48.21072],[16.30802,48.21054],[16.30918,48.21037],[16.30991,48.21025],[16.31023,48.2102],[16.30981,48.20899],[16.3095,48.20811],[16.30937,48.20773],[16.31059,48.20754],[16.31272,48.20723],[16.31299,48.20719],[16.31422,48.20701],[16.31568,48.20679],[16.31727,48.20655],[16.31829,48.2064],[16.3193,48.20625],[16.3208,48.20601],[16.32139,48.20592],[16.32245,48.20576],[16.32445,48.20545],[16.32543,48.20531],[16.32703,48.20506],[16.32828,48.20487],[16.3293,48.2047],[16.33131,48.2044],[16.33172,48.20434],[16.33243,48.20423],[16.33366,48.20404],[16.33382,48.20405],[16.33415,48.20407],[16.33675,48.20418],[16.33713,48.2042],[16.33754,48.20421],[16.33851,48.20426],[16.34003,48.20432],[16.3404,48.20432],[16.34153,48.20432],[16.34314,48.20431],[16.34319,48.20432],[16.3449,48.20431],[16.34495,48.20431],[16.34527,48.20431],[16.346,48.2043],[16.34764,48.2043],[16.34799,48.20429],[16.34842,48.20428],[16.34896,48.20425],[16.34967,48.20421],[16.34974,48.20421],[16.35148,48.20423],[16.35232,48.20423],[16.35275,48.20421],[16.35325,48.20419],[16.35376,48.20413],[16.35393,48.20411],[16.35406,48.2041],[16.35444,48.20413],[16.35481,48.20415],[16.35488,48.20415],[16.35498,48.20416],[16.35545,48.20424],[16.35574,48.2043],[16.35646,48.20444],[16.35654,48.20445],[16.35687,48.20461],[16.35752,48.20493],[16.35796,48.20514],[16.36008,48.2064],[16.35983,48.20658],[16.35958,48.20676]]}},{"type":"Feature","properties":{"lineId":"49A","name":"49A","longName":"Wolfersberg, Schöffelplatz - Hütteldorf","mode":"bus","color":"#0A295D","stops":[{"name":"Wolfersberg, Schöffelplatz","lon":16.22818,"lat":48.2166},{"name":"Korngoldgasse","lon":16.23037,"lat":48.21558},{"name":"Cottagestraße","lon":16.2263,"lat":48.21517},{"name":"Hüttergasse","lon":16.22666,"lat":48.21328},{"name":"Josef-Ressel-Straße","lon":16.23313,"lat":48.21131},{"name":"Oskar-Simony-Straße","lon":16.23585,"lat":48.21106},{"name":"Riedstraße","lon":16.23845,"lat":48.21049},{"name":"Pfarrwiesenstraße","lon":16.24138,"lat":48.20955},{"name":"Mondweg","lon":16.2434,"lat":48.20779},{"name":"Alois-Behr-Straße","lon":16.2412,"lat":48.20586},{"name":"Freesienweg","lon":16.24291,"lat":48.20443},{"name":"Hütteldorfer Friedhof","lon":16.24465,"lat":48.20425},{"name":"Samptwandnergasse","lon":16.24509,"lat":48.20357},{"name":"Utendorfgasse","lon":16.24883,"lat":48.20367},{"name":"Wolfersberggasse","lon":16.25111,"lat":48.2039},{"name":"Hütteldorf, Bujattigasse","lon":16.25532,"lat":48.20244},{"name":"Hütteldorf","lon":16.26046,"lat":48.19785}],"lengthKm":5.3},"geometry":{"type":"LineString","coordinates":[[16.22816,48.21663],[16.22833,48.21672],[16.22831,48.21676],[16.22841,48.21677],[16.2304,48.21681],[16.23043,48.21618],[16.23043,48.2161],[16.23044,48.21558],[16.23045,48.21528],[16.23047,48.21522],[16.2304,48.21521],[16.22776,48.21516],[16.2263,48.21513],[16.22545,48.21511],[16.22542,48.2151],[16.2254,48.21494],[16.22478,48.21435],[16.2247,48.21429],[16.22457,48.21421],[16.22443,48.21414],[16.2244,48.21412],[16.22437,48.21409],[16.22432,48.21403],[16.22612,48.2135],[16.2267,48.21333],[16.2306,48.21217],[16.23072,48.21214],[16.23101,48.21205],[16.23113,48.21202],[16.23225,48.21165],[16.23316,48.21134],[16.23354,48.21121],[16.2342,48.21177],[16.23569,48.21114],[16.23587,48.2111],[16.23784,48.21058],[16.23846,48.21053],[16.23951,48.21045],[16.23954,48.21045],[16.24047,48.21004],[16.2412,48.20971],[16.24132,48.20968],[16.24138,48.2096],[16.24142,48.20957],[16.24157,48.20942],[16.24177,48.20923],[16.24227,48.20889],[16.24237,48.20882],[16.24247,48.20878],[16.24254,48.20877],[16.24278,48.2086],[16.24285,48.20853],[16.24306,48.20837],[16.24316,48.2083],[16.24324,48.20825],[16.2435,48.20811],[16.24377,48.20799],[16.24385,48.20795],[16.24343,48.20776],[16.24306,48.20759],[16.24226,48.20645],[16.24221,48.20639],[16.24217,48.20634],[16.24212,48.2063],[16.24206,48.20626],[16.24192,48.20618],[16.24192,48.20615],[16.2417,48.20607],[16.24162,48.20604],[16.24139,48.20592],[16.24122,48.20584],[16.24116,48.20581],[16.24112,48.20578],[16.24107,48.20554],[16.24105,48.20539],[16.24105,48.20536],[16.24106,48.20534],[16.24108,48.20532],[16.2411,48.20531],[16.24114,48.2053],[16.24135,48.20529],[16.24203,48.20522],[16.24218,48.2052],[16.24229,48.2052],[16.24252,48.20519],[16.24277,48.20519],[16.24291,48.20519],[16.24309,48.20516],[16.24369,48.20506],[16.24378,48.20505],[16.24394,48.20505],[16.24401,48.20505],[16.24404,48.20505],[16.24407,48.20503],[16.24409,48.20501],[16.2441,48.20499],[16.2441,48.20496],[16.24409,48.20495],[16.24407,48.20493],[16.24388,48.2049],[16.24383,48.20488],[16.24358,48.20482],[16.24342,48.20476],[16.24321,48.2047],[16.24302,48.20465],[16.24289,48.20463],[16.24269,48.2046],[16.24267,48.20458],[16.24265,48.20456],[16.24264,48.20454],[16.24265,48.20452],[16.24267,48.20451],[16.24271,48.20449],[16.24275,48.20449],[16.24282,48.20448],[16.24291,48.20448],[16.24307,48.20448],[16.24332,48.20446],[16.2444,48.20437],[16.24466,48.20435],[16.24498,48.20433],[16.2451,48.20382],[16.24517,48.20358],[16.2452,48.20348],[16.24512,48.20338],[16.2488,48.20373],[16.25109,48.20396],[16.2514,48.20399],[16.25193,48.20398],[16.25276,48.20392],[16.25316,48.20384],[16.25323,48.20382],[16.25332,48.20378],[16.25358,48.20366],[16.2551,48.20269],[16.25513,48.20266],[16.25541,48.20252],[16.25561,48.20242],[16.25576,48.20237],[16.25597,48.20227],[16.25612,48.20222],[16.25639,48.20215],[16.2566,48.2021],[16.25695,48.20203],[16.25713,48.20201],[16.25706,48.2018],[16.25694,48.20157],[16.25689,48.20148],[16.25683,48.20141],[16.25651,48.20102],[16.25641,48.20091],[16.25633,48.20083],[16.25609,48.20061],[16.25599,48.20054],[16.25576,48.20034],[16.25552,48.20012],[16.25545,48.20004],[16.25538,48.19996],[16.25532,48.19986],[16.2553,48.19982],[16.25526,48.19983],[16.25521,48.19983],[16.25519,48.19983],[16.25517,48.19982],[16.25515,48.19981],[16.25514,48.1998],[16.25513,48.19978],[16.25512,48.19977],[16.25512,48.19975],[16.25512,48.19973],[16.25514,48.19971],[16.25515,48.1997],[16.25517,48.19969],[16.25519,48.19968],[16.25521,48.19967],[16.25526,48.19967],[16.25528,48.19968],[16.25532,48.19969],[16.25536,48.19966],[16.2554,48.19963],[16.25545,48.19959],[16.25692,48.19886],[16.25723,48.19874],[16.25855,48.19831],[16.2587,48.19827],[16.25886,48.19823],[16.25898,48.19821],[16.25909,48.1982],[16.25914,48.19818],[16.25993,48.19802],[16.25994,48.19798],[16.25996,48.19796],[16.26,48.19794],[16.26006,48.19792],[16.26011,48.19791],[16.26017,48.1979],[16.26046,48.1979]]}},{"type":"Feature","properties":{"lineId":"49B","name":"49B","longName":"49B","mode":"bus","color":null,"stops":[{"name":"Hinterhainbach","lon":16.21895,"lat":48.24889},{"name":"Roßkopfgasse","lon":16.21886,"lat":48.24704},{"name":"Sofienalpenstraße/Roßkopfgasse","lon":16.21387,"lat":48.24447},{"name":"Trollwiese","lon":16.20666,"lat":48.24089},{"name":"Vorderhainbach/Augustinerwaldgasse","lon":16.19777,"lat":48.23147}],"lengthKm":3.6},"geometry":{"type":"LineString","coordinates":[[16.21893,48.24889],[16.219,48.24906],[16.21905,48.24908],[16.21907,48.24909],[16.21911,48.24909],[16.21921,48.24909],[16.21925,48.24908],[16.2193,48.24906],[16.21932,48.24904],[16.21935,48.24902],[16.21937,48.24897],[16.21945,48.24881],[16.2199,48.24837],[16.22001,48.24812],[16.21994,48.24781],[16.21977,48.24752],[16.21954,48.24736],[16.21889,48.24701],[16.21715,48.24608],[16.21696,48.24602],[16.21602,48.24573],[16.2159,48.24572],[16.21564,48.24571],[16.2156,48.24571],[16.21556,48.2457],[16.21553,48.24568],[16.21549,48.24563],[16.21545,48.24557],[16.21534,48.24545],[16.21522,48.24534],[16.2151,48.24524],[16.21499,48.24518],[16.21431,48.24477],[16.21426,48.24473],[16.21414,48.24461],[16.21413,48.24455],[16.21393,48.24443],[16.21373,48.24431],[16.2135,48.24422],[16.21316,48.24414],[16.21295,48.24407],[16.21271,48.24395],[16.21204,48.24357],[16.21177,48.24344],[16.21132,48.24336],[16.21112,48.24328],[16.21079,48.24302],[16.21071,48.24298],[16.21065,48.24296],[16.21055,48.24292],[16.21027,48.24284],[16.21019,48.24281],[16.2101,48.24276],[16.21,48.2427],[16.20987,48.24261],[16.20974,48.2425],[16.20956,48.24235],[16.20945,48.24225],[16.20923,48.24203],[16.20913,48.24197],[16.20906,48.24194],[16.20894,48.2419],[16.20876,48.24187],[16.20837,48.24179],[16.20805,48.24172],[16.2076,48.24159],[16.20749,48.24156],[16.20741,48.24152],[16.2073,48.24146],[16.20724,48.24142],[16.20717,48.24137],[16.20711,48.24132],[16.20705,48.24126],[16.20683,48.241],[16.2067,48.24087],[16.20647,48.24063],[16.20615,48.24033],[16.2061,48.24028],[16.20605,48.24022],[16.20594,48.24001],[16.20588,48.23991],[16.20581,48.23982],[16.20569,48.23974],[16.20554,48.23966],[16.20543,48.23958],[16.20529,48.23948],[16.20512,48.23934],[16.20505,48.23926],[16.20495,48.23915],[16.20488,48.23907],[16.20483,48.23899],[16.20475,48.23887],[16.20468,48.23876],[16.20461,48.23863],[16.20456,48.23857],[16.20409,48.23807],[16.20395,48.23795],[16.20383,48.23788],[16.20351,48.2377],[16.20344,48.23766],[16.20339,48.23762],[16.20333,48.23756],[16.2031,48.23738],[16.20304,48.23733],[16.20297,48.23724],[16.20295,48.23715],[16.20295,48.23709],[16.20298,48.23695],[16.20298,48.2369],[16.20298,48.23685],[16.20295,48.2368],[16.20292,48.23674],[16.20287,48.23668],[16.20262,48.2364],[16.20254,48.23629],[16.20249,48.23619],[16.20242,48.23607],[16.20235,48.23596],[16.202,48.23561],[16.2019,48.23551],[16.20182,48.23545],[16.20159,48.23529],[16.20145,48.23517],[16.20119,48.23492],[16.20082,48.23465],[16.2007,48.23454],[16.20062,48.23447],[16.20049,48.23429],[16.20032,48.23406],[16.20025,48.23393],[16.20021,48.23383],[16.20019,48.23373],[16.20022,48.23362],[16.20029,48.23347],[16.2003,48.23338],[16.2003,48.2333],[16.20027,48.23317],[16.20005,48.23276],[16.19989,48.23244],[16.19971,48.23197],[16.19964,48.23182],[16.19957,48.23166],[16.19954,48.23156],[16.19951,48.23147],[16.19936,48.23125],[16.19929,48.23108],[16.19925,48.23102],[16.19895,48.23114],[16.19847,48.23132],[16.19834,48.23137],[16.19786,48.2315],[16.19765,48.23156],[16.19712,48.23181],[16.19658,48.23207],[16.19617,48.23229],[16.19583,48.23245],[16.19541,48.23262],[16.19483,48.23283],[16.19428,48.23302],[16.19418,48.23288],[16.19407,48.23274],[16.19387,48.23246],[16.19383,48.23237],[16.19393,48.23233],[16.19411,48.23228],[16.1943,48.23222],[16.19475,48.23211],[16.19505,48.23203],[16.19549,48.23259],[16.19583,48.23245],[16.19617,48.23229],[16.19658,48.23207],[16.19712,48.23181],[16.19765,48.23156],[16.19781,48.23152]]}},{"type":"Feature","properties":{"lineId":"50A","name":"50A","longName":"Hütteldorf - Auhof Baustellenfahrplan gültig von 20.04. bis vrsl. August 2026","mode":"bus","color":"#0A295D","stops":[{"name":"Hütteldorf","lon":16.26123,"lat":48.19793},{"name":"Bergmillergasse","lon":16.25678,"lat":48.20114},{"name":"Wolfersberggasse","lon":16.25192,"lat":48.20422},{"name":"Utendorfgasse","lon":16.24879,"lat":48.20378},{"name":"Samptwandnergasse","lon":16.24453,"lat":48.20343},{"name":"Wolf in der Au","lon":16.23709,"lat":48.20485},{"name":"Wienflussaufsicht","lon":16.23311,"lat":48.2065},{"name":"Mariabrunn Kirche","lon":16.23091,"lat":48.20785},{"name":"Badgasse","lon":16.22482,"lat":48.20883},{"name":"Hadersdorf, Hauptstraße","lon":16.22,"lat":48.2098},{"name":"Herzmanskystraße","lon":16.21465,"lat":48.20956},{"name":"Auhof","lon":16.21773,"lat":48.20772}],"lengthKm":6.8},"geometry":{"type":"LineString","coordinates":[[16.26126,48.19797],[16.26138,48.19794],[16.26211,48.19776],[16.26223,48.19792],[16.26218,48.19794],[16.26113,48.1982],[16.26101,48.19822],[16.26095,48.19822],[16.26088,48.19822],[16.26081,48.19821],[16.26072,48.1982],[16.26063,48.19817],[16.26053,48.19814],[16.26041,48.19807],[16.26028,48.19801],[16.26023,48.198],[16.26019,48.198],[16.26013,48.19799],[16.26003,48.198],[16.25914,48.19818],[16.25909,48.1982],[16.25898,48.19821],[16.25886,48.19823],[16.2587,48.19827],[16.25855,48.19831],[16.25723,48.19874],[16.25692,48.19886],[16.25545,48.19959],[16.2554,48.19963],[16.25536,48.19966],[16.25532,48.19969],[16.25534,48.19971],[16.25535,48.19972],[16.25536,48.19974],[16.25536,48.19975],[16.25536,48.19977],[16.25535,48.19979],[16.25534,48.1998],[16.25532,48.19981],[16.2553,48.19982],[16.25532,48.19986],[16.25538,48.19996],[16.25545,48.20004],[16.25552,48.20012],[16.25576,48.20034],[16.25599,48.20054],[16.25609,48.20061],[16.25633,48.20083],[16.25641,48.20091],[16.25651,48.20102],[16.25666,48.20119],[16.25683,48.20141],[16.25689,48.20148],[16.25694,48.20157],[16.25706,48.2018],[16.25713,48.20201],[16.25719,48.20211],[16.25722,48.20229],[16.25741,48.2035],[16.25687,48.20533],[16.25577,48.20682],[16.25568,48.20697],[16.25564,48.20706],[16.25563,48.20713],[16.25562,48.20726],[16.25582,48.20885],[16.25582,48.20896],[16.25582,48.20904],[16.2558,48.20913],[16.25574,48.20935],[16.25565,48.20956],[16.25536,48.20995],[16.2551,48.21017],[16.25502,48.21003],[16.25502,48.20976],[16.25493,48.20965],[16.25459,48.20904],[16.25443,48.20873],[16.25439,48.20868],[16.25435,48.20863],[16.25429,48.20858],[16.25424,48.20855],[16.25416,48.2085],[16.25403,48.20844],[16.25375,48.20833],[16.25367,48.2083],[16.25345,48.20818],[16.25337,48.20813],[16.25329,48.20807],[16.25316,48.20795],[16.25304,48.20782],[16.253,48.20779],[16.25296,48.20746],[16.25294,48.20736],[16.25274,48.2064],[16.2526,48.20594],[16.25201,48.2042],[16.25193,48.20398],[16.2514,48.20399],[16.2488,48.20373],[16.24512,48.20338],[16.24489,48.20337],[16.24453,48.20335],[16.24419,48.20335],[16.24401,48.20335],[16.24388,48.20336],[16.24348,48.20339],[16.24304,48.20344],[16.24232,48.20351],[16.24216,48.20353],[16.24169,48.20361],[16.24032,48.20386],[16.23996,48.20393],[16.23969,48.20399],[16.23942,48.20405],[16.23926,48.2041],[16.23912,48.20414],[16.23901,48.20419],[16.23883,48.20426],[16.23858,48.20438],[16.23849,48.20442],[16.23842,48.20444],[16.23812,48.20454],[16.23794,48.2046],[16.23775,48.20465],[16.23753,48.2047],[16.23746,48.20471],[16.23737,48.20472],[16.23721,48.20474],[16.23709,48.20474],[16.2369,48.20474],[16.23671,48.20474],[16.23616,48.20472],[16.23608,48.20472],[16.23596,48.20473],[16.23583,48.20475],[16.23564,48.20479],[16.23551,48.20484],[16.2351,48.20504],[16.23364,48.20577],[16.23345,48.2059],[16.233,48.20646],[16.23236,48.20726],[16.23228,48.20736],[16.23221,48.20742],[16.23212,48.2075],[16.23204,48.20755],[16.23195,48.2076],[16.23183,48.20765],[16.23178,48.20767],[16.23169,48.2077],[16.23158,48.20772],[16.23143,48.20775],[16.23091,48.20777],[16.22927,48.20782],[16.22908,48.20782],[16.2289,48.20782],[16.22843,48.20774],[16.22827,48.20772],[16.228,48.2077],[16.22776,48.2077],[16.22763,48.20771],[16.22743,48.20774],[16.22728,48.20777],[16.22712,48.20782],[16.22689,48.2079],[16.22562,48.20845],[16.22535,48.20857],[16.2252,48.20863],[16.22498,48.20871],[16.22478,48.20877],[16.22417,48.20895],[16.22399,48.20899],[16.22387,48.20903],[16.2234,48.20919],[16.22314,48.20927],[16.22299,48.20931],[16.22288,48.20933],[16.22269,48.20935],[16.22169,48.20941],[16.22158,48.20942],[16.22137,48.20945],[16.22125,48.20948],[16.22062,48.20961],[16.21997,48.20975],[16.21988,48.20977],[16.21869,48.21005],[16.21852,48.21009],[16.21831,48.21012],[16.21812,48.21015],[16.21797,48.21016],[16.21783,48.21017],[16.21769,48.21016],[16.21754,48.21015],[16.21725,48.21011],[16.21716,48.21009],[16.21691,48.21001],[16.21574,48.20962],[16.21562,48.20959],[16.21542,48.20955],[16.21516,48.20952],[16.2151,48.20952],[16.21499,48.20951],[16.21466,48.20951],[16.21447,48.20951],[16.21425,48.20948],[16.21352,48.20938],[16.21349,48.20936],[16.21344,48.20933],[16.21343,48.2093],[16.2134,48.20924],[16.21348,48.20923],[16.21366,48.20919],[16.21386,48.20914],[16.21407,48.20907],[16.21441,48.20897],[16.21459,48.20893],[16.21485,48.20888],[16.21516,48.20885],[16.21544,48.20883],[16.21582,48.20884],[16.21716,48.20889],[16.21751,48.20889],[16.21767,48.20889],[16.21791,48.20888],[16.21824,48.20886],[16.21849,48.20884],[16.21877,48.20881],[16.21904,48.20877],[16.21924,48.20873],[16.21946,48.20869],[16.21963,48.20865],[16.21985,48.20859],[16.22008,48.20852],[16.22022,48.20848],[16.22037,48.20842],[16.22059,48.20832],[16.22073,48.20825],[16.22086,48.20818],[16.22102,48.20808],[16.22114,48.20799],[16.22125,48.2079],[16.22138,48.20779],[16.22149,48.20767],[16.2216,48.20753],[16.22176,48.20731],[16.22184,48.20722],[16.22171,48.20721],[16.22056,48.20729],[16.21961,48.2074],[16.21955,48.2074],[16.21849,48.20753],[16.21771,48.20766]]}},{"type":"Feature","properties":{"lineId":"50B","name":"50B","longName":"Hütteldorf - Auhof Baustellenfahrplan gültig von 20.04. bis vrsl. August 2026","mode":"bus","color":"#0A295D","stops":[{"name":"Hütteldorf","lon":16.26152,"lat":48.19785},{"name":"Bergmillergasse","lon":16.25678,"lat":48.20114},{"name":"Uranusweg","lon":16.25209,"lat":48.20745},{"name":"Merkurweg","lon":16.24926,"lat":48.2077},{"name":"Siriusweg","lon":16.24754,"lat":48.20762},{"name":"Mondweg","lon":16.24353,"lat":48.20815},{"name":"Pfarrwiesenstraße","lon":16.24132,"lat":48.20976},{"name":"Stammhausstraße","lon":16.23971,"lat":48.21127},{"name":"Glossystraße","lon":16.23606,"lat":48.21243},{"name":"Josef-Ressel-Straße","lon":16.23369,"lat":48.2114},{"name":"Hüttergasse","lon":16.22746,"lat":48.21314},{"name":"Ferdinand-Frey-Weg","lon":16.22785,"lat":48.21486},{"name":"Cottagestraße","lon":16.2263,"lat":48.21517},{"name":"Anzengruberstraße","lon":16.22379,"lat":48.21399},{"name":"Hadersdorf","lon":16.22456,"lat":48.21022},{"name":"Badgasse","lon":16.2241,"lat":48.20925},{"name":"Albert-Schweitzer-Gasse","lon":16.22232,"lat":48.20739},{"name":"Auhof","lon":16.21773,"lat":48.20772}],"lengthKm":6.4},"geometry":{"type":"LineString","coordinates":[[16.26154,48.1979],[16.26211,48.19776],[16.26223,48.19792],[16.26218,48.19794],[16.26113,48.1982],[16.26101,48.19822],[16.26095,48.19822],[16.26088,48.19822],[16.26081,48.19821],[16.26072,48.1982],[16.26063,48.19817],[16.26053,48.19814],[16.26041,48.19807],[16.26028,48.19801],[16.26023,48.198],[16.26019,48.198],[16.26013,48.19799],[16.26003,48.198],[16.25914,48.19818],[16.25909,48.1982],[16.25898,48.19821],[16.25886,48.19823],[16.2587,48.19827],[16.25855,48.19831],[16.25723,48.19874],[16.25692,48.19886],[16.25545,48.19959],[16.2554,48.19963],[16.25536,48.19966],[16.25532,48.19969],[16.25534,48.19971],[16.25535,48.19972],[16.25536,48.19974],[16.25536,48.19975],[16.25536,48.19977],[16.25535,48.19979],[16.25534,48.1998],[16.25532,48.19981],[16.2553,48.19982],[16.25532,48.19986],[16.25538,48.19996],[16.25545,48.20004],[16.25552,48.20012],[16.25576,48.20034],[16.25599,48.20054],[16.25609,48.20061],[16.25633,48.20083],[16.25641,48.20091],[16.25651,48.20102],[16.25666,48.20119],[16.25683,48.20141],[16.25689,48.20148],[16.25694,48.20157],[16.25706,48.2018],[16.25713,48.20201],[16.25719,48.20211],[16.25722,48.20229],[16.25741,48.2035],[16.25687,48.20533],[16.25577,48.20682],[16.25568,48.20697],[16.25564,48.20706],[16.25563,48.20713],[16.25562,48.20726],[16.25582,48.20885],[16.25582,48.20896],[16.25582,48.20904],[16.2558,48.20913],[16.25574,48.20935],[16.25565,48.20956],[16.25536,48.20995],[16.2551,48.21017],[16.25502,48.21003],[16.25502,48.20976],[16.25493,48.20965],[16.25459,48.20904],[16.25443,48.20873],[16.25439,48.20868],[16.25435,48.20863],[16.25429,48.20858],[16.25418,48.20851],[16.25412,48.20848],[16.25375,48.20833],[16.25367,48.2083],[16.25345,48.20818],[16.25337,48.20813],[16.25329,48.20807],[16.25316,48.20795],[16.25304,48.20782],[16.253,48.20779],[16.25296,48.20746],[16.25294,48.20736],[16.25293,48.2073],[16.25208,48.2074],[16.25161,48.20745],[16.24961,48.20767],[16.24937,48.20768],[16.24927,48.20767],[16.24816,48.20754],[16.24776,48.20755],[16.24753,48.20757],[16.24492,48.20778],[16.24464,48.20782],[16.24441,48.20785],[16.24402,48.20794],[16.24385,48.20795],[16.24377,48.20799],[16.24349,48.20812],[16.24324,48.20825],[16.24316,48.2083],[16.24306,48.20837],[16.24285,48.20853],[16.24278,48.2086],[16.24254,48.20877],[16.24247,48.20878],[16.24237,48.20882],[16.24227,48.20889],[16.24177,48.20923],[16.24157,48.20942],[16.24138,48.2096],[16.24132,48.20968],[16.24128,48.20975],[16.2407,48.21079],[16.24047,48.21096],[16.2402,48.21109],[16.23968,48.21124],[16.23715,48.21196],[16.23603,48.21241],[16.23579,48.2125],[16.2342,48.21177],[16.23373,48.21138],[16.23354,48.21121],[16.23225,48.21165],[16.23113,48.21202],[16.23101,48.21205],[16.23072,48.21214],[16.2306,48.21217],[16.22743,48.21311],[16.22703,48.21322],[16.22749,48.21367],[16.22771,48.21389],[16.22778,48.21396],[16.2278,48.21401],[16.2278,48.21412],[16.22777,48.21486],[16.22776,48.21516],[16.2263,48.21513],[16.22545,48.21511],[16.22542,48.2151],[16.2254,48.21494],[16.22478,48.21435],[16.2247,48.21429],[16.22457,48.21421],[16.22443,48.21414],[16.2244,48.21412],[16.22437,48.21409],[16.22432,48.21403],[16.2242,48.21406],[16.22417,48.21406],[16.22412,48.21405],[16.22405,48.21403],[16.22392,48.21399],[16.22382,48.21395],[16.22365,48.21389],[16.22352,48.21383],[16.22336,48.21376],[16.22308,48.21362],[16.22314,48.21356],[16.22318,48.21349],[16.22322,48.21341],[16.22323,48.21336],[16.22331,48.21294],[16.2233,48.21288],[16.22327,48.21282],[16.22318,48.21269],[16.22312,48.21262],[16.22306,48.21257],[16.22291,48.21244],[16.22288,48.2124],[16.22285,48.21236],[16.22282,48.2123],[16.22281,48.21224],[16.22281,48.21219],[16.22282,48.21213],[16.22285,48.21208],[16.22297,48.21192],[16.22308,48.21176],[16.22314,48.2117],[16.22327,48.21157],[16.22421,48.21069],[16.22466,48.21026],[16.22479,48.21014],[16.22488,48.21006],[16.22481,48.21002],[16.22417,48.20923],[16.22403,48.20906],[16.22399,48.20899],[16.22395,48.20892],[16.22335,48.20822],[16.22329,48.20815],[16.22308,48.2078],[16.22302,48.20767],[16.22299,48.20761],[16.22293,48.20754],[16.2229,48.20751],[16.22285,48.20748],[16.22276,48.20743],[16.2227,48.20741],[16.2226,48.20738],[16.22236,48.20732],[16.22193,48.20721],[16.22184,48.20722],[16.22171,48.20721],[16.22056,48.20729],[16.21961,48.2074],[16.21955,48.2074],[16.21849,48.20753],[16.21771,48.20766]]}},{"type":"Feature","properties":{"lineId":"51A","name":"51A","longName":"Hietzing - Ottakringer Bad","mode":"bus","color":"#0A295D","stops":[{"name":"Hietzing","lon":16.30397,"lat":48.1884},{"name":"Cumberlandstraße","lon":16.30192,"lat":48.19184},{"name":"Ameisgasse","lon":16.29967,"lat":48.19439},{"name":"Leyserstraße","lon":16.30254,"lat":48.19838},{"name":"Montleartstraße","lon":16.30211,"lat":48.20246},{"name":"Burgersteingasse","lon":16.29789,"lat":48.20263},{"name":"Braillegasse","lon":16.29496,"lat":48.20279},{"name":"Hanusch-Krankenhaus","lon":16.29367,"lat":48.19876},{"name":"Ameisbachzeile/Hanusch-Krankenhaus","lon":16.29215,"lat":48.20145},{"name":"Lebingergasse","lon":16.29011,"lat":48.20403},{"name":"Flötzersteigbrücke","lon":16.29069,"lat":48.20674},{"name":"Matschgasse","lon":16.29089,"lat":48.20873},{"name":"Ottakringer Bad","lon":16.2891,"lat":48.21131}],"lengthKm":4.9},"geometry":{"type":"LineString","coordinates":[[16.30405,48.18838],[16.30399,48.18823],[16.30346,48.18822],[16.30322,48.18824],[16.30311,48.18826],[16.30296,48.18828],[16.30275,48.18832],[16.30144,48.1886],[16.30146,48.18866],[16.30164,48.18967],[16.30163,48.18973],[16.30187,48.19152],[16.30186,48.19173],[16.30186,48.19184],[16.30186,48.19194],[16.30186,48.192],[16.30186,48.19214],[16.30186,48.19214],[16.30187,48.19242],[16.30187,48.19244],[16.30185,48.19246],[16.30179,48.1925],[16.30176,48.19251],[16.30173,48.19252],[16.30071,48.19257],[16.30012,48.19259],[16.29955,48.19262],[16.29946,48.19263],[16.29949,48.19323],[16.29953,48.19388],[16.29957,48.1944],[16.29958,48.19456],[16.29958,48.19462],[16.29963,48.19481],[16.29966,48.19492],[16.29972,48.19511],[16.29977,48.19522],[16.29984,48.19535],[16.29991,48.19545],[16.29998,48.19554],[16.30007,48.19565],[16.30018,48.19576],[16.30034,48.1959],[16.30044,48.19598],[16.3006,48.19609],[16.30073,48.19616],[16.30087,48.19623],[16.30115,48.19636],[16.30129,48.19642],[16.30135,48.19646],[16.30141,48.19651],[16.30147,48.19656],[16.30162,48.19674],[16.30207,48.19727],[16.3024,48.19806],[16.30242,48.19814],[16.30244,48.19838],[16.30251,48.19917],[16.30261,48.20034],[16.30267,48.20091],[16.30277,48.20237],[16.3021,48.2024],[16.29788,48.20258],[16.2959,48.20266],[16.29582,48.20266],[16.29545,48.20267],[16.29511,48.2027],[16.29494,48.20271],[16.29471,48.20274],[16.29462,48.20276],[16.29453,48.20277],[16.29391,48.20287],[16.29377,48.2029],[16.2937,48.20292],[16.29363,48.20295],[16.29356,48.20298],[16.2935,48.20301],[16.29345,48.20304],[16.29335,48.20313],[16.29329,48.20319],[16.29322,48.20334],[16.29321,48.20323],[16.29308,48.20304],[16.29288,48.20259],[16.29284,48.20248],[16.29263,48.20158],[16.29258,48.20136],[16.29253,48.20122],[16.29249,48.2011],[16.2924,48.20096],[16.29239,48.20074],[16.29239,48.20068],[16.29241,48.20061],[16.29243,48.20056],[16.29248,48.2005],[16.29257,48.2004],[16.29349,48.1995],[16.294,48.19906],[16.29395,48.19903],[16.29387,48.19896],[16.29379,48.19887],[16.29374,48.19878],[16.29374,48.19875],[16.29371,48.19863],[16.2937,48.19859],[16.29451,48.19855],[16.29466,48.19858],[16.29461,48.19865],[16.29448,48.19873],[16.29404,48.19903],[16.294,48.19906],[16.29349,48.1995],[16.29257,48.2004],[16.29248,48.2005],[16.29243,48.20056],[16.29241,48.20061],[16.29239,48.20068],[16.29239,48.20074],[16.2924,48.20096],[16.29209,48.20143],[16.29207,48.20146],[16.29178,48.20181],[16.29073,48.20303],[16.29049,48.20329],[16.29002,48.20386],[16.29004,48.20391],[16.29001,48.20403],[16.28999,48.20414],[16.28998,48.20422],[16.28997,48.20439],[16.29,48.20462],[16.29003,48.20464],[16.29009,48.20485],[16.29064,48.20675],[16.29089,48.20758],[16.2909,48.20769],[16.29089,48.2082],[16.29088,48.20835],[16.29084,48.20851],[16.2908,48.20864],[16.29078,48.2087],[16.29075,48.20878],[16.29067,48.20902],[16.29042,48.20967],[16.29032,48.20991],[16.29026,48.21001],[16.29021,48.2101],[16.29014,48.2102],[16.29004,48.21035],[16.28994,48.21046],[16.2897,48.21072],[16.2895,48.2109],[16.28938,48.211],[16.28925,48.2111],[16.28913,48.21119],[16.28902,48.21126]]}},{"type":"Feature","properties":{"lineId":"52A","name":"52A","longName":"Hütteldorf - Jägerwaldsiedlung","mode":"bus","color":"#0A295D","stops":[{"name":"Jägerwaldsiedlung","lon":16.24638,"lat":48.22393},{"name":"Haidersberggasse","lon":16.2436,"lat":48.2246},{"name":"Nikolaus-Pytty-Gasse","lon":16.24164,"lat":48.22241},{"name":"Knödelhüttenstraße","lon":16.23912,"lat":48.22091},{"name":"Moschingergasse","lon":16.24115,"lat":48.21921},{"name":"Haspelmeistergasse","lon":16.24441,"lat":48.21744},{"name":"Edenstraße","lon":16.24621,"lat":48.215},{"name":"Hüttelbergstraße, Campingplatz","lon":16.24963,"lat":48.21426},{"name":"Wolfersbergbrücke","lon":16.25378,"lat":48.21106},{"name":"Freyenthurmgasse","lon":16.2567,"lat":48.20547},{"name":"Bergmillergasse","lon":16.25714,"lat":48.20246},{"name":"Hütteldorf","lon":16.26098,"lat":48.19798}],"lengthKm":4.3},"geometry":{"type":"LineString","coordinates":[[16.24632,48.22392],[16.24624,48.22403],[16.24618,48.22402],[16.2459,48.22406],[16.24584,48.22407],[16.24574,48.22409],[16.24515,48.22426],[16.24502,48.22431],[16.2449,48.22435],[16.24475,48.22442],[16.24463,48.22447],[16.24438,48.2246],[16.24431,48.22461],[16.24425,48.22462],[16.24398,48.2246],[16.24382,48.22459],[16.2437,48.22458],[16.24366,48.22457],[16.24363,48.22456],[16.24359,48.22454],[16.24336,48.22438],[16.24333,48.22434],[16.24328,48.22433],[16.24303,48.22414],[16.2429,48.22403],[16.24283,48.22396],[16.24276,48.22389],[16.24263,48.22373],[16.24241,48.22346],[16.24236,48.2234],[16.24186,48.22278],[16.24181,48.2227],[16.24179,48.22264],[16.24173,48.22255],[16.2417,48.22247],[16.2417,48.22241],[16.2417,48.2224],[16.2417,48.22234],[16.24174,48.22226],[16.24166,48.22219],[16.24154,48.22214],[16.24053,48.22167],[16.24047,48.22164],[16.24041,48.22162],[16.23916,48.22088],[16.23897,48.22078],[16.23965,48.22024],[16.23967,48.22022],[16.23973,48.22018],[16.23977,48.22016],[16.2405,48.21976],[16.24066,48.21967],[16.24069,48.21962],[16.24095,48.2194],[16.24099,48.21937],[16.24103,48.21934],[16.24118,48.21925],[16.24208,48.21875],[16.24228,48.21864],[16.24254,48.21853],[16.24295,48.21839],[16.24319,48.21829],[16.24342,48.21818],[16.24356,48.21811],[16.24385,48.21795],[16.24389,48.21792],[16.24404,48.21783],[16.24415,48.21775],[16.24417,48.21774],[16.24423,48.21771],[16.24429,48.21766],[16.24436,48.2176],[16.24442,48.21753],[16.24448,48.21747],[16.2445,48.21744],[16.24471,48.21715],[16.24473,48.21712],[16.24477,48.21706],[16.24489,48.21686],[16.24494,48.21679],[16.245,48.21671],[16.24512,48.21659],[16.24531,48.21642],[16.24535,48.21639],[16.2461,48.21581],[16.2462,48.21575],[16.24627,48.21568],[16.24632,48.21562],[16.24635,48.21555],[16.24635,48.21547],[16.24628,48.21499],[16.24627,48.2149],[16.24628,48.2148],[16.24644,48.21466],[16.24649,48.21462],[16.24657,48.21459],[16.2468,48.21453],[16.24751,48.21441],[16.2476,48.21439],[16.24802,48.21432],[16.24817,48.2143],[16.2483,48.2143],[16.24845,48.2143],[16.24856,48.21431],[16.24874,48.21433],[16.24889,48.21436],[16.24956,48.2145],[16.24971,48.21429],[16.24986,48.21409],[16.25017,48.21374],[16.25035,48.21357],[16.25058,48.21338],[16.25088,48.21315],[16.25381,48.21108],[16.2551,48.21017],[16.25536,48.20995],[16.25565,48.20956],[16.25574,48.20935],[16.2558,48.20913],[16.25582,48.20904],[16.25582,48.20896],[16.25582,48.20885],[16.25562,48.20726],[16.25563,48.20713],[16.25564,48.20706],[16.25568,48.20697],[16.25577,48.20682],[16.25675,48.20549],[16.25687,48.20533],[16.25741,48.2035],[16.25725,48.20245],[16.25722,48.20229],[16.25719,48.20211],[16.25713,48.20201],[16.25706,48.2018],[16.25694,48.20157],[16.25689,48.20148],[16.25683,48.20141],[16.25651,48.20102],[16.25641,48.20091],[16.25633,48.20083],[16.25609,48.20061],[16.25599,48.20054],[16.25576,48.20034],[16.25552,48.20012],[16.25545,48.20004],[16.25538,48.19996],[16.25532,48.19986],[16.2553,48.19982],[16.25526,48.19983],[16.25521,48.19983],[16.25519,48.19983],[16.25517,48.19982],[16.25515,48.19981],[16.25514,48.1998],[16.25513,48.19978],[16.25512,48.19977],[16.25512,48.19975],[16.25512,48.19973],[16.25514,48.19971],[16.25515,48.1997],[16.25517,48.19969],[16.25519,48.19968],[16.25521,48.19967],[16.25526,48.19967],[16.25528,48.19968],[16.25532,48.19969],[16.25536,48.19966],[16.2554,48.19963],[16.25545,48.19959],[16.25692,48.19886],[16.25723,48.19874],[16.25855,48.19831],[16.2587,48.19827],[16.25886,48.19823],[16.25898,48.19821],[16.25909,48.1982],[16.25914,48.19818],[16.25993,48.19802],[16.25994,48.19798],[16.25996,48.19796],[16.26,48.19794],[16.26006,48.19792],[16.26011,48.19791],[16.26017,48.1979],[16.26047,48.1979],[16.2605,48.19791],[16.26054,48.19792],[16.26066,48.198],[16.26073,48.19803],[16.26078,48.19803],[16.26084,48.19804],[16.26089,48.19803],[16.26099,48.19802]]}},{"type":"Feature","properties":{"lineId":"52B","name":"52B","longName":"Hütteldorf - Siedlung Kordon ( -Feuerwache Am Steinhof)","mode":"bus","color":"#0A295D","stops":[{"name":"Feuerwache Am Steinhof","lon":16.27816,"lat":48.21513},{"name":"Jubiläumswarte","lon":16.26528,"lat":48.22113},{"name":"Siedlung Kordon","lon":16.26148,"lat":48.21792},{"name":"Ammerweg","lon":16.26049,"lat":48.21848},{"name":"Hänflingweg","lon":16.25772,"lat":48.21831},{"name":"Günselgasse","lon":16.2551,"lat":48.21686},{"name":"Elsbeergasse","lon":16.25436,"lat":48.21856},{"name":"Dostgasse","lon":16.25306,"lat":48.22015},{"name":"Kerbelgasse","lon":16.24969,"lat":48.21741},{"name":"Ulmenstraße","lon":16.24893,"lat":48.21651},{"name":"Hüttelbergstraße, Campingplatz","lon":16.24963,"lat":48.21426},{"name":"Wolfersbergbrücke","lon":16.25378,"lat":48.21106},{"name":"Freyenthurmgasse","lon":16.2567,"lat":48.20547},{"name":"Bergmillergasse","lon":16.25714,"lat":48.20246},{"name":"Hütteldorf","lon":16.26098,"lat":48.19798}],"lengthKm":6.7},"geometry":{"type":"LineString","coordinates":[[16.27818,48.21516],[16.2783,48.21512],[16.27833,48.21512],[16.27837,48.21512],[16.27839,48.21513],[16.27841,48.21515],[16.27847,48.21527],[16.27837,48.21528],[16.27817,48.21533],[16.27808,48.21535],[16.27803,48.21537],[16.27675,48.21601],[16.27615,48.21625],[16.2749,48.21672],[16.27488,48.21675],[16.27485,48.21688],[16.27487,48.21692],[16.27519,48.21712],[16.27522,48.21715],[16.27523,48.21719],[16.27519,48.21741],[16.27515,48.21754],[16.27514,48.21757],[16.27514,48.21761],[16.27515,48.21765],[16.27519,48.21772],[16.27542,48.21807],[16.2754,48.21811],[16.27539,48.2182],[16.27533,48.21836],[16.27528,48.21845],[16.27516,48.21864],[16.27503,48.21882],[16.27498,48.21894],[16.27496,48.21906],[16.27495,48.21914],[16.27498,48.21932],[16.275,48.21953],[16.275,48.21957],[16.27499,48.2196],[16.27497,48.21963],[16.27494,48.21966],[16.27491,48.21969],[16.27481,48.21973],[16.2747,48.21977],[16.27453,48.21981],[16.27429,48.21989],[16.27404,48.21998],[16.27396,48.22001],[16.27388,48.22006],[16.27381,48.22012],[16.27365,48.22021],[16.27271,48.22037],[16.27166,48.2206],[16.2712,48.22057],[16.27076,48.22064],[16.26965,48.22082],[16.26909,48.22108],[16.26825,48.22114],[16.26769,48.22126],[16.26737,48.22131],[16.26626,48.22123],[16.26538,48.22111],[16.26532,48.22109],[16.26423,48.22069],[16.26399,48.22055],[16.26381,48.22036],[16.26334,48.21919],[16.26319,48.21893],[16.26305,48.21879],[16.26269,48.21859],[16.26259,48.2185],[16.26152,48.21789],[16.2609,48.21753],[16.26078,48.21745],[16.26074,48.21741],[16.2607,48.21734],[16.2605,48.2173],[16.25972,48.21739],[16.25963,48.21741],[16.25957,48.21745],[16.25953,48.21748],[16.25949,48.21753],[16.25947,48.21757],[16.25947,48.21761],[16.25948,48.21765],[16.2595,48.2177],[16.25954,48.21778],[16.25958,48.21786],[16.25964,48.21797],[16.25969,48.21804],[16.25974,48.2181],[16.25985,48.21821],[16.25993,48.21826],[16.26,48.2183],[16.26011,48.21836],[16.26021,48.2184],[16.26047,48.21851],[16.26056,48.21855],[16.26063,48.21858],[16.26067,48.2186],[16.26069,48.21864],[16.2607,48.21867],[16.26069,48.21872],[16.26066,48.21875],[16.26063,48.21877],[16.26059,48.21879],[16.26054,48.21879],[16.26049,48.21879],[16.26045,48.21878],[16.2604,48.21875],[16.26023,48.21869],[16.26006,48.21863],[16.25994,48.21859],[16.2598,48.21855],[16.2593,48.21846],[16.25839,48.21829],[16.25829,48.21827],[16.25818,48.21827],[16.25808,48.21826],[16.25798,48.21826],[16.25771,48.21827],[16.25736,48.21829],[16.25708,48.21829],[16.25683,48.21827],[16.2567,48.21821],[16.25657,48.21813],[16.25619,48.21762],[16.25604,48.21747],[16.25516,48.21686],[16.25514,48.21684],[16.25486,48.21654],[16.2546,48.21627],[16.25436,48.2162],[16.25413,48.21622],[16.25401,48.21628],[16.25395,48.21635],[16.25393,48.21646],[16.25397,48.21659],[16.25407,48.21674],[16.25417,48.21683],[16.25435,48.21702],[16.25492,48.2176],[16.25487,48.21794],[16.25473,48.21817],[16.25451,48.21841],[16.25432,48.21853],[16.25398,48.21874],[16.25381,48.21891],[16.25378,48.2191],[16.25415,48.21962],[16.25425,48.21996],[16.25459,48.22032],[16.25463,48.22048],[16.25447,48.2206],[16.25423,48.22061],[16.25411,48.22055],[16.25378,48.22038],[16.2534,48.22023],[16.25308,48.22011],[16.25233,48.21984],[16.25151,48.21959],[16.25114,48.21944],[16.25084,48.21928],[16.25056,48.21909],[16.24999,48.21849],[16.24993,48.21841],[16.24989,48.21834],[16.24988,48.2183],[16.24987,48.21824],[16.24975,48.2174],[16.24973,48.21728],[16.24897,48.21685],[16.24901,48.21652],[16.24912,48.2157],[16.2492,48.21524],[16.24925,48.2151],[16.2493,48.21496],[16.24939,48.21477],[16.24956,48.2145],[16.24971,48.21429],[16.24986,48.21409],[16.25017,48.21374],[16.25035,48.21357],[16.25058,48.21338],[16.25088,48.21315],[16.25381,48.21108],[16.2551,48.21017],[16.25536,48.20995],[16.25565,48.20956],[16.25574,48.20935],[16.2558,48.20913],[16.25582,48.20904],[16.25582,48.20896],[16.25582,48.20885],[16.25562,48.20726],[16.25563,48.20713],[16.25564,48.20706],[16.25568,48.20697],[16.25577,48.20682],[16.25675,48.20549],[16.25687,48.20533],[16.25741,48.2035],[16.25725,48.20245],[16.25722,48.20229],[16.25719,48.20211],[16.25713,48.20201],[16.25706,48.2018],[16.25694,48.20157],[16.25689,48.20148],[16.25683,48.20141],[16.25651,48.20102],[16.25641,48.20091],[16.25633,48.20083],[16.25609,48.20061],[16.25599,48.20054],[16.25576,48.20034],[16.25552,48.20012],[16.25545,48.20004],[16.25538,48.19996],[16.25532,48.19986],[16.2553,48.19982],[16.25526,48.19983],[16.25521,48.19983],[16.25519,48.19983],[16.25517,48.19982],[16.25515,48.19981],[16.25514,48.1998],[16.25513,48.19978],[16.25512,48.19977],[16.25512,48.19975],[16.25512,48.19973],[16.25514,48.19971],[16.25515,48.1997],[16.25517,48.19969],[16.25519,48.19968],[16.25521,48.19967],[16.25526,48.19967],[16.25528,48.19968],[16.25532,48.19969],[16.25536,48.19966],[16.2554,48.19963],[16.25545,48.19959],[16.25692,48.19886],[16.25723,48.19874],[16.25855,48.19831],[16.2587,48.19827],[16.25886,48.19823],[16.25898,48.19821],[16.25909,48.1982],[16.25914,48.19818],[16.25993,48.19802],[16.25994,48.19798],[16.25996,48.19796],[16.26,48.19794],[16.26006,48.19792],[16.26011,48.19791],[16.26017,48.1979],[16.26047,48.1979],[16.2605,48.19791],[16.26054,48.19792],[16.26066,48.198],[16.26073,48.19803],[16.26078,48.19803],[16.26084,48.19804],[16.26089,48.19803],[16.26099,48.19802]]}},{"type":"Feature","properties":{"lineId":"53A","name":"53A","longName":"Hütteldorf - Stock im Weg","mode":"bus","color":"#0A295D","stops":[{"name":"Hütteldorf","lon":16.26042,"lat":48.19597},{"name":"Pfeiffenbergergasse","lon":16.26088,"lat":48.19473},{"name":"Seuttergasse","lon":16.26225,"lat":48.19315},{"name":"Innocentiagasse","lon":16.26236,"lat":48.19069},{"name":"Schweizertalstraße","lon":16.26581,"lat":48.18779},{"name":"Wolfrathplatz","lon":16.26775,"lat":48.18787},{"name":"Rohrbacherstraße","lon":16.27306,"lat":48.1876},{"name":"Ober St. Veit/Franz-Boos-Gasse","lon":16.27511,"lat":48.19194},{"name":"Ober St. Veit","lon":16.27637,"lat":48.19201},{"name":"Preindlgasse","lon":16.27768,"lat":48.18751},{"name":"Unter St. Veit, Verbindungsbahn","lon":16.28133,"lat":48.18701},{"name":"Horeischygasse","lon":16.27683,"lat":48.18356},{"name":"Gogolgasse","lon":16.27647,"lat":48.18241},{"name":"Tolstojgasse","lon":16.27756,"lat":48.181},{"name":"Veitingergasse","lon":16.27613,"lat":48.17937},{"name":"Ratmannsdorfgasse","lon":16.27552,"lat":48.17746},{"name":"Lainz, Wolkersbergenstraße","lon":16.27189,"lat":48.17773},{"name":"Gobergasse","lon":16.2689,"lat":48.1792},{"name":"Gemeindeberggasse","lon":16.26527,"lat":48.18119},{"name":"Stock im Weg","lon":16.26079,"lat":48.18052}],"lengthKm":6.4},"geometry":{"type":"LineString","coordinates":[[16.26038,48.19599],[16.26056,48.19616],[16.26208,48.1955],[16.26185,48.19513],[16.2617,48.19487],[16.26086,48.19502],[16.26092,48.19499],[16.26088,48.19488],[16.26088,48.19486],[16.26091,48.19478],[16.26094,48.19475],[16.26111,48.19452],[16.26118,48.19442],[16.26215,48.19337],[16.26218,48.19333],[16.2622,48.1933],[16.26231,48.19318],[16.26241,48.19306],[16.26244,48.19303],[16.26245,48.193],[16.26246,48.19295],[16.26245,48.19291],[16.26229,48.19256],[16.26227,48.1925],[16.26226,48.19246],[16.26221,48.19229],[16.26218,48.19215],[16.26217,48.19207],[16.26217,48.19201],[16.26217,48.19199],[16.26219,48.19193],[16.2622,48.19191],[16.26229,48.19177],[16.26231,48.19172],[16.26232,48.19168],[16.26232,48.19165],[16.26232,48.19162],[16.26231,48.19155],[16.2623,48.19149],[16.26228,48.19144],[16.26227,48.19138],[16.26226,48.19135],[16.26227,48.1913],[16.26228,48.19122],[16.26229,48.19115],[16.26232,48.19108],[16.26237,48.19091],[16.2624,48.19087],[16.26241,48.19079],[16.26241,48.19074],[16.26242,48.19069],[16.26243,48.19065],[16.26244,48.19059],[16.26246,48.19052],[16.26249,48.19046],[16.26255,48.19037],[16.26291,48.18992],[16.26295,48.18987],[16.26298,48.18984],[16.26302,48.18981],[16.26308,48.18978],[16.2632,48.18969],[16.26326,48.18964],[16.26331,48.18959],[16.2637,48.18916],[16.26374,48.18911],[16.26376,48.18908],[16.26378,48.18903],[16.26379,48.18899],[16.2638,48.18894],[16.26381,48.18888],[16.26381,48.18884],[16.2638,48.18878],[16.26379,48.18873],[16.26377,48.18865],[16.26376,48.18863],[16.26374,48.1886],[16.26372,48.18855],[16.26371,48.18853],[16.26372,48.18852],[16.26372,48.18851],[16.26374,48.1885],[16.26376,48.18849],[16.26379,48.18848],[16.26527,48.18804],[16.26546,48.18798],[16.26586,48.18785],[16.26618,48.18774],[16.26641,48.18804],[16.26651,48.18818],[16.26652,48.18819],[16.26654,48.1882],[16.26655,48.1882],[16.26657,48.18821],[16.26659,48.1882],[16.26678,48.18815],[16.26752,48.18794],[16.26776,48.18792],[16.26878,48.18786],[16.26887,48.18784],[16.27194,48.18773],[16.27191,48.18767],[16.27198,48.18766],[16.27306,48.18763],[16.27325,48.18763],[16.27327,48.18769],[16.27488,48.18763],[16.27497,48.18879],[16.27498,48.189],[16.275,48.18921],[16.27508,48.19026],[16.27529,48.1913],[16.27489,48.19134],[16.27503,48.19195],[16.27509,48.19221],[16.27638,48.19209],[16.2772,48.19201],[16.27784,48.19197],[16.27765,48.19107],[16.27754,48.19013],[16.27746,48.18912],[16.27744,48.1887],[16.27735,48.18755],[16.27768,48.18754],[16.27975,48.18747],[16.27981,48.18744],[16.28064,48.18741],[16.28144,48.18737],[16.2814,48.18701],[16.28132,48.18613],[16.27976,48.18618],[16.27972,48.18613],[16.27956,48.18591],[16.27938,48.18568],[16.27913,48.18537],[16.2788,48.18499],[16.27873,48.18492],[16.27836,48.18459],[16.27832,48.18456],[16.27818,48.18444],[16.27789,48.1842],[16.27781,48.18414],[16.27765,48.18403],[16.27753,48.18394],[16.27722,48.18375],[16.27715,48.18371],[16.27713,48.18372],[16.27711,48.18372],[16.27707,48.18373],[16.27703,48.18372],[16.277,48.18371],[16.27698,48.1837],[16.27697,48.18368],[16.27696,48.18367],[16.27696,48.18366],[16.27696,48.18364],[16.27697,48.18363],[16.27699,48.18361],[16.27696,48.18359],[16.27687,48.18353],[16.27673,48.18344],[16.27649,48.18327],[16.27646,48.18326],[16.27589,48.18281],[16.2765,48.18244],[16.27666,48.18234],[16.27683,48.18222],[16.27699,48.18209],[16.2772,48.18191],[16.27744,48.18168],[16.27748,48.18165],[16.27749,48.18163],[16.27761,48.1815],[16.27767,48.18143],[16.27774,48.18134],[16.27789,48.18114],[16.27797,48.18105],[16.27759,48.18095],[16.27674,48.18072],[16.2767,48.1807],[16.27639,48.18062],[16.27634,48.1806],[16.27632,48.18059],[16.2763,48.18057],[16.27629,48.18055],[16.27629,48.18052],[16.27629,48.18049],[16.27632,48.18033],[16.27634,48.18021],[16.27634,48.18009],[16.27633,48.17999],[16.27631,48.17988],[16.27629,48.17985],[16.27628,48.17984],[16.27624,48.17955],[16.27624,48.17951],[16.27621,48.17937],[16.27607,48.17853],[16.27589,48.17737],[16.27551,48.1774],[16.27188,48.17768],[16.27139,48.17771],[16.27122,48.17778],[16.27095,48.17785],[16.27079,48.1779],[16.27048,48.17802],[16.27032,48.1781],[16.27018,48.17817],[16.27005,48.17825],[16.26914,48.17889],[16.26906,48.17895],[16.26898,48.17902],[16.26883,48.17917],[16.26807,48.17996],[16.2674,48.18067],[16.26729,48.18078],[16.26722,48.18083],[16.26718,48.18085],[16.26714,48.18086],[16.26708,48.18088],[16.26703,48.18089],[16.2667,48.18094],[16.26525,48.18114],[16.26494,48.18118],[16.2649,48.18119],[16.26465,48.18122],[16.26283,48.18124],[16.26078,48.1813],[16.26087,48.18053]]}},{"type":"Feature","properties":{"lineId":"54A","name":"54A","longName":"Ober St. Veit - Hörndlwald","mode":"bus","color":"#0A295D","stops":[{"name":"Ober St. Veit","lon":16.27637,"lat":48.19201},{"name":"Preindlgasse","lon":16.27728,"lat":48.18772},{"name":"Rohrbacherstraße","lon":16.27345,"lat":48.18774},{"name":"Wolfrathplatz","lon":16.26785,"lat":48.18798},{"name":"Angermayergasse","lon":16.2648,"lat":48.18433},{"name":"Einsiedeleigasse","lon":16.26422,"lat":48.18329},{"name":"Gemeindeberggasse","lon":16.26473,"lat":48.18167},{"name":"Gobergasse","lon":16.26868,"lat":48.17923},{"name":"Wlassakstraße","lon":16.2711,"lat":48.17738},{"name":"Lafitegasse","lon":16.26752,"lat":48.17619},{"name":"Hörndlwald","lon":16.26471,"lat":48.17439}],"lengthKm":3.8},"geometry":{"type":"LineString","coordinates":[[16.27638,48.19209],[16.2772,48.19201],[16.27784,48.19197],[16.27765,48.19107],[16.27754,48.19013],[16.27746,48.18912],[16.27744,48.1887],[16.27736,48.18771],[16.27735,48.18755],[16.27488,48.18763],[16.27344,48.18769],[16.27194,48.18773],[16.26887,48.18784],[16.26878,48.18786],[16.26784,48.18792],[16.26752,48.18794],[16.26678,48.18815],[16.26659,48.1882],[16.26657,48.18821],[16.26654,48.1882],[16.26652,48.18819],[16.26651,48.18818],[16.26641,48.18804],[16.26618,48.18774],[16.26607,48.18761],[16.26585,48.1874],[16.26583,48.18738],[16.26582,48.18736],[16.26582,48.18733],[16.26583,48.18731],[16.26584,48.18729],[16.26633,48.18708],[16.26651,48.18695],[16.26615,48.18676],[16.26605,48.18669],[16.26595,48.18662],[16.2655,48.18623],[16.26536,48.1861],[16.26526,48.18597],[16.2652,48.18588],[16.2651,48.18571],[16.26496,48.1854],[16.26493,48.18532],[16.26492,48.18525],[16.26492,48.18518],[16.265,48.18468],[16.26501,48.18459],[16.26502,48.18452],[16.265,48.18447],[16.26499,48.18443],[16.26496,48.18439],[16.26492,48.18435],[16.26486,48.1843],[16.26473,48.18417],[16.2647,48.18414],[16.26464,48.18406],[16.2646,48.18401],[16.26454,48.18388],[16.26449,48.18379],[16.26435,48.18343],[16.2643,48.18327],[16.26426,48.18318],[16.26421,48.18312],[16.26421,48.18306],[16.26422,48.183],[16.26423,48.18292],[16.26427,48.18277],[16.26436,48.18251],[16.26447,48.18227],[16.26452,48.18219],[16.2647,48.18188],[16.26478,48.18168],[16.26488,48.18145],[16.26491,48.18137],[16.26493,48.18132],[16.26493,48.18125],[16.26493,48.18122],[16.2649,48.18119],[16.26494,48.18118],[16.2667,48.18094],[16.26703,48.18089],[16.26708,48.18088],[16.26714,48.18086],[16.26718,48.18085],[16.26722,48.18083],[16.26729,48.18078],[16.2674,48.18067],[16.26807,48.17996],[16.26875,48.17926],[16.26898,48.17902],[16.26906,48.17895],[16.26914,48.17889],[16.27005,48.17825],[16.27018,48.17817],[16.27032,48.1781],[16.27048,48.17802],[16.27079,48.1779],[16.27095,48.17785],[16.27122,48.17778],[16.27139,48.17771],[16.27114,48.17763],[16.27117,48.17739],[16.27123,48.17672],[16.27086,48.17648],[16.27059,48.17636],[16.27025,48.17624],[16.26989,48.17617],[16.26978,48.17615],[16.26957,48.17613],[16.26925,48.17613],[16.26909,48.17614],[16.26883,48.17617],[16.26854,48.1762],[16.2684,48.1762],[16.26822,48.17621],[16.26816,48.17621],[16.26778,48.17619],[16.26753,48.17616],[16.26733,48.17613],[16.26715,48.17609],[16.26695,48.17604],[16.26673,48.17597],[16.26645,48.17585],[16.26623,48.17575],[16.26596,48.17559],[16.26577,48.17551],[16.26555,48.17544],[16.26538,48.17541],[16.26519,48.17538],[16.26495,48.17535],[16.2647,48.17535],[16.26416,48.17532],[16.26443,48.17434],[16.26454,48.17438],[16.2647,48.17442]]}},{"type":"Feature","properties":{"lineId":"54B","name":"54B","longName":"Ober St. Veit - St. Veiter Tor","mode":"bus","color":"#0A295D","stops":[{"name":"Ober St. Veit","lon":16.27637,"lat":48.19201},{"name":"Preindlgasse","lon":16.27728,"lat":48.18772},{"name":"Rohrbacherstraße","lon":16.27345,"lat":48.18774},{"name":"Wolfrathplatz","lon":16.26785,"lat":48.18798},{"name":"Angermayergasse","lon":16.2648,"lat":48.18433},{"name":"Einsiedeleigasse","lon":16.26422,"lat":48.18329},{"name":"Seifertstraße","lon":16.26117,"lat":48.18234},{"name":"Stock im Weg","lon":16.25944,"lat":48.18037},{"name":"St. Veiter Tor","lon":16.25426,"lat":48.17663}],"lengthKm":3.3},"geometry":{"type":"LineString","coordinates":[[16.27638,48.19209],[16.2772,48.19201],[16.27784,48.19197],[16.27765,48.19107],[16.27754,48.19013],[16.27746,48.18912],[16.27744,48.1887],[16.27736,48.18771],[16.27735,48.18755],[16.27488,48.18763],[16.27344,48.18769],[16.27194,48.18773],[16.26887,48.18784],[16.26878,48.18786],[16.26784,48.18792],[16.26752,48.18794],[16.26678,48.18815],[16.26659,48.1882],[16.26657,48.18821],[16.26654,48.1882],[16.26652,48.18819],[16.26651,48.18818],[16.26641,48.18804],[16.26618,48.18774],[16.26607,48.18761],[16.26585,48.1874],[16.26583,48.18738],[16.26582,48.18736],[16.26582,48.18733],[16.26583,48.18731],[16.26584,48.18729],[16.26633,48.18708],[16.26651,48.18695],[16.26615,48.18676],[16.26605,48.18669],[16.26595,48.18662],[16.2655,48.18623],[16.26536,48.1861],[16.26526,48.18597],[16.2652,48.18588],[16.2651,48.18571],[16.26496,48.1854],[16.26493,48.18532],[16.26492,48.18525],[16.26492,48.18518],[16.265,48.18468],[16.26501,48.18459],[16.26502,48.18452],[16.265,48.18447],[16.26499,48.18443],[16.26496,48.18439],[16.26492,48.18435],[16.26486,48.1843],[16.26473,48.18417],[16.2647,48.18414],[16.26464,48.18406],[16.2646,48.18401],[16.26454,48.18388],[16.26449,48.18379],[16.26435,48.18343],[16.2643,48.18327],[16.26426,48.18318],[16.26421,48.18312],[16.26412,48.18309],[16.26295,48.18313],[16.26287,48.18312],[16.2628,48.18308],[16.26248,48.1829],[16.26226,48.18277],[16.26214,48.18272],[16.26167,48.18252],[16.26133,48.18236],[16.26121,48.18229],[16.26117,48.18227],[16.2611,48.18223],[16.26058,48.18193],[16.26037,48.18182],[16.26023,48.18175],[16.26008,48.18168],[16.25972,48.18153],[16.25947,48.18143],[16.25941,48.18139],[16.25938,48.18136],[16.25936,48.18134],[16.25934,48.1813],[16.25932,48.18126],[16.25931,48.18122],[16.25931,48.18114],[16.25935,48.18097],[16.25942,48.18067],[16.2595,48.18038],[16.25952,48.1803],[16.25953,48.18024],[16.25953,48.18017],[16.25953,48.18009],[16.25952,48.18003],[16.2595,48.17995],[16.25948,48.17989],[16.25944,48.17982],[16.25939,48.17975],[16.25929,48.17965],[16.25931,48.17959],[16.25927,48.17951],[16.25923,48.17944],[16.25922,48.17941],[16.25914,48.17935],[16.25889,48.17918],[16.25868,48.17905],[16.25844,48.17891],[16.25824,48.17879],[16.25756,48.17847],[16.25749,48.17843],[16.2568,48.17786],[16.25651,48.17767],[16.25633,48.17753],[16.25625,48.17746],[16.25607,48.17726],[16.25607,48.17722],[16.256,48.1772],[16.25588,48.17717],[16.25567,48.17718],[16.25558,48.17717],[16.25549,48.17716],[16.25533,48.17712],[16.25514,48.17707],[16.25489,48.17697],[16.2548,48.17692],[16.25472,48.17688],[16.25462,48.17686],[16.25446,48.17683],[16.25433,48.17681],[16.25403,48.17681],[16.25405,48.17666],[16.25422,48.17667]]}},{"type":"Feature","properties":{"lineId":"56A","name":"56A","longName":"Hietzing - Atzgersdorf","mode":"bus","color":"#0A295D","stops":[{"name":"Atzgersdorfer Straße","lon":16.29715,"lat":48.1704},{"name":"Rosenhügelstraße","lon":16.30207,"lat":48.16896},{"name":"Pensionistenwohnhaus Hetzendorf","lon":16.30016,"lat":48.16694},{"name":"Dorfmeistergasse","lon":16.29632,"lat":48.16466},{"name":"Am Rosenhügel","lon":16.29105,"lat":48.16222},{"name":"Pensionistenwohnhaus Rosenberg","lon":16.28693,"lat":48.15932},{"name":"Schluckergasse","lon":16.29044,"lat":48.15827},{"name":"Pflaumengasse","lon":16.29112,"lat":48.15667},{"name":"Tullnertalgasse","lon":16.29159,"lat":48.15391},{"name":"Endemanngasse","lon":16.29015,"lat":48.15318},{"name":"Ruzickagasse","lon":16.28431,"lat":48.15248},{"name":"Am Spiegeln","lon":16.28201,"lat":48.15244},{"name":"Maurer Friedhof","lon":16.2757,"lat":48.15445},{"name":"Franz-Asenbauer-Gasse","lon":16.27219,"lat":48.15501},{"name":"Maurer Hauptplatz","lon":16.26849,"lat":48.15079},{"name":"Gebirgsgasse","lon":16.2642,"lat":48.152},{"name":"Heudörfelgasse","lon":16.26407,"lat":48.15345},{"name":"Ursulinenkloster","lon":16.26475,"lat":48.15616},{"name":"Wittgensteinstraße","lon":16.26602,"lat":48.15888},{"name":"Dostalgasse","lon":16.26323,"lat":48.15991},{"name":"Nästlbergergasse","lon":16.26043,"lat":48.16038},{"name":"St.-Hubertus-Platz","lon":16.2609,"lat":48.16244},{"name":"Glawatschweg","lon":16.26644,"lat":48.16365},{"name":"Buchbindergasse","lon":16.26959,"lat":48.16367},{"name":"Pensionistenwohnhaus Föhrenhof","lon":16.27241,"lat":48.16599},{"name":"Dr.-Schober-Straße","lon":16.2729,"lat":48.16667},{"name":"Strampfergasse","lon":16.27766,"lat":48.16729},{"name":"Speising, Hermesstraße","lon":16.28229,"lat":48.16789},{"name":"Hofwiesengasse","lon":16.2859,"lat":48.16965},{"name":"Preyergasse","lon":16.28661,"lat":48.17378},{"name":"St.-Hemma-Kirche","lon":16.293,"lat":48.17255},{"name":"Melchartgasse","lon":16.29514,"lat":48.17256},{"name":"Küniglberg/ORF-Zentrum","lon":16.29138,"lat":48.17558},{"name":"Montecuccoliplatz","lon":16.29795,"lat":48.17547},{"name":"Tiroler Gasse","lon":16.29926,"lat":48.18074},{"name":"Am Platz","lon":16.30183,"lat":48.186},{"name":"Hietzing","lon":16.30337,"lat":48.18778}],"lengthKm":13.9},"geometry":{"type":"LineString","coordinates":[[16.29716,48.17046],[16.29744,48.17044],[16.29861,48.17033],[16.29935,48.17025],[16.29945,48.17023],[16.29951,48.17022],[16.29957,48.1702],[16.29962,48.17018],[16.29972,48.17014],[16.30211,48.169],[16.30243,48.16884],[16.30114,48.1677],[16.30096,48.16755],[16.30091,48.16752],[16.30022,48.16692],[16.30002,48.16674],[16.29741,48.16522],[16.29637,48.16462],[16.29562,48.16418],[16.29483,48.16374],[16.29315,48.16277],[16.29236,48.16231],[16.29232,48.16228],[16.29228,48.16221],[16.29161,48.16235],[16.29139,48.16234],[16.29135,48.16231],[16.29125,48.16224],[16.29119,48.16221],[16.29111,48.16216],[16.29098,48.16211],[16.29082,48.16206],[16.29065,48.16203],[16.29034,48.16197],[16.29027,48.16195],[16.29019,48.16192],[16.29008,48.16186],[16.28954,48.1615],[16.28817,48.1606],[16.28692,48.15993],[16.28694,48.15991],[16.28692,48.15989],[16.28682,48.15983],[16.28678,48.15981],[16.28675,48.15977],[16.28674,48.15975],[16.28673,48.15972],[16.28672,48.15969],[16.28673,48.15962],[16.28672,48.15959],[16.28684,48.15948],[16.28692,48.1594],[16.28698,48.15936],[16.28705,48.15932],[16.28712,48.15927],[16.28727,48.1592],[16.28841,48.15879],[16.28908,48.15855],[16.28938,48.15847],[16.28965,48.15841],[16.28979,48.15839],[16.29024,48.15833],[16.29044,48.15831],[16.29063,48.15829],[16.29105,48.15828],[16.2911,48.15822],[16.29112,48.15818],[16.29113,48.15815],[16.29118,48.1581],[16.29116,48.1577],[16.29118,48.15688],[16.29119,48.15677],[16.2912,48.15667],[16.29125,48.15638],[16.29128,48.15626],[16.29131,48.15616],[16.29134,48.15609],[16.29141,48.15593],[16.29145,48.15585],[16.2915,48.15572],[16.29151,48.1557],[16.2916,48.15535],[16.29159,48.15494],[16.29163,48.15416],[16.29168,48.15392],[16.29171,48.15378],[16.29173,48.1537],[16.29178,48.15351],[16.29188,48.15319],[16.29196,48.15295],[16.29183,48.15292],[16.29126,48.15299],[16.29046,48.15309],[16.29014,48.15313],[16.2875,48.15348],[16.28612,48.15366],[16.2853,48.15377],[16.28442,48.15255],[16.28436,48.15247],[16.28418,48.1522],[16.28401,48.15181],[16.28392,48.15145],[16.2822,48.15229],[16.28196,48.1524],[16.28169,48.15253],[16.28078,48.15296],[16.27892,48.15383],[16.27832,48.1541],[16.27665,48.1543],[16.2757,48.15442],[16.27517,48.15448],[16.27274,48.15486],[16.27218,48.15496],[16.2719,48.15501],[16.27182,48.15507],[16.27101,48.1546],[16.27084,48.15442],[16.27076,48.15432],[16.27065,48.15417],[16.27057,48.15403],[16.27042,48.15377],[16.26986,48.15262],[16.2698,48.15253],[16.26973,48.15241],[16.26966,48.15225],[16.26938,48.1517],[16.26916,48.15126],[16.26891,48.15077],[16.26887,48.15067],[16.26884,48.15057],[16.2687,48.15062],[16.26843,48.1507],[16.2682,48.15076],[16.26801,48.15083],[16.26765,48.151],[16.267,48.15128],[16.2668,48.15137],[16.26636,48.15156],[16.26625,48.15161],[16.2661,48.15166],[16.26539,48.15184],[16.26533,48.15185],[16.2652,48.15185],[16.26418,48.15194],[16.26393,48.15196],[16.26403,48.15299],[16.26403,48.15305],[16.26403,48.15318],[16.26403,48.15329],[16.26402,48.15345],[16.26401,48.15371],[16.26398,48.15419],[16.26396,48.15432],[16.26394,48.15439],[16.26385,48.1546],[16.2638,48.15476],[16.26379,48.15486],[16.2638,48.15498],[16.26388,48.15514],[16.26428,48.15564],[16.26468,48.15618],[16.26483,48.15638],[16.26487,48.15642],[16.26492,48.15645],[16.26504,48.15659],[16.26508,48.15662],[16.26521,48.15671],[16.26536,48.15681],[16.26541,48.15684],[16.26544,48.15688],[16.26547,48.15693],[16.2655,48.15698],[16.26565,48.1573],[16.26567,48.15734],[16.2663,48.15867],[16.26626,48.15872],[16.26598,48.15883],[16.2636,48.15971],[16.2632,48.15986],[16.26299,48.15994],[16.26033,48.16019],[16.26037,48.16038],[16.26062,48.16165],[16.26075,48.16234],[16.26076,48.16238],[16.26078,48.16243],[16.2608,48.16246],[16.26081,48.16248],[16.26087,48.16258],[16.26093,48.16265],[16.26178,48.16326],[16.26186,48.16332],[16.26194,48.16336],[16.26205,48.16342],[16.26228,48.1635],[16.26241,48.16354],[16.26257,48.16358],[16.2627,48.16361],[16.26285,48.16364],[16.26301,48.16365],[16.26417,48.16367],[16.26644,48.16368],[16.26702,48.16368],[16.26829,48.1637],[16.26959,48.1637],[16.27036,48.16371],[16.27048,48.16371],[16.2706,48.16372],[16.27079,48.16376],[16.27101,48.1638],[16.27115,48.16384],[16.27129,48.16388],[16.27142,48.16394],[16.27153,48.16399],[16.27159,48.16402],[16.27163,48.16405],[16.27179,48.16417],[16.27194,48.16428],[16.27201,48.16435],[16.27206,48.1644],[16.27209,48.16445],[16.27215,48.16454],[16.2722,48.16463],[16.27222,48.16469],[16.27226,48.16483],[16.27227,48.16489],[16.2723,48.16528],[16.27234,48.16599],[16.27238,48.16676],[16.27254,48.16675],[16.27271,48.16674],[16.27292,48.16673],[16.27299,48.16673],[16.27311,48.16673],[16.2733,48.16675],[16.27419,48.16687],[16.27562,48.16706],[16.27764,48.16733],[16.28088,48.16777],[16.28095,48.16778],[16.28226,48.16794],[16.28297,48.16804],[16.28301,48.16818],[16.28394,48.16811],[16.28424,48.16843],[16.28428,48.16847],[16.2845,48.16867],[16.28479,48.16894],[16.28508,48.16918],[16.28535,48.1694],[16.28578,48.16971],[16.2859,48.16979],[16.28601,48.16987],[16.28609,48.16992],[16.28614,48.16995],[16.2862,48.16998],[16.2863,48.17001],[16.2872,48.17017],[16.2873,48.17019],[16.28724,48.17035],[16.28723,48.1704],[16.28722,48.17046],[16.28716,48.1714],[16.28715,48.17155],[16.28711,48.17177],[16.28708,48.17188],[16.28673,48.173],[16.28668,48.17312],[16.28649,48.17351],[16.28643,48.17358],[16.28651,48.17379],[16.28654,48.17388],[16.28684,48.17452],[16.28713,48.17491],[16.28725,48.17482],[16.28871,48.17374],[16.28942,48.17323],[16.2895,48.17318],[16.28966,48.17311],[16.28986,48.17303],[16.28998,48.173],[16.29016,48.17297],[16.29097,48.17289],[16.29119,48.17287],[16.2914,48.17286],[16.29192,48.17278],[16.2927,48.17265],[16.29302,48.1726],[16.29335,48.17255],[16.29511,48.17234],[16.29512,48.17242],[16.29511,48.17251],[16.29509,48.17254],[16.29508,48.17257],[16.29503,48.17263],[16.29497,48.17268],[16.29485,48.17275],[16.2948,48.17276],[16.29474,48.17278],[16.29465,48.1728],[16.29437,48.17285],[16.29413,48.1729],[16.29402,48.17293],[16.29392,48.17297],[16.29383,48.173],[16.29367,48.17308],[16.2936,48.17312],[16.2935,48.17318],[16.29328,48.17334],[16.29321,48.1734],[16.2932,48.17342],[16.29323,48.17349],[16.29333,48.1737],[16.29339,48.1738],[16.2935,48.17399],[16.29373,48.17431],[16.29399,48.17459],[16.29408,48.17463],[16.29397,48.17466],[16.29372,48.17476],[16.29355,48.17481],[16.2934,48.17486],[16.29325,48.1749],[16.29306,48.17495],[16.29251,48.17507],[16.29227,48.17512],[16.29219,48.17513],[16.29214,48.17519],[16.29171,48.17558],[16.2916,48.17558],[16.29155,48.17558],[16.2915,48.17558],[16.29146,48.17557],[16.29143,48.17557],[16.2914,48.17556],[16.29139,48.17555],[16.29135,48.17553],[16.29132,48.1755],[16.2913,48.17546],[16.29128,48.17543],[16.29119,48.1754],[16.29159,48.17527],[16.29219,48.17513],[16.29227,48.17512],[16.29251,48.17507],[16.29306,48.17495],[16.29325,48.1749],[16.2934,48.17486],[16.29355,48.17481],[16.29372,48.17476],[16.29397,48.17466],[16.29408,48.17463],[16.29479,48.17428],[16.29508,48.17412],[16.2955,48.17384],[16.29671,48.1746],[16.29688,48.17472],[16.29762,48.1752],[16.29784,48.17525],[16.29782,48.17531],[16.29782,48.17537],[16.29783,48.17547],[16.29786,48.17571],[16.29785,48.17576],[16.29784,48.17594],[16.29784,48.17599],[16.29785,48.1761],[16.29786,48.17619],[16.29788,48.1763],[16.29791,48.17641],[16.29803,48.17684],[16.29811,48.17714],[16.29849,48.17844],[16.29873,48.17926],[16.2992,48.18075],[16.30014,48.18381],[16.30019,48.18394],[16.30032,48.18423],[16.3008,48.18514],[16.30098,48.18547],[16.30121,48.18577],[16.30147,48.18605],[16.3015,48.18613],[16.30179,48.1861],[16.30182,48.1861],[16.30192,48.1861],[16.30203,48.18612],[16.30214,48.18615],[16.30226,48.18621],[16.30234,48.18627],[16.30241,48.18636],[16.30255,48.18659],[16.30303,48.1872],[16.30306,48.18724],[16.30318,48.18723],[16.30326,48.18727],[16.30338,48.18732],[16.30344,48.18733],[16.3035,48.18734],[16.30359,48.18736],[16.30406,48.18737],[16.30412,48.18737],[16.30424,48.18753],[16.30437,48.18781],[16.30439,48.18786],[16.3044,48.18792],[16.3044,48.18798],[16.30438,48.18801],[16.30432,48.1881],[16.30426,48.18815],[16.30399,48.18823],[16.30379,48.1882],[16.30371,48.18818],[16.30365,48.18815],[16.30359,48.18811],[16.30354,48.18808],[16.3035,48.18804],[16.30347,48.188],[16.30336,48.18779]]}},{"type":"Feature","properties":{"lineId":"56B","name":"56B","longName":"Hietzing - Lainzer Tor","mode":"bus","color":"#0A295D","stops":[{"name":"Lainzer Tor","lon":16.25711,"lat":48.16695},{"name":"Kleiner Ring","lon":16.25953,"lat":48.16685},{"name":"Jenbachgasse","lon":16.26499,"lat":48.1668},{"name":"Dr.-Schober-Straße","lon":16.2729,"lat":48.16667},{"name":"Strampfergasse","lon":16.27766,"lat":48.16729},{"name":"Speising, Hermesstraße","lon":16.28229,"lat":48.16789},{"name":"Hofwiesengasse","lon":16.2859,"lat":48.16965},{"name":"Preyergasse","lon":16.28661,"lat":48.17378},{"name":"St.-Hemma-Kirche","lon":16.293,"lat":48.17255},{"name":"Melchartgasse","lon":16.29514,"lat":48.17256},{"name":"Küniglberg/ORF-Zentrum","lon":16.29138,"lat":48.17558},{"name":"Montecuccoliplatz","lon":16.29795,"lat":48.17547},{"name":"Tiroler Gasse","lon":16.29926,"lat":48.18074},{"name":"Am Platz","lon":16.30183,"lat":48.186},{"name":"Hietzing","lon":16.30337,"lat":48.18778}],"lengthKm":6.6},"geometry":{"type":"LineString","coordinates":[[16.25711,48.1669],[16.25704,48.1669],[16.25702,48.1669],[16.25699,48.16688],[16.25698,48.16687],[16.25697,48.16686],[16.25696,48.16685],[16.25696,48.16683],[16.25696,48.16682],[16.25697,48.16681],[16.25698,48.1668],[16.25699,48.16679],[16.25702,48.16677],[16.25706,48.16677],[16.2571,48.16677],[16.25723,48.16681],[16.25723,48.16683],[16.25723,48.16684],[16.25724,48.16686],[16.25725,48.16687],[16.25727,48.16689],[16.25729,48.1669],[16.25732,48.16691],[16.25735,48.16691],[16.2587,48.1669],[16.25954,48.16689],[16.25989,48.16689],[16.26499,48.16685],[16.26637,48.16684],[16.26721,48.16683],[16.27102,48.16679],[16.27156,48.16678],[16.27238,48.16676],[16.27254,48.16675],[16.27271,48.16674],[16.27292,48.16673],[16.27299,48.16673],[16.27311,48.16673],[16.2733,48.16675],[16.27419,48.16687],[16.27562,48.16706],[16.27764,48.16733],[16.28088,48.16777],[16.28095,48.16778],[16.28226,48.16794],[16.28297,48.16804],[16.28301,48.16818],[16.28394,48.16811],[16.28424,48.16843],[16.28428,48.16847],[16.2845,48.16867],[16.28479,48.16894],[16.28508,48.16918],[16.28535,48.1694],[16.28578,48.16971],[16.2859,48.16979],[16.28601,48.16987],[16.28609,48.16992],[16.28614,48.16995],[16.2862,48.16998],[16.2863,48.17001],[16.2872,48.17017],[16.2873,48.17019],[16.28724,48.17035],[16.28723,48.1704],[16.28722,48.17046],[16.28716,48.1714],[16.28715,48.17155],[16.28711,48.17177],[16.28708,48.17188],[16.28673,48.173],[16.28668,48.17312],[16.28649,48.17351],[16.28643,48.17358],[16.28651,48.17379],[16.28654,48.17388],[16.28684,48.17452],[16.28713,48.17491],[16.28725,48.17482],[16.28871,48.17374],[16.28942,48.17323],[16.2895,48.17318],[16.28966,48.17311],[16.28986,48.17303],[16.28998,48.173],[16.29016,48.17297],[16.29097,48.17289],[16.29119,48.17287],[16.2914,48.17286],[16.29192,48.17278],[16.2927,48.17265],[16.29302,48.1726],[16.29335,48.17255],[16.29511,48.17234],[16.29512,48.17242],[16.29511,48.17251],[16.29509,48.17254],[16.29508,48.17257],[16.29503,48.17263],[16.29497,48.17268],[16.29485,48.17275],[16.2948,48.17276],[16.29474,48.17278],[16.29465,48.1728],[16.29437,48.17285],[16.29413,48.1729],[16.29402,48.17293],[16.29392,48.17297],[16.29383,48.173],[16.29367,48.17308],[16.2936,48.17312],[16.2935,48.17318],[16.29328,48.17334],[16.29321,48.1734],[16.2932,48.17342],[16.29323,48.17349],[16.29333,48.1737],[16.29339,48.1738],[16.2935,48.17399],[16.29373,48.17431],[16.29399,48.17459],[16.29408,48.17463],[16.29397,48.17466],[16.29372,48.17476],[16.29355,48.17481],[16.2934,48.17486],[16.29325,48.1749],[16.29306,48.17495],[16.29251,48.17507],[16.29227,48.17512],[16.29219,48.17513],[16.29214,48.17519],[16.29171,48.17558],[16.2916,48.17558],[16.29155,48.17558],[16.2915,48.17558],[16.29146,48.17557],[16.29143,48.17557],[16.2914,48.17556],[16.29139,48.17555],[16.29135,48.17553],[16.29132,48.1755],[16.2913,48.17546],[16.29128,48.17543],[16.29119,48.1754],[16.29159,48.17527],[16.29219,48.17513],[16.29227,48.17512],[16.29251,48.17507],[16.29306,48.17495],[16.29325,48.1749],[16.2934,48.17486],[16.29355,48.17481],[16.29372,48.17476],[16.29397,48.17466],[16.29408,48.17463],[16.29479,48.17428],[16.29508,48.17412],[16.2955,48.17384],[16.29671,48.1746],[16.29688,48.17472],[16.29762,48.1752],[16.29784,48.17525],[16.29782,48.17531],[16.29782,48.17537],[16.29783,48.17547],[16.29786,48.17571],[16.29785,48.17576],[16.29784,48.17594],[16.29784,48.17599],[16.29785,48.1761],[16.29786,48.17619],[16.29788,48.1763],[16.29791,48.17641],[16.29803,48.17684],[16.29811,48.17714],[16.29849,48.17844],[16.29873,48.17926],[16.2992,48.18075],[16.30014,48.18381],[16.30019,48.18394],[16.30032,48.18423],[16.3008,48.18514],[16.30098,48.18547],[16.30121,48.18577],[16.30147,48.18605],[16.3015,48.18613],[16.30179,48.1861],[16.30182,48.1861],[16.30192,48.1861],[16.30203,48.18612],[16.30214,48.18615],[16.30226,48.18621],[16.30234,48.18627],[16.30241,48.18636],[16.30255,48.18659],[16.30303,48.1872],[16.30306,48.18724],[16.30318,48.18723],[16.30326,48.18727],[16.30338,48.18732],[16.30344,48.18733],[16.3035,48.18734],[16.30359,48.18736],[16.30406,48.18737],[16.30412,48.18737],[16.30424,48.18753],[16.30437,48.18781],[16.30439,48.18786],[16.3044,48.18792],[16.3044,48.18798],[16.30438,48.18801],[16.30432,48.1881],[16.30426,48.18815],[16.30399,48.18823],[16.30379,48.1882],[16.30371,48.18818],[16.30365,48.18815],[16.30359,48.18811],[16.30354,48.18808],[16.3035,48.18804],[16.30347,48.188],[16.30336,48.18779]]}},{"type":"Feature","properties":{"lineId":"57A","name":"57A","longName":"Burgring - Anschützgasse","mode":"bus","color":"#0A295D","stops":[{"name":"Burgring","lon":16.36394,"lat":48.20357},{"name":"Museumsquartier","lon":16.36244,"lat":48.20275},{"name":"Getreidemarkt","lon":16.36259,"lat":48.20165},{"name":"Laimgrubengasse","lon":16.3592,"lat":48.19928},{"name":"Stiegengasse","lon":16.35744,"lat":48.19865},{"name":"Haus des Meeres","lon":16.3537,"lat":48.19762},{"name":"Esterházygasse","lon":16.35066,"lat":48.19497},{"name":"Hirschengasse","lon":16.34901,"lat":48.19302},{"name":"Kurt-Pint-Platz","lon":16.34725,"lat":48.19124},{"name":"Sonnenuhrgasse","lon":16.34424,"lat":48.19076},{"name":"Gumpendorfer Straße","lon":16.33749,"lat":48.1905},{"name":"Fünfhausgasse","lon":16.3353,"lat":48.18904},{"name":"Stiegergasse","lon":16.33377,"lat":48.18825},{"name":"Grimmgasse","lon":16.32846,"lat":48.187},{"name":"Hollergasse","lon":16.32473,"lat":48.1864},{"name":"Siebeneichengasse","lon":16.32348,"lat":48.18866},{"name":"Rudolfsheim, Anschützgasse","lon":16.32257,"lat":48.19015}],"lengthKm":4.5},"geometry":{"type":"LineString","coordinates":[[16.36389,48.20354],[16.36351,48.20384],[16.36273,48.20337],[16.36206,48.20299],[16.36247,48.20278],[16.36334,48.20232],[16.36298,48.2019],[16.36287,48.20179],[16.36268,48.20161],[16.36213,48.20107],[16.36119,48.2001],[16.36096,48.19987],[16.36091,48.19983],[16.36086,48.1998],[16.35992,48.19946],[16.35924,48.19923],[16.35747,48.19861],[16.35728,48.19854],[16.35634,48.19823],[16.35392,48.19763],[16.35376,48.19756],[16.35283,48.19715],[16.35221,48.19689],[16.35218,48.19686],[16.35174,48.19638],[16.3517,48.19633],[16.35168,48.19631],[16.35117,48.19552],[16.35116,48.19548],[16.35117,48.19536],[16.35075,48.19493],[16.35056,48.19474],[16.35041,48.19459],[16.34972,48.19384],[16.3492,48.19312],[16.34911,48.19299],[16.34884,48.19262],[16.34846,48.19213],[16.34795,48.19152],[16.34787,48.19144],[16.3478,48.19137],[16.34728,48.1912],[16.3462,48.19084],[16.34594,48.19079],[16.34543,48.19071],[16.34493,48.19063],[16.3448,48.19062],[16.34473,48.19061],[16.34467,48.19061],[16.34457,48.19063],[16.3445,48.19064],[16.3442,48.19072],[16.34377,48.19084],[16.34361,48.19086],[16.34354,48.19087],[16.34346,48.19087],[16.34336,48.19086],[16.34266,48.19073],[16.34195,48.19062],[16.34181,48.1906],[16.34119,48.19056],[16.34112,48.19056],[16.34013,48.19051],[16.34,48.1905],[16.33992,48.19051],[16.3398,48.19052],[16.33888,48.19064],[16.3385,48.19069],[16.33844,48.1907],[16.33832,48.1907],[16.33826,48.19069],[16.33822,48.19068],[16.33819,48.19068],[16.33811,48.19065],[16.3376,48.1904],[16.33729,48.19026],[16.3367,48.18988],[16.33664,48.18984],[16.33556,48.18914],[16.3355,48.18909],[16.33536,48.189],[16.33485,48.18867],[16.33463,48.18854],[16.33436,48.18839],[16.3342,48.18831],[16.33402,48.18825],[16.33381,48.18819],[16.33358,48.18813],[16.33325,48.18808],[16.33299,48.18803],[16.33243,48.18794],[16.33234,48.18792],[16.33226,48.1879],[16.33114,48.18754],[16.33096,48.18749],[16.33055,48.18738],[16.33034,48.18732],[16.33017,48.18727],[16.32977,48.18715],[16.32953,48.18708],[16.32941,48.18705],[16.32928,48.18702],[16.32912,48.18699],[16.32888,48.18696],[16.32869,48.18694],[16.32848,48.18692],[16.32736,48.18684],[16.3272,48.18682],[16.32703,48.18679],[16.32694,48.18677],[16.32618,48.18658],[16.3252,48.18641],[16.32475,48.18633],[16.32459,48.18631],[16.32375,48.18625],[16.32362,48.18721],[16.32341,48.18866],[16.32339,48.18879],[16.32338,48.18883],[16.32319,48.19011],[16.32316,48.19014],[16.32257,48.1901]]}},{"type":"Feature","properties":{"lineId":"58A","name":"58A","longName":"Hietzing - Atzgersdorf Baustellenfahrplan gültig von 07.04. bis vsl. Ende Dezember 2026","mode":"bus","color":"#0A295D","stops":[{"name":"Atzgersdorf","lon":16.28919,"lat":48.14774},{"name":"Atzgersdorf Kirchenplatz","lon":16.29335,"lat":48.14751},{"name":"Hödlgasse","lon":16.29565,"lat":48.14943},{"name":"Atzgersdorf, Ziedlergasse","lon":16.2956,"lat":48.15144},{"name":"Tullnertalgasse","lon":16.29174,"lat":48.15397},{"name":"Pflaumengasse","lon":16.29126,"lat":48.15696},{"name":"Am Rosenhügel","lon":16.2915,"lat":48.16172},{"name":"Siedlung Rosenhügel","lon":16.29275,"lat":48.16396},{"name":"Atzgersdorfer Straße","lon":16.2961,"lat":48.16951},{"name":"Melchartgasse","lon":16.29539,"lat":48.17236},{"name":"Küniglberg/ORF-Zentrum","lon":16.29138,"lat":48.17558},{"name":"Montecuccoliplatz","lon":16.29557,"lat":48.17371},{"name":"St.-Hemma-Kirche","lon":16.29262,"lat":48.17273},{"name":"Gloriettegasse","lon":16.29198,"lat":48.18297},{"name":"Am Platz","lon":16.30183,"lat":48.186},{"name":"Hietzing","lon":16.30349,"lat":48.18776}],"lengthKm":8.3},"geometry":{"type":"LineString","coordinates":[[16.28916,48.14782],[16.28958,48.14787],[16.28965,48.14788],[16.28973,48.1479],[16.28994,48.14795],[16.29023,48.14802],[16.29032,48.14804],[16.29045,48.14806],[16.29053,48.14806],[16.29061,48.14806],[16.29067,48.14805],[16.29137,48.14792],[16.29233,48.14773],[16.29308,48.14759],[16.29336,48.14754],[16.29344,48.14753],[16.29351,48.14752],[16.29356,48.14753],[16.29376,48.14757],[16.29385,48.14759],[16.29406,48.14764],[16.29414,48.14764],[16.29421,48.14764],[16.29504,48.14754],[16.29508,48.14757],[16.29512,48.14761],[16.29514,48.14765],[16.29519,48.14775],[16.29536,48.14857],[16.29546,48.1491],[16.29546,48.14915],[16.29556,48.14944],[16.29572,48.1499],[16.29602,48.15079],[16.29612,48.15109],[16.29615,48.15124],[16.29556,48.15137],[16.29418,48.15167],[16.29377,48.15177],[16.29357,48.15183],[16.29339,48.15189],[16.29325,48.15194],[16.29308,48.15201],[16.29295,48.15208],[16.29268,48.15222],[16.29257,48.1523],[16.29244,48.1524],[16.29235,48.15248],[16.29226,48.15257],[16.29216,48.15269],[16.29207,48.1528],[16.29201,48.15289],[16.29196,48.15295],[16.29188,48.15319],[16.29178,48.15351],[16.29173,48.15368],[16.29171,48.15378],[16.29167,48.15396],[16.29163,48.15416],[16.29159,48.15494],[16.2916,48.15535],[16.29151,48.1557],[16.2915,48.15572],[16.29145,48.15585],[16.29141,48.15593],[16.29134,48.15609],[16.29131,48.15616],[16.29128,48.15626],[16.29125,48.15638],[16.29121,48.15663],[16.29119,48.15677],[16.29118,48.15688],[16.29118,48.15697],[16.29116,48.1577],[16.29118,48.1581],[16.29122,48.15814],[16.29123,48.1584],[16.29119,48.15842],[16.29121,48.15893],[16.29123,48.15961],[16.29136,48.16131],[16.29139,48.16167],[16.29139,48.16172],[16.29141,48.16184],[16.29144,48.16197],[16.29147,48.16206],[16.2915,48.16213],[16.29161,48.16235],[16.29163,48.16247],[16.29206,48.16309],[16.29266,48.16399],[16.29279,48.16418],[16.29317,48.16478],[16.29372,48.16573],[16.29433,48.16678],[16.29483,48.16761],[16.29556,48.1689],[16.29593,48.16954],[16.296,48.16968],[16.2964,48.17052],[16.29655,48.17083],[16.29682,48.17141],[16.29707,48.17194],[16.2971,48.17198],[16.29712,48.172],[16.29634,48.17216],[16.2962,48.17219],[16.29606,48.17221],[16.29576,48.17225],[16.29561,48.17227],[16.29538,48.1723],[16.29511,48.17234],[16.29512,48.17242],[16.29511,48.17251],[16.29508,48.17257],[16.29503,48.17263],[16.29497,48.17268],[16.2949,48.17272],[16.29485,48.17275],[16.2948,48.17276],[16.29474,48.17278],[16.29465,48.1728],[16.29437,48.17285],[16.29413,48.1729],[16.29402,48.17293],[16.29392,48.17297],[16.29383,48.173],[16.29367,48.17308],[16.2936,48.17312],[16.2935,48.17318],[16.29328,48.17334],[16.29321,48.1734],[16.2932,48.17342],[16.29323,48.17349],[16.29333,48.1737],[16.29339,48.1738],[16.2935,48.17399],[16.29373,48.17431],[16.29399,48.17459],[16.29408,48.17463],[16.29397,48.17466],[16.29372,48.17476],[16.29355,48.17481],[16.2934,48.17486],[16.29325,48.1749],[16.29306,48.17495],[16.29251,48.17507],[16.29227,48.17512],[16.29219,48.17513],[16.29214,48.17519],[16.29171,48.17558],[16.2916,48.17558],[16.29155,48.17558],[16.2915,48.17558],[16.29146,48.17557],[16.29143,48.17557],[16.2914,48.17556],[16.29139,48.17555],[16.29135,48.17553],[16.29132,48.1755],[16.2913,48.17546],[16.29128,48.17543],[16.29119,48.1754],[16.29159,48.17527],[16.29219,48.17513],[16.29227,48.17512],[16.29251,48.17507],[16.29306,48.17495],[16.29325,48.1749],[16.2934,48.17486],[16.29355,48.17481],[16.29372,48.17476],[16.29397,48.17466],[16.29408,48.17463],[16.29479,48.17428],[16.29508,48.17412],[16.2955,48.17384],[16.29562,48.17375],[16.29628,48.17329],[16.29632,48.17325],[16.29633,48.17322],[16.29632,48.17318],[16.29629,48.17315],[16.29625,48.17311],[16.29619,48.17307],[16.29611,48.17299],[16.29605,48.17294],[16.29601,48.17287],[16.29595,48.1728],[16.29587,48.17265],[16.29561,48.17227],[16.29511,48.17234],[16.29335,48.17255],[16.29261,48.17267],[16.29192,48.17278],[16.2914,48.17286],[16.29119,48.17287],[16.29097,48.17289],[16.29016,48.17297],[16.28998,48.173],[16.28986,48.17303],[16.28966,48.17311],[16.28958,48.17314],[16.2895,48.17318],[16.28942,48.17323],[16.28871,48.17374],[16.28725,48.17482],[16.28713,48.17491],[16.28662,48.17526],[16.28646,48.17535],[16.28626,48.17547],[16.28611,48.17554],[16.28599,48.1756],[16.28557,48.17574],[16.2851,48.17588],[16.2849,48.17594],[16.28477,48.17598],[16.28462,48.17605],[16.28439,48.17613],[16.28408,48.17623],[16.28394,48.17624],[16.28391,48.17636],[16.28387,48.17647],[16.28373,48.17674],[16.2837,48.17679],[16.28367,48.17684],[16.28365,48.17691],[16.28364,48.17701],[16.28365,48.1771],[16.28383,48.1775],[16.28386,48.17758],[16.28397,48.17797],[16.28412,48.17868],[16.28414,48.17876],[16.28416,48.17886],[16.28417,48.1789],[16.28418,48.17898],[16.28418,48.17901],[16.2841,48.17963],[16.28406,48.17991],[16.28521,48.18104],[16.28523,48.18105],[16.28568,48.1815],[16.28572,48.18151],[16.28618,48.18196],[16.2863,48.18207],[16.28639,48.18212],[16.28645,48.18216],[16.28652,48.18219],[16.28756,48.18258],[16.28766,48.18261],[16.28776,48.18263],[16.28834,48.18272],[16.28948,48.1829],[16.2899,48.18294],[16.29157,48.18298],[16.29198,48.183],[16.29234,48.18301],[16.29259,48.18308],[16.29327,48.18368],[16.29386,48.18412],[16.2953,48.1849],[16.29617,48.1853],[16.29694,48.18565],[16.29729,48.1858],[16.29764,48.18594],[16.29795,48.18605],[16.29832,48.18621],[16.29842,48.1862],[16.29857,48.1863],[16.29862,48.18633],[16.29867,48.18635],[16.29874,48.18637],[16.29883,48.18637],[16.29915,48.18636],[16.29931,48.18637],[16.3015,48.18613],[16.30179,48.1861],[16.30182,48.1861],[16.30192,48.1861],[16.30203,48.18612],[16.30214,48.18615],[16.30226,48.18621],[16.30234,48.18627],[16.30241,48.18636],[16.30255,48.18659],[16.30303,48.1872],[16.30306,48.18724],[16.30318,48.18723],[16.30326,48.18727],[16.30338,48.18732],[16.30344,48.18733],[16.3035,48.18734],[16.30359,48.18736],[16.30406,48.18737],[16.30412,48.18737],[16.30424,48.18753],[16.30437,48.18781],[16.30439,48.18786],[16.3044,48.18792],[16.3044,48.18798],[16.30438,48.18801],[16.30432,48.1881],[16.30426,48.18815],[16.30399,48.18823],[16.30379,48.1882],[16.30371,48.18818],[16.30365,48.18815],[16.30359,48.18811],[16.30354,48.18808],[16.3035,48.18804],[16.30347,48.188],[16.30336,48.18779]]}},{"type":"Feature","properties":{"lineId":"58B","name":"58B","longName":"Hietzing - Atzgersdorf Baustellenfahrplan gültig von 07.04. bis vsl. Ende Dezember 2026","mode":"bus","color":"#0A295D","stops":[{"name":"Atzgersdorf","lon":16.28879,"lat":48.14809},{"name":"Rudolf-Zeller-Gasse","lon":16.28379,"lat":48.14752},{"name":"Taglieberstraße","lon":16.28435,"lat":48.15004},{"name":"Am Spiegeln","lon":16.28201,"lat":48.15244},{"name":"Eberstorferweg","lon":16.28015,"lat":48.15465},{"name":"Deißenhofergasse","lon":16.28055,"lat":48.15848},{"name":"Pensionistenwohnhaus Rosenberg","lon":16.2858,"lat":48.15934},{"name":"Schluckergasse","lon":16.29044,"lat":48.15827},{"name":"Am Rosenhügel","lon":16.2915,"lat":48.16172},{"name":"Dorfmeistergasse","lon":16.29602,"lat":48.16438},{"name":"Pensionistenwohnhaus Hetzendorf","lon":16.30024,"lat":48.16684},{"name":"Rosenhügelstraße","lon":16.30228,"lat":48.16865},{"name":"Atzgersdorfer Straße","lon":16.29768,"lat":48.1705},{"name":"Melchartgasse","lon":16.29539,"lat":48.17236},{"name":"Küniglberg/ORF-Zentrum","lon":16.29138,"lat":48.17558},{"name":"Montecuccoliplatz","lon":16.29557,"lat":48.17371},{"name":"St.-Hemma-Kirche","lon":16.29262,"lat":48.17273},{"name":"Gloriettegasse","lon":16.29198,"lat":48.18297},{"name":"Am Platz","lon":16.30183,"lat":48.186},{"name":"Hietzing","lon":16.30349,"lat":48.18776}],"lengthKm":9.8},"geometry":{"type":"LineString","coordinates":[[16.2889,48.14806],[16.28871,48.14775],[16.28852,48.14771],[16.28838,48.14768],[16.28807,48.14763],[16.28567,48.14735],[16.28556,48.14734],[16.28512,48.14731],[16.28493,48.14731],[16.2847,48.14732],[16.28454,48.14733],[16.28443,48.14734],[16.28433,48.14735],[16.28376,48.14746],[16.28335,48.14753],[16.28386,48.14864],[16.28449,48.14991],[16.28431,48.14999],[16.28411,48.15008],[16.28405,48.15011],[16.28399,48.15015],[16.28396,48.15022],[16.28395,48.15029],[16.28391,48.15106],[16.28392,48.15145],[16.2822,48.15229],[16.28196,48.1524],[16.28169,48.15253],[16.28078,48.15296],[16.27985,48.15339],[16.27988,48.15348],[16.28008,48.15465],[16.28035,48.15619],[16.28035,48.15624],[16.28008,48.15749],[16.27985,48.15831],[16.28051,48.15852],[16.28087,48.15864],[16.28092,48.15866],[16.28098,48.15867],[16.28107,48.15869],[16.28472,48.15913],[16.28488,48.15916],[16.28512,48.1592],[16.2852,48.15921],[16.28553,48.1593],[16.28562,48.15933],[16.28577,48.15938],[16.28598,48.15946],[16.28618,48.15954],[16.2862,48.15953],[16.28623,48.15953],[16.2864,48.15961],[16.28645,48.15963],[16.28649,48.15963],[16.28653,48.15963],[16.2866,48.15962],[16.28668,48.15959],[16.28672,48.15959],[16.28684,48.15948],[16.28692,48.1594],[16.28705,48.15932],[16.28712,48.15927],[16.28727,48.1592],[16.28841,48.15879],[16.28908,48.15855],[16.28938,48.15847],[16.28965,48.15841],[16.28979,48.15839],[16.29024,48.15833],[16.29044,48.15831],[16.29063,48.15829],[16.29105,48.15828],[16.29109,48.15831],[16.29112,48.15834],[16.29114,48.15837],[16.29116,48.1584],[16.29119,48.15842],[16.29121,48.15893],[16.29123,48.15961],[16.29136,48.16131],[16.29139,48.16167],[16.29139,48.16172],[16.29141,48.16184],[16.29144,48.16197],[16.29147,48.16206],[16.2915,48.16213],[16.29161,48.16235],[16.29228,48.16221],[16.29232,48.16228],[16.29236,48.16231],[16.29315,48.16277],[16.29483,48.16374],[16.29562,48.16418],[16.296,48.16441],[16.2962,48.16453],[16.29741,48.16522],[16.30002,48.16674],[16.30017,48.16687],[16.30091,48.16752],[16.30096,48.16755],[16.30114,48.1677],[16.30223,48.16867],[16.30243,48.16884],[16.30172,48.16918],[16.30009,48.16996],[16.29972,48.17014],[16.29962,48.17018],[16.29951,48.17022],[16.2994,48.17024],[16.29935,48.17025],[16.29861,48.17033],[16.29766,48.17042],[16.2964,48.17052],[16.29655,48.17083],[16.29682,48.17141],[16.29707,48.17194],[16.2971,48.17198],[16.29712,48.172],[16.29634,48.17216],[16.2962,48.17219],[16.29606,48.17221],[16.29576,48.17225],[16.29561,48.17227],[16.29538,48.1723],[16.29511,48.17234],[16.29512,48.17242],[16.29511,48.17251],[16.29508,48.17257],[16.29503,48.17263],[16.29497,48.17268],[16.2949,48.17272],[16.29485,48.17275],[16.2948,48.17276],[16.29474,48.17278],[16.29465,48.1728],[16.29437,48.17285],[16.29413,48.1729],[16.29402,48.17293],[16.29392,48.17297],[16.29383,48.173],[16.29367,48.17308],[16.2936,48.17312],[16.2935,48.17318],[16.29328,48.17334],[16.29321,48.1734],[16.2932,48.17342],[16.29323,48.17349],[16.29333,48.1737],[16.29339,48.1738],[16.2935,48.17399],[16.29373,48.17431],[16.29399,48.17459],[16.29408,48.17463],[16.29397,48.17466],[16.29372,48.17476],[16.29355,48.17481],[16.2934,48.17486],[16.29325,48.1749],[16.29306,48.17495],[16.29251,48.17507],[16.29227,48.17512],[16.29219,48.17513],[16.29214,48.17519],[16.29171,48.17558],[16.2916,48.17558],[16.29155,48.17558],[16.2915,48.17558],[16.29146,48.17557],[16.29143,48.17557],[16.2914,48.17556],[16.29139,48.17555],[16.29135,48.17553],[16.29132,48.1755],[16.2913,48.17546],[16.29128,48.17543],[16.29119,48.1754],[16.29159,48.17527],[16.29219,48.17513],[16.29227,48.17512],[16.29251,48.17507],[16.29306,48.17495],[16.29325,48.1749],[16.2934,48.17486],[16.29355,48.17481],[16.29372,48.17476],[16.29397,48.17466],[16.29408,48.17463],[16.29479,48.17428],[16.29508,48.17412],[16.2955,48.17384],[16.29562,48.17375],[16.29628,48.17329],[16.29632,48.17325],[16.29633,48.17322],[16.29632,48.17318],[16.29629,48.17315],[16.29625,48.17311],[16.29619,48.17307],[16.29611,48.17299],[16.29605,48.17294],[16.29601,48.17287],[16.29595,48.1728],[16.29587,48.17265],[16.29561,48.17227],[16.29511,48.17234],[16.29335,48.17255],[16.29261,48.17267],[16.29192,48.17278],[16.2914,48.17286],[16.29119,48.17287],[16.29097,48.17289],[16.29016,48.17297],[16.28998,48.173],[16.28986,48.17303],[16.28966,48.17311],[16.28958,48.17314],[16.2895,48.17318],[16.28942,48.17323],[16.28871,48.17374],[16.28725,48.17482],[16.28713,48.17491],[16.28662,48.17526],[16.28646,48.17535],[16.28626,48.17547],[16.28611,48.17554],[16.28599,48.1756],[16.28557,48.17574],[16.2851,48.17588],[16.2849,48.17594],[16.28477,48.17598],[16.28462,48.17605],[16.28439,48.17613],[16.28408,48.17623],[16.28394,48.17624],[16.28391,48.17636],[16.28387,48.17647],[16.28373,48.17674],[16.2837,48.17679],[16.28367,48.17684],[16.28365,48.17691],[16.28364,48.17701],[16.28365,48.1771],[16.28383,48.1775],[16.28386,48.17758],[16.28397,48.17797],[16.28412,48.17868],[16.28414,48.17876],[16.28416,48.17886],[16.28417,48.1789],[16.28418,48.17898],[16.28418,48.17901],[16.2841,48.17963],[16.28406,48.17991],[16.28521,48.18104],[16.28523,48.18105],[16.28568,48.1815],[16.28572,48.18151],[16.28618,48.18196],[16.2863,48.18207],[16.28639,48.18212],[16.28645,48.18216],[16.28652,48.18219],[16.28756,48.18258],[16.28766,48.18261],[16.28776,48.18263],[16.28834,48.18272],[16.28948,48.1829],[16.2899,48.18294],[16.29157,48.18298],[16.29198,48.183],[16.29234,48.18301],[16.29259,48.18308],[16.29327,48.18368],[16.29386,48.18412],[16.2953,48.1849],[16.29617,48.1853],[16.29694,48.18565],[16.29729,48.1858],[16.29764,48.18594],[16.29795,48.18605],[16.29832,48.18621],[16.29842,48.1862],[16.29857,48.1863],[16.29862,48.18633],[16.29867,48.18635],[16.29874,48.18637],[16.29883,48.18637],[16.29915,48.18636],[16.29931,48.18637],[16.3015,48.18613],[16.30179,48.1861],[16.30182,48.1861],[16.30192,48.1861],[16.30203,48.18612],[16.30214,48.18615],[16.30226,48.18621],[16.30234,48.18627],[16.30241,48.18636],[16.30255,48.18659],[16.30303,48.1872],[16.30306,48.18724],[16.30318,48.18723],[16.30326,48.18727],[16.30338,48.18732],[16.30344,48.18733],[16.3035,48.18734],[16.30359,48.18736],[16.30406,48.18737],[16.30412,48.18737],[16.30424,48.18753],[16.30437,48.18781],[16.30439,48.18786],[16.3044,48.18792],[16.3044,48.18798],[16.30438,48.18801],[16.30432,48.1881],[16.30426,48.18815],[16.30399,48.18823],[16.30379,48.1882],[16.30371,48.18818],[16.30365,48.18815],[16.30359,48.18811],[16.30354,48.18808],[16.3035,48.18804],[16.30347,48.188],[16.30336,48.18779]]}},{"type":"Feature","properties":{"lineId":"59A","name":"59A","longName":"Oper/Karlsplatz - Bhf. Meidling","mode":"bus","color":"#0A295D","stops":[{"name":"Oper/Karlsplatz","lon":16.36877,"lat":48.20242},{"name":"Bärenmühldurchgang","lon":16.36659,"lat":48.1996},{"name":"Schleifmühlgasse","lon":16.36567,"lat":48.19727},{"name":"Preßgasse","lon":16.36324,"lat":48.19521},{"name":"Ziegelofengasse","lon":16.36067,"lat":48.19278},{"name":"Margaretenplatz","lon":16.35781,"lat":48.19107},{"name":"Bacherplatz","lon":16.3567,"lat":48.18828},{"name":"Reinprechtsdorfer Straße/Arbeitergasse","lon":16.35343,"lat":48.18667},{"name":"Einsiedlerplatz","lon":16.34966,"lat":48.18538},{"name":"Arbeitergasse/Gürtel","lon":16.34562,"lat":48.18407},{"name":"Wolfganggasse","lon":16.34262,"lat":48.18298},{"name":"Hans-Mandl-Berufsschule","lon":16.33819,"lat":48.18146},{"name":"Aßmayergasse","lon":16.33753,"lat":48.17894},{"name":"Dörfelstraße","lon":16.33557,"lat":48.1758},{"name":"Meidling, Eichenstr.","lon":16.33229,"lat":48.17486},{"name":"Meidling","lon":16.33185,"lat":48.17507}],"lengthKm":4.8},"geometry":{"type":"LineString","coordinates":[[16.36874,48.20237],[16.36822,48.20248],[16.368,48.2025],[16.36791,48.20252],[16.36731,48.20132],[16.3672,48.20113],[16.36711,48.20103],[16.36691,48.20084],[16.36685,48.20076],[16.36692,48.20069],[16.36691,48.20064],[16.3669,48.20059],[16.36691,48.20048],[16.36692,48.20023],[16.36688,48.19997],[16.36673,48.19958],[16.36626,48.19846],[16.36578,48.19732],[16.36576,48.19726],[16.36565,48.19696],[16.36555,48.19685],[16.36515,48.19645],[16.36511,48.19642],[16.36503,48.19636],[16.36447,48.19597],[16.36418,48.19579],[16.36394,48.19563],[16.36351,48.19535],[16.36345,48.19531],[16.36329,48.19518],[16.36308,48.19502],[16.36199,48.1942],[16.3617,48.19393],[16.36144,48.19364],[16.36123,48.19337],[16.36074,48.19275],[16.3606,48.19258],[16.35916,48.19192],[16.35897,48.19183],[16.35893,48.19182],[16.35858,48.19169],[16.35844,48.19161],[16.35831,48.19151],[16.35821,48.19139],[16.35814,48.19131],[16.35802,48.19115],[16.35788,48.19103],[16.35723,48.19054],[16.35719,48.1905],[16.35715,48.19044],[16.35697,48.19004],[16.35693,48.18997],[16.35686,48.18983],[16.35683,48.18979],[16.35676,48.18969],[16.3567,48.18964],[16.35658,48.18955],[16.35651,48.1895],[16.35638,48.18943],[16.3563,48.1894],[16.35624,48.18938],[16.35615,48.18935],[16.35589,48.18931],[16.35582,48.18929],[16.35575,48.18928],[16.35648,48.18858],[16.35676,48.18831],[16.35704,48.18804],[16.3567,48.18789],[16.35497,48.18713],[16.35346,48.18662],[16.35105,48.18581],[16.35028,48.18554],[16.34969,48.18534],[16.34765,48.18464],[16.34611,48.18412],[16.3457,48.18398],[16.34544,48.1839],[16.34265,48.18293],[16.34146,48.18252],[16.33824,48.1814],[16.33745,48.18113],[16.33739,48.1811],[16.33734,48.18107],[16.33725,48.18101],[16.33723,48.18102],[16.33718,48.18103],[16.33713,48.18103],[16.33707,48.18102],[16.33702,48.181],[16.337,48.18099],[16.33699,48.18098],[16.33699,48.18096],[16.33699,48.18093],[16.337,48.18092],[16.33703,48.18089],[16.33705,48.18088],[16.33708,48.18087],[16.3371,48.18086],[16.33713,48.18085],[16.33712,48.18083],[16.33709,48.18074],[16.33709,48.1807],[16.33732,48.18],[16.33765,48.17896],[16.33772,48.17873],[16.33702,48.17832],[16.335,48.17706],[16.33518,48.17672],[16.33548,48.17614],[16.33564,48.17582],[16.33581,48.17548],[16.33564,48.17543],[16.33453,48.17521],[16.33412,48.17511],[16.33234,48.17474],[16.33176,48.17462],[16.33168,48.17472],[16.33162,48.17488],[16.33161,48.17492],[16.33163,48.17498],[16.33168,48.17503],[16.33179,48.1751]]}},{"type":"Feature","properties":{"lineId":"60A","name":"60A","longName":"Alterlaa - Liesing","mode":"bus","color":"#0A295D","stops":[{"name":"Liesing","lon":16.28333,"lat":48.13478},{"name":"Löwenthalgasse","lon":16.27824,"lat":48.13603},{"name":"Korbgasse","lon":16.2747,"lat":48.13699},{"name":"Pumgasse","lon":16.27199,"lat":48.13606},{"name":"Kaiser-Franz-Josef-Straße","lon":16.26643,"lat":48.13594},{"name":"Maireckergasse","lon":16.26314,"lat":48.13588},{"name":"Rodaun","lon":16.26171,"lat":48.13355},{"name":"Willergasse/Schule","lon":16.25727,"lat":48.13396},{"name":"Willerbrücke","lon":16.25784,"lat":48.13747},{"name":"Rodauner Straße","lon":16.26024,"lat":48.13889},{"name":"Rudolf-Waisenhorn-Gasse","lon":16.26167,"lat":48.14305},{"name":"Maurer Berg","lon":16.26199,"lat":48.14458},{"name":"Lindauergasse","lon":16.25809,"lat":48.14498},{"name":"Kaserngasse","lon":16.25928,"lat":48.14928},{"name":"Gebirgsgasse","lon":16.26418,"lat":48.15187},{"name":"Maurer Hauptplatz","lon":16.26845,"lat":48.1506},{"name":"Karl-Schwed-Gasse","lon":16.27729,"lat":48.14965},{"name":"Am Spiegeln","lon":16.28194,"lat":48.15236},{"name":"Taglieberstraße","lon":16.28435,"lat":48.15004},{"name":"Rudolf-Zeller-Gasse","lon":16.28373,"lat":48.1474},{"name":"Atzgersdorf","lon":16.2875,"lat":48.14654},{"name":"Steinergasse","lon":16.2888,"lat":48.14221},{"name":"Leopoldigasse","lon":16.29242,"lat":48.14149},{"name":"Carlbergergasse","lon":16.2974,"lat":48.14115},{"name":"Atzgersdorf Friedhof","lon":16.29799,"lat":48.14349},{"name":"Brunner Straße/Erlaaer Straße","lon":16.29802,"lat":48.14624},{"name":"Josef-Österreicher-Gasse","lon":16.30154,"lat":48.14725},{"name":"Schloss Alterlaa","lon":16.30741,"lat":48.14808},{"name":"Mühlbreiten","lon":16.31048,"lat":48.14917},{"name":"Alterlaa","lon":16.31686,"lat":48.15096},{"name":"Alterlaa","lon":16.3171,"lat":48.15055}],"lengthKm":11.7},"geometry":{"type":"LineString","coordinates":[[16.28325,48.13482],[16.28356,48.13511],[16.28358,48.13511],[16.28361,48.1351],[16.28363,48.13511],[16.28365,48.13511],[16.28367,48.13512],[16.28369,48.13513],[16.28371,48.13514],[16.28372,48.13515],[16.28372,48.13517],[16.28373,48.13519],[16.28372,48.1352],[16.28372,48.13522],[16.2837,48.13523],[16.28369,48.13524],[16.28367,48.13525],[16.28365,48.13526],[16.28363,48.13527],[16.28361,48.13527],[16.28358,48.13527],[16.28356,48.13526],[16.28354,48.13525],[16.28351,48.13524],[16.28346,48.13525],[16.28317,48.13526],[16.28309,48.13527],[16.2829,48.13532],[16.28255,48.13505],[16.28209,48.13462],[16.28205,48.13458],[16.282,48.13466],[16.28197,48.13467],[16.28193,48.1347],[16.28188,48.13471],[16.2812,48.13492],[16.2805,48.13513],[16.27989,48.13532],[16.27845,48.13591],[16.27821,48.13599],[16.27683,48.13647],[16.27603,48.13674],[16.27468,48.13695],[16.27435,48.137],[16.27394,48.13707],[16.27386,48.13708],[16.27332,48.13705],[16.27326,48.13703],[16.27322,48.137],[16.27304,48.13702],[16.27294,48.13669],[16.2727,48.13598],[16.27263,48.136],[16.2724,48.13601],[16.272,48.136],[16.26644,48.1359],[16.26315,48.13584],[16.26269,48.13583],[16.2626,48.13543],[16.26258,48.13524],[16.26258,48.13441],[16.26259,48.13395],[16.26258,48.13375],[16.26256,48.13366],[16.26255,48.13361],[16.26231,48.13358],[16.26184,48.13351],[16.26172,48.13349],[16.26163,48.13348],[16.26119,48.13337],[16.261,48.13334],[16.25996,48.13322],[16.25955,48.13319],[16.2587,48.1332],[16.25848,48.13322],[16.25828,48.13326],[16.25772,48.13338],[16.25718,48.1335],[16.25713,48.13352],[16.25709,48.13354],[16.25707,48.1336],[16.25714,48.13382],[16.25717,48.13397],[16.25721,48.13418],[16.25736,48.13474],[16.25739,48.13485],[16.25745,48.13497],[16.2575,48.13507],[16.25759,48.13522],[16.25777,48.13553],[16.25787,48.13574],[16.2579,48.13581],[16.25791,48.13587],[16.25791,48.13601],[16.2579,48.13611],[16.2579,48.13616],[16.25787,48.13628],[16.25786,48.13631],[16.2577,48.13669],[16.25767,48.13683],[16.25766,48.13689],[16.25766,48.13695],[16.25767,48.13705],[16.25769,48.13718],[16.25775,48.13747],[16.25786,48.13802],[16.25785,48.13807],[16.25792,48.13809],[16.26016,48.1384],[16.26015,48.13843],[16.2602,48.13889],[16.26021,48.13895],[16.2602,48.13898],[16.26025,48.13942],[16.26027,48.13948],[16.26048,48.14138],[16.26052,48.14178],[16.26053,48.14183],[16.26055,48.14188],[16.26058,48.14194],[16.26061,48.142],[16.26065,48.14206],[16.26069,48.14211],[16.2608,48.14222],[16.26084,48.14226],[16.26137,48.14275],[16.26143,48.14281],[16.2615,48.1429],[16.26161,48.14307],[16.26172,48.14322],[16.2618,48.14335],[16.26193,48.14358],[16.26208,48.14387],[16.26213,48.144],[16.26222,48.14425],[16.26229,48.14451],[16.26222,48.14453],[16.26199,48.14454],[16.26043,48.14462],[16.25988,48.14465],[16.259,48.1448],[16.25807,48.14495],[16.25772,48.14501],[16.25772,48.14506],[16.25774,48.14572],[16.25774,48.14583],[16.25768,48.1464],[16.25751,48.14798],[16.25908,48.14807],[16.2593,48.14876],[16.25904,48.1488],[16.25922,48.1493],[16.25935,48.14964],[16.25945,48.14974],[16.25957,48.14982],[16.26035,48.15024],[16.2609,48.15053],[16.26115,48.15066],[16.26197,48.15105],[16.26254,48.15133],[16.26303,48.15158],[16.26329,48.15172],[16.26352,48.15185],[16.26359,48.15193],[16.26393,48.15196],[16.26419,48.15194],[16.2652,48.15185],[16.26533,48.15185],[16.26539,48.15184],[16.2661,48.15166],[16.26625,48.15161],[16.26636,48.15156],[16.2668,48.15137],[16.267,48.15128],[16.26765,48.151],[16.26801,48.15083],[16.2682,48.15076],[16.2685,48.15068],[16.2687,48.15062],[16.26884,48.15057],[16.26894,48.15054],[16.26917,48.15052],[16.26928,48.15051],[16.26948,48.15051],[16.27068,48.15047],[16.2716,48.15044],[16.27286,48.15037],[16.27309,48.15034],[16.27332,48.1503],[16.2734,48.15029],[16.27363,48.15023],[16.27508,48.1498],[16.27671,48.14932],[16.27695,48.14925],[16.27723,48.14966],[16.27767,48.15031],[16.27837,48.1513],[16.27985,48.15339],[16.28078,48.15296],[16.28169,48.15253],[16.28197,48.15239],[16.2822,48.15229],[16.28392,48.15145],[16.28391,48.15106],[16.28395,48.15029],[16.28396,48.15022],[16.28399,48.15015],[16.28405,48.15011],[16.28411,48.15008],[16.28431,48.14999],[16.28449,48.14991],[16.28386,48.14864],[16.28335,48.14753],[16.28375,48.14746],[16.28433,48.14735],[16.28454,48.14733],[16.2847,48.14732],[16.28493,48.14731],[16.28512,48.14731],[16.28556,48.14734],[16.28557,48.1472],[16.28559,48.14713],[16.28561,48.14708],[16.28693,48.14675],[16.28752,48.14659],[16.28787,48.1465],[16.28777,48.14636],[16.28775,48.14634],[16.28773,48.14631],[16.28761,48.14621],[16.28742,48.14606],[16.28724,48.14592],[16.28714,48.14585],[16.2871,48.14583],[16.28705,48.14579],[16.28702,48.14573],[16.28699,48.14568],[16.28698,48.14565],[16.28698,48.14562],[16.28698,48.14556],[16.28698,48.14552],[16.287,48.14548],[16.28701,48.14545],[16.28704,48.14541],[16.28708,48.14536],[16.28711,48.14534],[16.28714,48.14532],[16.28718,48.1453],[16.28721,48.14529],[16.28734,48.14525],[16.28768,48.14517],[16.28774,48.14515],[16.28779,48.14513],[16.28784,48.1451],[16.28788,48.14508],[16.28797,48.14503],[16.28799,48.14501],[16.28802,48.14498],[16.28805,48.14495],[16.28807,48.14491],[16.28808,48.14488],[16.28809,48.14483],[16.28811,48.14477],[16.28812,48.14472],[16.28812,48.14466],[16.28813,48.14451],[16.28812,48.14441],[16.28811,48.14432],[16.2881,48.14426],[16.28807,48.14411],[16.2877,48.14312],[16.28747,48.14249],[16.28882,48.14225],[16.29174,48.14172],[16.29182,48.14165],[16.29244,48.14154],[16.29278,48.14148],[16.29324,48.14141],[16.29476,48.14117],[16.2953,48.14111],[16.29591,48.14113],[16.29739,48.1412],[16.29797,48.14122],[16.29795,48.14222],[16.29793,48.14349],[16.29793,48.14373],[16.29793,48.14425],[16.29792,48.14435],[16.29791,48.14439],[16.2979,48.14443],[16.29788,48.14448],[16.29786,48.14453],[16.29783,48.14457],[16.29777,48.14464],[16.2977,48.14472],[16.29759,48.14483],[16.29746,48.14495],[16.29736,48.14505],[16.29725,48.14518],[16.29719,48.14528],[16.29713,48.14539],[16.29703,48.14564],[16.29695,48.14591],[16.29693,48.14602],[16.29693,48.14609],[16.29693,48.14617],[16.29744,48.1462],[16.29799,48.14629],[16.29866,48.1464],[16.29882,48.14644],[16.29962,48.14678],[16.29983,48.14686],[16.30001,48.14693],[16.30023,48.147],[16.30034,48.14704],[16.30065,48.14712],[16.3009,48.14718],[16.30103,48.14721],[16.30121,48.14724],[16.30154,48.14729],[16.30172,48.14732],[16.30291,48.14749],[16.30348,48.14758],[16.30633,48.14801],[16.30663,48.14805],[16.30737,48.14816],[16.30778,48.14823],[16.30847,48.14834],[16.30868,48.14839],[16.30899,48.14849],[16.30923,48.1486],[16.30976,48.14893],[16.30994,48.14904],[16.31037,48.14927],[16.31056,48.14936],[16.31108,48.14958],[16.3114,48.1497],[16.31175,48.14981],[16.31238,48.14999],[16.31417,48.15047],[16.31489,48.15068],[16.3153,48.15079],[16.3155,48.15083],[16.31573,48.15089],[16.31592,48.15092],[16.31626,48.15098],[16.31669,48.15104],[16.31681,48.15106],[16.31727,48.15114],[16.3172,48.15104],[16.31718,48.15088],[16.31716,48.15054]]}},{"type":"Feature","properties":{"lineId":"61A","name":"61A","longName":"Liesing-Vösendorf - Siebenhirten","mode":"bus","color":"#0A295D","stops":[{"name":"Vösendorf-Siebenhirten","lon":16.31791,"lat":48.12606},{"name":"Sevcikgasse","lon":16.31845,"lat":48.12895},{"name":"Wienerflurgasse","lon":16.31874,"lat":48.13124},{"name":"Siedlung Wienerflur","lon":16.31537,"lat":48.13211},{"name":"Stipcakgasse","lon":16.31661,"lat":48.13518},{"name":"Hetmanekgasse","lon":16.31696,"lat":48.13669},{"name":"Perfektastraße","lon":16.31272,"lat":48.13678},{"name":"Eitnergasse","lon":16.3125,"lat":48.13891},{"name":"Herziggasse","lon":16.31214,"lat":48.14099},{"name":"Forchheimergasse","lon":16.30776,"lat":48.141},{"name":"Kugelmanngasse","lon":16.30342,"lat":48.14117},{"name":"Carlbergergasse","lon":16.29789,"lat":48.14099},{"name":"An den Steinfeldern","lon":16.29794,"lat":48.13705},{"name":"Liesing, Industriegelände West","lon":16.29753,"lat":48.13326},{"name":"Liesing Friedhof","lon":16.29409,"lat":48.13364},{"name":"Liesing Feuerwache","lon":16.29082,"lat":48.13404},{"name":"Pellmannbrücke","lon":16.28758,"lat":48.13653},{"name":"Dr.-Neumann-Gasse","lon":16.28837,"lat":48.13838},{"name":"Liesing","lon":16.28363,"lat":48.13503}],"lengthKm":6.5},"geometry":{"type":"LineString","coordinates":[[16.318,48.12604],[16.31788,48.12582],[16.3174,48.12589],[16.31691,48.12597],[16.31694,48.12603],[16.31777,48.12771],[16.3184,48.12896],[16.31859,48.12938],[16.31942,48.13103],[16.31872,48.1312],[16.31655,48.13173],[16.31649,48.13176],[16.31639,48.13179],[16.31534,48.13204],[16.31507,48.1321],[16.315,48.13214],[16.31497,48.13221],[16.31598,48.13415],[16.31653,48.1352],[16.31663,48.13539],[16.3167,48.13557],[16.31672,48.13568],[16.31676,48.13586],[16.31687,48.13669],[16.31696,48.13727],[16.31681,48.13723],[16.31599,48.13708],[16.31549,48.13701],[16.31459,48.13688],[16.31433,48.13685],[16.31417,48.13685],[16.31392,48.13683],[16.31384,48.13682],[16.31325,48.13674],[16.31274,48.13669],[16.31267,48.13668],[16.31251,48.13668],[16.31238,48.13668],[16.31233,48.13702],[16.31232,48.13711],[16.31232,48.13722],[16.3124,48.13891],[16.3125,48.14092],[16.31214,48.14093],[16.31157,48.14095],[16.31131,48.14096],[16.30775,48.14095],[16.30694,48.14095],[16.3067,48.14094],[16.30659,48.14093],[16.30642,48.14092],[16.30629,48.14092],[16.30619,48.14092],[16.3053,48.14099],[16.30428,48.14107],[16.30423,48.14108],[16.30423,48.14109],[16.30424,48.14111],[16.30423,48.14113],[16.30423,48.14115],[16.30421,48.14117],[16.30419,48.14119],[16.30417,48.1412],[16.30414,48.14121],[16.3041,48.14122],[16.30405,48.14122],[16.30402,48.14121],[16.304,48.1412],[16.30397,48.14119],[16.30395,48.14117],[16.30394,48.14115],[16.30393,48.14113],[16.30393,48.14111],[16.30393,48.14111],[16.30387,48.14111],[16.30373,48.14109],[16.30363,48.14108],[16.30352,48.14108],[16.30341,48.14109],[16.30311,48.14111],[16.30297,48.14112],[16.30262,48.14113],[16.30096,48.14118],[16.29814,48.14123],[16.29797,48.14122],[16.29799,48.141],[16.29801,48.14086],[16.29803,48.14072],[16.29804,48.14065],[16.29808,48.14055],[16.29809,48.14039],[16.29814,48.13917],[16.29817,48.13807],[16.29818,48.13769],[16.29817,48.13743],[16.29814,48.13732],[16.2981,48.13721],[16.29809,48.13705],[16.29798,48.13311],[16.29751,48.13317],[16.29408,48.13359],[16.29081,48.134],[16.29046,48.13404],[16.29031,48.13405],[16.29013,48.13406],[16.28976,48.13411],[16.2897,48.13412],[16.28893,48.13424],[16.28884,48.13428],[16.28801,48.13453],[16.28805,48.13467],[16.28809,48.1348],[16.28811,48.13487],[16.28812,48.13491],[16.28814,48.13517],[16.28815,48.13526],[16.28816,48.13529],[16.28817,48.13533],[16.28821,48.1354],[16.28824,48.13545],[16.28844,48.13574],[16.28847,48.13578],[16.28853,48.13598],[16.28853,48.13601],[16.28853,48.13603],[16.28851,48.13607],[16.28849,48.13611],[16.28846,48.13618],[16.28755,48.13649],[16.28736,48.13656],[16.28732,48.13658],[16.28761,48.13689],[16.28819,48.13723],[16.2886,48.13761],[16.289,48.13802],[16.28828,48.13822],[16.28844,48.13833],[16.28564,48.13635],[16.28552,48.13629],[16.28546,48.13627],[16.28535,48.13624],[16.28528,48.13622],[16.28522,48.13622],[16.28512,48.13621],[16.28473,48.13622],[16.28429,48.13625],[16.28423,48.13624],[16.28414,48.13623],[16.28402,48.1362],[16.28392,48.13616],[16.28386,48.13612],[16.2838,48.13608],[16.28376,48.13603],[16.28372,48.13599],[16.28359,48.13583],[16.28341,48.13568],[16.28328,48.13558],[16.28339,48.13557],[16.28342,48.13557],[16.28348,48.13558],[16.2835,48.13559],[16.28358,48.13566],[16.28361,48.13568],[16.28363,48.13569],[16.28366,48.1357],[16.28368,48.13571],[16.28371,48.13571],[16.28394,48.1357],[16.2839,48.13541],[16.28389,48.1354],[16.28388,48.13539],[16.28384,48.13536],[16.28382,48.13534],[16.28379,48.1353],[16.28377,48.13527],[16.28375,48.13526],[16.2837,48.13523],[16.28369,48.13524],[16.28367,48.13525],[16.28365,48.13526],[16.28363,48.13527],[16.28358,48.13527],[16.28356,48.13526],[16.28354,48.13525],[16.28352,48.13524],[16.2835,48.13523],[16.28349,48.13522],[16.28349,48.1352],[16.28348,48.13519],[16.28349,48.13517],[16.28349,48.13516],[16.2835,48.13514],[16.28352,48.13513],[16.28354,48.13512],[16.28356,48.13511],[16.28358,48.13511],[16.28361,48.13511]]}},{"type":"Feature","properties":{"lineId":"61B","name":"61B","longName":"Liesing - Vösendorf-Siebenhirten","mode":"bus","color":"#0A295D","stops":[{"name":"Liesing","lon":16.28312,"lat":48.13491},{"name":"Liesing Bad","lon":16.28127,"lat":48.1325},{"name":"Pellmanngasse","lon":16.28878,"lat":48.13066},{"name":"Josef-Meder-Gasse","lon":16.2945,"lat":48.12989},{"name":"Brunner Straße/Ketzergasse","lon":16.29864,"lat":48.12924},{"name":"Liesing, Industriegelände Süd","lon":16.30184,"lat":48.12843},{"name":"Lemböckgasse","lon":16.30697,"lat":48.12773},{"name":"Siebenhirten","lon":16.30968,"lat":48.12919},{"name":"Nowakgasse","lon":16.31383,"lat":48.12664},{"name":"Vösendorf-Siebenhirten","lon":16.31791,"lat":48.12606}],"lengthKm":4.3},"geometry":{"type":"LineString","coordinates":[[16.28313,48.13488],[16.2832,48.13487],[16.28329,48.13486],[16.28356,48.13511],[16.28358,48.13511],[16.28361,48.1351],[16.28363,48.13511],[16.28365,48.13511],[16.28367,48.13512],[16.28369,48.13513],[16.28371,48.13514],[16.28372,48.13515],[16.28372,48.13517],[16.28373,48.13519],[16.28372,48.1352],[16.28372,48.13522],[16.2837,48.13523],[16.28369,48.13524],[16.28367,48.13525],[16.28365,48.13526],[16.28363,48.13527],[16.28358,48.13527],[16.28356,48.13526],[16.28354,48.13525],[16.28351,48.13524],[16.28346,48.13525],[16.28317,48.13526],[16.28309,48.13527],[16.2829,48.13532],[16.28255,48.13505],[16.28209,48.13462],[16.28198,48.13453],[16.28184,48.13439],[16.28159,48.13413],[16.2815,48.13404],[16.28146,48.13398],[16.28143,48.13393],[16.28141,48.13387],[16.28139,48.13376],[16.28139,48.1336],[16.28145,48.13291],[16.28146,48.13278],[16.28146,48.13272],[16.28146,48.13267],[16.28144,48.13261],[16.28141,48.13256],[16.28134,48.13248],[16.28125,48.13236],[16.28109,48.13221],[16.28083,48.13195],[16.28086,48.13191],[16.2815,48.13153],[16.28172,48.13144],[16.28212,48.13126],[16.28238,48.13112],[16.28244,48.13108],[16.28298,48.13078],[16.28335,48.1306],[16.28352,48.13055],[16.2836,48.13052],[16.28369,48.13051],[16.28384,48.13049],[16.284,48.13048],[16.28414,48.13048],[16.28424,48.13049],[16.28464,48.13053],[16.28551,48.13064],[16.28744,48.13086],[16.28766,48.13086],[16.28775,48.13085],[16.2888,48.13071],[16.29451,48.12993],[16.29799,48.12946],[16.29867,48.12929],[16.29937,48.12911],[16.30189,48.12849],[16.30208,48.12844],[16.30225,48.12841],[16.3033,48.12815],[16.30384,48.12802],[16.30394,48.128],[16.30407,48.12798],[16.30422,48.12796],[16.30439,48.12794],[16.30453,48.12793],[16.30518,48.12787],[16.3064,48.1278],[16.30698,48.12779],[16.30729,48.12778],[16.30791,48.12775],[16.3083,48.12771],[16.30854,48.12769],[16.30926,48.12767],[16.30958,48.12763],[16.30976,48.1281],[16.30983,48.12826],[16.30998,48.12858],[16.30992,48.1286],[16.30984,48.12866],[16.30986,48.12866],[16.30988,48.12868],[16.3099,48.12869],[16.30991,48.12872],[16.30988,48.12878],[16.30988,48.12881],[16.31015,48.12937],[16.31016,48.1294],[16.31016,48.12943],[16.31015,48.12946],[16.31013,48.12949],[16.3101,48.12951],[16.31007,48.12952],[16.31,48.12953],[16.30996,48.12954],[16.30991,48.12953],[16.30986,48.1295],[16.30983,48.12948],[16.30981,48.12945],[16.3098,48.12941],[16.30975,48.12918],[16.30966,48.12872],[16.30966,48.12869],[16.30968,48.12867],[16.30971,48.12865],[16.30976,48.12864],[16.30984,48.12866],[16.30992,48.1286],[16.30998,48.12858],[16.30983,48.12826],[16.30976,48.1281],[16.30958,48.12763],[16.30995,48.12758],[16.31051,48.12749],[16.31085,48.12744],[16.31115,48.12741],[16.31127,48.12739],[16.3116,48.12733],[16.3118,48.12729],[16.31214,48.12719],[16.31387,48.1267],[16.31422,48.12659],[16.31461,48.12649],[16.31528,48.12633],[16.31603,48.12615],[16.31691,48.12597],[16.31694,48.12603],[16.31777,48.12771],[16.31875,48.12748],[16.318,48.12604]]}},{"type":"Feature","properties":{"lineId":"62A","name":"62A","longName":"Meidling, Eichenstr. - Liesing","mode":"bus","color":"#0A295D","stops":[{"name":"Liesing","lon":16.28327,"lat":48.13504},{"name":"Dr.-Neumann-Gasse","lon":16.28823,"lat":48.13808},{"name":"Leopoldigasse","lon":16.29174,"lat":48.14145},{"name":"Brunner Straße/Erlaaer Straße","lon":16.29558,"lat":48.14578},{"name":"Gerbergasse","lon":16.30005,"lat":48.15063},{"name":"Atzgersdorf, Bildungscampus","lon":16.30142,"lat":48.15276},{"name":"Kunerolgasse","lon":16.30211,"lat":48.15421},{"name":"Gregorygasse","lon":16.30577,"lat":48.15736},{"name":"Kirchfeldgasse","lon":16.30894,"lat":48.15966},{"name":"Stachegasse","lon":16.31196,"lat":48.16197},{"name":"Altmannsdorfer Straße","lon":16.31628,"lat":48.16531},{"name":"Sonnergasse","lon":16.31901,"lat":48.16753},{"name":"Wienerbergbrücke","lon":16.32691,"lat":48.17216},{"name":"Meidling, Schedifkaplatz","lon":16.32974,"lat":48.17308},{"name":"Meidling","lon":16.33155,"lat":48.17441},{"name":"Meidling, Eichenstr.","lon":16.33315,"lat":48.17471}],"lengthKm":6.2},"geometry":{"type":"LineString","coordinates":[[16.28327,48.13506],[16.28337,48.13505],[16.28346,48.13503],[16.28356,48.13511],[16.28358,48.13511],[16.28361,48.1351],[16.28363,48.13511],[16.28365,48.13511],[16.28367,48.13512],[16.28369,48.13513],[16.28371,48.13514],[16.28372,48.13515],[16.28372,48.13517],[16.28373,48.13519],[16.28372,48.1352],[16.28372,48.13522],[16.2837,48.13523],[16.28369,48.13524],[16.28367,48.13525],[16.28365,48.13526],[16.28363,48.13527],[16.28358,48.13527],[16.28356,48.13526],[16.28354,48.13525],[16.28351,48.13524],[16.28346,48.13525],[16.28317,48.13526],[16.28309,48.13527],[16.2829,48.13532],[16.28314,48.13549],[16.28328,48.13558],[16.28341,48.13568],[16.28359,48.13583],[16.28372,48.13599],[16.28376,48.13603],[16.2838,48.13608],[16.28386,48.13612],[16.28392,48.13616],[16.28402,48.1362],[16.28414,48.13623],[16.28423,48.13624],[16.28429,48.13625],[16.28473,48.13622],[16.28512,48.13621],[16.28522,48.13622],[16.28528,48.13622],[16.28535,48.13624],[16.28546,48.13627],[16.28552,48.13629],[16.28564,48.13635],[16.28816,48.13813],[16.28927,48.13893],[16.29047,48.1398],[16.2907,48.13997],[16.29094,48.14019],[16.29105,48.1403],[16.29114,48.14041],[16.29121,48.14051],[16.29126,48.14059],[16.29164,48.14147],[16.29203,48.14237],[16.29245,48.14311],[16.29282,48.14369],[16.29327,48.14431],[16.29398,48.14527],[16.29402,48.1453],[16.29405,48.14532],[16.29465,48.14559],[16.29478,48.14564],[16.29492,48.1457],[16.29515,48.14576],[16.29556,48.14584],[16.29596,48.14591],[16.29685,48.14611],[16.29693,48.14617],[16.29694,48.14629],[16.29701,48.14652],[16.29707,48.14666],[16.29727,48.14692],[16.29758,48.14725],[16.298,48.14771],[16.29801,48.14782],[16.29814,48.14789],[16.29842,48.14819],[16.29859,48.14841],[16.2987,48.14859],[16.29876,48.14871],[16.29916,48.14939],[16.29994,48.15066],[16.30039,48.15139],[16.30063,48.1518],[16.3009,48.15225],[16.30099,48.15238],[16.30105,48.15246],[16.30118,48.1526],[16.3012,48.15262],[16.30128,48.1528],[16.30139,48.15301],[16.30144,48.15309],[16.30199,48.15424],[16.30204,48.15434],[16.30209,48.1544],[16.30212,48.15444],[16.30217,48.1545],[16.30242,48.15476],[16.30295,48.1553],[16.30321,48.15554],[16.30333,48.15564],[16.30345,48.15573],[16.30387,48.15603],[16.30412,48.15631],[16.30452,48.1566],[16.30542,48.15723],[16.30568,48.15742],[16.30652,48.15802],[16.30826,48.15927],[16.30856,48.15949],[16.30886,48.15972],[16.30955,48.16025],[16.31057,48.161],[16.31165,48.16185],[16.31187,48.16202],[16.31309,48.16293],[16.31515,48.16451],[16.31625,48.16534],[16.31662,48.16561],[16.31724,48.16611],[16.31764,48.16644],[16.31799,48.16675],[16.31891,48.16758],[16.31918,48.16782],[16.3199,48.16848],[16.3204,48.16897],[16.32096,48.16954],[16.32109,48.16966],[16.32124,48.16979],[16.32138,48.1699],[16.32157,48.17004],[16.32172,48.17015],[16.32194,48.17028],[16.32207,48.17036],[16.32293,48.17084],[16.32357,48.17118],[16.32402,48.17141],[16.32426,48.17152],[16.3247,48.17169],[16.32501,48.17179],[16.3253,48.17187],[16.32535,48.17189],[16.32573,48.17196],[16.32611,48.17203],[16.32636,48.17208],[16.32667,48.17213],[16.32689,48.17218],[16.32766,48.17235],[16.32785,48.1724],[16.3282,48.17252],[16.32965,48.17315],[16.3298,48.17323],[16.32986,48.17328],[16.32991,48.17334],[16.32996,48.17344],[16.32993,48.17352],[16.32982,48.17402],[16.32982,48.17417],[16.33057,48.17438],[16.33148,48.17456],[16.33224,48.17472],[16.33232,48.17462],[16.33238,48.1746],[16.33241,48.1746],[16.33246,48.17459],[16.33313,48.17474]]}},{"type":"Feature","properties":{"lineId":"63A","name":"63A","longName":"Gesundheitszentrum Süd - Am Rosenhügel","mode":"bus","color":"#0A295D","stops":[{"name":"Gesundheitszentrum Süd","lon":16.34485,"lat":48.17008},{"name":"Eibesbrunnergasse","lon":16.33765,"lat":48.17126},{"name":"Kastanienallee","lon":16.34137,"lat":48.17205},{"name":"Unfallkrankenhaus Meidling","lon":16.34428,"lat":48.17342},{"name":"Flurschützstraße","lon":16.34062,"lat":48.1785},{"name":"Hans-Mandl-Berufsschule","lon":16.33819,"lat":48.18146},{"name":"Niederhofstraße","lon":16.33145,"lat":48.18136},{"name":"Meidling Hauptstraße","lon":16.3286,"lat":48.18392},{"name":"Rosasgasse","lon":16.3245,"lat":48.18187},{"name":"Pohlgasse","lon":16.32398,"lat":48.17881},{"name":"Theergasse","lon":16.32279,"lat":48.17499},{"name":"Gatterhölzl","lon":16.31954,"lat":48.17578},{"name":"Stranitzkygasse","lon":16.31792,"lat":48.17617},{"name":"Hohenfelsplatz","lon":16.31644,"lat":48.17423},{"name":"Weißenthurngasse","lon":16.31443,"lat":48.17494},{"name":"Gaßmannstraße","lon":16.31272,"lat":48.17438},{"name":"Graf-Seilern-Gasse","lon":16.30871,"lat":48.17112},{"name":"Edelsinnstraße","lon":16.31081,"lat":48.17034},{"name":"Schloss Hetzendorf","lon":16.30911,"lat":48.16758},{"name":"Hervicusgasse","lon":16.30466,"lat":48.16774},{"name":"Marschallplatz","lon":16.30352,"lat":48.16571},{"name":"Südwestfriedhof 1. Tor","lon":16.30334,"lat":48.16216},{"name":"Südwestfriedhof 2. & 8. Tor","lon":16.303,"lat":48.16114},{"name":"Wildgartenallee","lon":16.29953,"lat":48.15844},{"name":"Mona-Lisa-Steiner-Weg","lon":16.29574,"lat":48.15946},{"name":"Emil-Behring-Weg","lon":16.29575,"lat":48.16147},{"name":"Am Rosenhügel","lon":16.29105,"lat":48.16222},{"name":"Am Rosenhügel","lon":16.29097,"lat":48.16179}],"lengthKm":9.7},"geometry":{"type":"LineString","coordinates":[[16.34479,48.16997],[16.34457,48.17003],[16.34423,48.1701],[16.34396,48.17016],[16.34363,48.17022],[16.34315,48.1703],[16.34176,48.17048],[16.34118,48.17055],[16.34112,48.17056],[16.33759,48.17101],[16.33742,48.17103],[16.3375,48.17114],[16.33751,48.1712],[16.33752,48.17126],[16.33758,48.17267],[16.33773,48.17266],[16.3406,48.1722],[16.34074,48.17219],[16.34089,48.17218],[16.34139,48.17211],[16.34161,48.17207],[16.34171,48.17214],[16.34177,48.17218],[16.34403,48.17336],[16.34425,48.17347],[16.34458,48.17363],[16.34469,48.1737],[16.34477,48.17375],[16.34462,48.17385],[16.34457,48.17388],[16.34452,48.1739],[16.34436,48.17392],[16.34284,48.174],[16.3427,48.17404],[16.34198,48.17559],[16.34159,48.1764],[16.34146,48.17669],[16.34113,48.17731],[16.34053,48.17849],[16.33956,48.18037],[16.33932,48.1807],[16.33859,48.18152],[16.33824,48.1814],[16.33745,48.18113],[16.33739,48.1811],[16.33734,48.18107],[16.33725,48.18101],[16.33723,48.18102],[16.3372,48.18102],[16.33715,48.18103],[16.3371,48.18102],[16.33702,48.181],[16.337,48.18099],[16.33699,48.18098],[16.33699,48.18096],[16.33699,48.18094],[16.33685,48.18095],[16.33586,48.18103],[16.3349,48.1811],[16.33483,48.18112],[16.33413,48.18118],[16.33344,48.18121],[16.3326,48.18126],[16.33145,48.18132],[16.33119,48.18133],[16.33035,48.18136],[16.33031,48.18136],[16.33026,48.18137],[16.33022,48.18138],[16.33019,48.18139],[16.33014,48.18143],[16.33012,48.18145],[16.3301,48.18148],[16.33008,48.18154],[16.32984,48.1825],[16.32962,48.18332],[16.32955,48.18361],[16.32949,48.18364],[16.32946,48.18372],[16.32943,48.18378],[16.3294,48.1838],[16.32936,48.18383],[16.32932,48.18386],[16.32927,48.18387],[16.32921,48.18388],[16.32859,48.18388],[16.32855,48.18388],[16.32842,48.18386],[16.32764,48.18385],[16.32753,48.18385],[16.32742,48.18383],[16.32732,48.18385],[16.32723,48.18375],[16.32714,48.18363],[16.32706,48.18347],[16.32704,48.18337],[16.32699,48.18304],[16.32673,48.18301],[16.3265,48.18296],[16.32605,48.18284],[16.32587,48.1828],[16.32577,48.18278],[16.32536,48.18274],[16.32528,48.18274],[16.32521,48.18275],[16.32456,48.18288],[16.32457,48.18187],[16.32457,48.18167],[16.32419,48.17946],[16.32406,48.1788],[16.3238,48.17758],[16.32363,48.1767],[16.32344,48.17581],[16.32324,48.17481],[16.32308,48.17485],[16.32276,48.17492],[16.32247,48.17499],[16.32224,48.17505],[16.32093,48.17537],[16.32057,48.17546],[16.32034,48.17553],[16.31951,48.17573],[16.31789,48.17612],[16.31776,48.17615],[16.3177,48.17605],[16.31767,48.176],[16.31765,48.17594],[16.31762,48.17579],[16.31758,48.17553],[16.31755,48.17536],[16.31751,48.17507],[16.31746,48.17475],[16.31739,48.17426],[16.31738,48.17424],[16.31737,48.17422],[16.31734,48.17419],[16.31705,48.17393],[16.31698,48.17395],[16.31663,48.1741],[16.31641,48.17419],[16.31619,48.17426],[16.31469,48.17477],[16.31438,48.17488],[16.3143,48.17491],[16.31398,48.17497],[16.31389,48.17503],[16.31379,48.17502],[16.31365,48.17499],[16.31357,48.17496],[16.3134,48.17485],[16.31336,48.17482],[16.31278,48.17435],[16.30984,48.17196],[16.30876,48.17108],[16.30816,48.17059],[16.30808,48.17052],[16.30802,48.17044],[16.30828,48.17046],[16.30901,48.17054],[16.30971,48.17063],[16.31101,48.17083],[16.31124,48.17087],[16.3109,48.17031],[16.31067,48.16993],[16.31027,48.16929],[16.31009,48.169],[16.30919,48.16755],[16.30902,48.16728],[16.30774,48.16738],[16.30714,48.16744],[16.3064,48.16755],[16.3057,48.1677],[16.30485,48.16793],[16.30474,48.16772],[16.30419,48.16674],[16.30402,48.16645],[16.3036,48.16569],[16.30337,48.16529],[16.30334,48.1652],[16.30332,48.16509],[16.30333,48.16499],[16.30335,48.1649],[16.30338,48.16483],[16.3035,48.1646],[16.30355,48.16449],[16.30358,48.16439],[16.3036,48.16431],[16.3036,48.16424],[16.30358,48.16415],[16.30349,48.1639],[16.30347,48.16381],[16.30346,48.16368],[16.30345,48.16325],[16.30344,48.16322],[16.30343,48.16217],[16.30343,48.16216],[16.30342,48.16209],[16.30339,48.16199],[16.30337,48.16191],[16.30333,48.16182],[16.30324,48.16164],[16.30321,48.16156],[16.30309,48.16112],[16.30305,48.16096],[16.30304,48.16094],[16.303,48.16094],[16.30298,48.16094],[16.30294,48.16093],[16.30292,48.16092],[16.30291,48.16091],[16.3029,48.1609],[16.30289,48.16088],[16.30289,48.16087],[16.30289,48.16085],[16.3029,48.16084],[16.30291,48.16082],[16.30292,48.16081],[16.30294,48.1608],[16.30296,48.1608],[16.30293,48.16076],[16.3029,48.16072],[16.30287,48.16069],[16.30283,48.16067],[16.30273,48.16062],[16.30259,48.16055],[16.30252,48.1605],[16.30247,48.16046],[16.30245,48.16042],[16.30243,48.16037],[16.30236,48.16009],[16.30222,48.15956],[16.30221,48.15952],[16.30219,48.15948],[16.30215,48.15943],[16.3021,48.15938],[16.30206,48.15936],[16.302,48.15932],[16.30057,48.15846],[16.30053,48.15844],[16.30044,48.15842],[16.30039,48.15841],[16.30034,48.15841],[16.3002,48.15842],[16.30014,48.15842],[16.30009,48.15841],[16.30003,48.1584],[16.29998,48.15838],[16.2999,48.15833],[16.29982,48.15829],[16.29974,48.15833],[16.2995,48.1584],[16.29767,48.15889],[16.2957,48.15943],[16.29415,48.15985],[16.29419,48.15992],[16.29441,48.1602],[16.29461,48.16044],[16.29478,48.16064],[16.29491,48.16079],[16.29512,48.16101],[16.29537,48.16125],[16.2956,48.16143],[16.2957,48.16151],[16.29586,48.16164],[16.2959,48.16168],[16.2959,48.16171],[16.29595,48.16171],[16.29597,48.16171],[16.29599,48.16172],[16.29601,48.16173],[16.29603,48.16174],[16.29604,48.16175],[16.29605,48.16177],[16.29605,48.16178],[16.29605,48.1618],[16.29604,48.16182],[16.29603,48.16183],[16.29601,48.16184],[16.29599,48.16185],[16.29597,48.16186],[16.29595,48.16186],[16.2959,48.16186],[16.29588,48.16186],[16.29586,48.16185],[16.29583,48.16184],[16.29581,48.16185],[16.29568,48.16187],[16.29543,48.16189],[16.29474,48.16196],[16.29462,48.16197],[16.29246,48.16219],[16.29228,48.16221],[16.29161,48.16235],[16.29139,48.16234],[16.29135,48.16231],[16.29125,48.16224],[16.29119,48.16221],[16.29111,48.16216],[16.29098,48.16211],[16.29088,48.16208],[16.29082,48.16206],[16.29065,48.16203],[16.29067,48.162],[16.29069,48.16198],[16.29101,48.16182]]}},{"type":"Feature","properties":{"lineId":"64A","name":"64A","longName":"Atzgersdorf, Ziedlergasse - Liesing","mode":"bus","color":"#0A295D","stops":[{"name":"Liesing","lon":16.28301,"lat":48.13479},{"name":"Pellmannbrücke","lon":16.28813,"lat":48.13623},{"name":"Seybelgasse","lon":16.29452,"lat":48.13753},{"name":"An den Steinfeldern","lon":16.29852,"lat":48.13714},{"name":"Eduard-Kittenberger-Gasse","lon":16.30268,"lat":48.13674},{"name":"Liesinger-Flur-Gasse","lon":16.30625,"lat":48.13651},{"name":"Perfektastraße","lon":16.31403,"lat":48.13672},{"name":"Hetmanekgasse","lon":16.31651,"lat":48.13708},{"name":"Zouvalgasse","lon":16.32111,"lat":48.13783},{"name":"Erlaaer Spitz","lon":16.32397,"lat":48.13774},{"name":"Meischlgasse","lon":16.32378,"lat":48.1415},{"name":"Goldhammergasse","lon":16.32302,"lat":48.14401},{"name":"Rossakgasse","lon":16.32165,"lat":48.14845},{"name":"Steinsee","lon":16.31987,"lat":48.15195},{"name":"Alterlaa","lon":16.31641,"lat":48.15112},{"name":"Mühlbreiten","lon":16.3114,"lat":48.14986},{"name":"Schloss Alterlaa","lon":16.30657,"lat":48.14923},{"name":"Auer-Welsbach-Straße","lon":16.30617,"lat":48.15234},{"name":"Gregorygasse","lon":16.30512,"lat":48.15716},{"name":"Kunerolgasse","lon":16.30179,"lat":48.1542},{"name":"Atzgersdorf, Bildungscampus","lon":16.30051,"lat":48.15173},{"name":"Gerbergasse","lon":16.29898,"lat":48.14931},{"name":"Hödlgasse","lon":16.29565,"lat":48.14943},{"name":"Atzgersdorf, Ziedlergasse","lon":16.29599,"lat":48.15047}],"lengthKm":8.7},"geometry":{"type":"LineString","coordinates":[[16.28301,48.13481],[16.28315,48.1348],[16.28322,48.13479],[16.28329,48.13486],[16.28356,48.13511],[16.28358,48.13511],[16.28361,48.1351],[16.28363,48.13511],[16.28365,48.13511],[16.28367,48.13512],[16.28369,48.13513],[16.28371,48.13514],[16.28372,48.13515],[16.28372,48.13517],[16.28373,48.13519],[16.28372,48.1352],[16.28372,48.13522],[16.2837,48.13523],[16.28369,48.13524],[16.28367,48.13525],[16.28365,48.13526],[16.28363,48.13527],[16.28358,48.13527],[16.28356,48.13526],[16.28354,48.13525],[16.28351,48.13524],[16.28346,48.13525],[16.28317,48.13526],[16.28309,48.13527],[16.2829,48.13532],[16.28314,48.13549],[16.28328,48.13558],[16.28341,48.13568],[16.28359,48.13583],[16.28372,48.13599],[16.28376,48.13603],[16.2838,48.13608],[16.28386,48.13612],[16.28392,48.13616],[16.28402,48.1362],[16.28414,48.13623],[16.28423,48.13624],[16.28429,48.13625],[16.28473,48.13622],[16.28512,48.13621],[16.28522,48.13622],[16.28528,48.13622],[16.28535,48.13624],[16.28546,48.13627],[16.28552,48.13629],[16.28564,48.13635],[16.2864,48.13689],[16.28649,48.13688],[16.28689,48.13674],[16.28727,48.1366],[16.28736,48.13656],[16.28757,48.13648],[16.28816,48.13628],[16.28846,48.13618],[16.28845,48.1362],[16.28846,48.13623],[16.28912,48.13668],[16.28919,48.13671],[16.28923,48.13672],[16.28933,48.13673],[16.2894,48.13673],[16.28984,48.13671],[16.29005,48.1367],[16.29021,48.13671],[16.29037,48.13672],[16.29071,48.13676],[16.29127,48.1368],[16.29189,48.13684],[16.29198,48.13686],[16.29215,48.13692],[16.29307,48.13724],[16.29314,48.13727],[16.29321,48.1373],[16.2933,48.13734],[16.29339,48.1374],[16.2935,48.13747],[16.29365,48.13758],[16.2937,48.13761],[16.29381,48.13763],[16.29385,48.13764],[16.29396,48.13764],[16.29404,48.13764],[16.29454,48.1376],[16.29814,48.13732],[16.2984,48.13728],[16.29855,48.13726],[16.29875,48.13724],[16.29928,48.13719],[16.29959,48.13715],[16.30001,48.13711],[16.30031,48.13709],[16.30083,48.13704],[16.30152,48.13696],[16.30219,48.1369],[16.3027,48.13685],[16.30337,48.1368],[16.30444,48.13672],[16.30521,48.13668],[16.30592,48.13665],[16.30626,48.13663],[16.30711,48.1366],[16.30778,48.13659],[16.30863,48.13659],[16.30964,48.1366],[16.31039,48.13662],[16.31221,48.13669],[16.31251,48.13668],[16.31267,48.13668],[16.31325,48.13674],[16.31384,48.13682],[16.31401,48.13684],[16.31417,48.13685],[16.31433,48.13685],[16.31459,48.13688],[16.31549,48.13701],[16.31599,48.13708],[16.31648,48.13717],[16.31681,48.13723],[16.31696,48.13727],[16.31734,48.13737],[16.31754,48.13742],[16.31772,48.13746],[16.31871,48.13762],[16.31901,48.13767],[16.31988,48.13781],[16.32017,48.13785],[16.32111,48.13791],[16.32144,48.13793],[16.32182,48.13795],[16.32194,48.13795],[16.32216,48.13794],[16.32272,48.13789],[16.32374,48.13781],[16.32398,48.1378],[16.32418,48.1378],[16.32427,48.13781],[16.32469,48.13786],[16.32428,48.1393],[16.3241,48.13991],[16.32373,48.14122],[16.32365,48.14148],[16.32352,48.1419],[16.32331,48.14259],[16.32312,48.14312],[16.32306,48.14329],[16.32286,48.14399],[16.32276,48.14435],[16.32205,48.14674],[16.32156,48.14844],[16.32123,48.14957],[16.32095,48.15057],[16.32053,48.15198],[16.32035,48.15194],[16.31995,48.15183],[16.31811,48.15134],[16.31754,48.1512],[16.31727,48.15114],[16.31669,48.15104],[16.31645,48.15101],[16.31626,48.15098],[16.31592,48.15092],[16.31573,48.15089],[16.3155,48.15083],[16.3153,48.15079],[16.31489,48.15068],[16.31417,48.15047],[16.31238,48.14999],[16.31175,48.14981],[16.3115,48.14973],[16.31108,48.14958],[16.31056,48.14936],[16.30994,48.14904],[16.30976,48.14893],[16.30923,48.1486],[16.30899,48.14849],[16.30868,48.14839],[16.30847,48.14834],[16.30778,48.14823],[16.30663,48.14805],[16.30649,48.14923],[16.30614,48.15208],[16.30611,48.15234],[16.30604,48.15291],[16.30584,48.15478],[16.30571,48.15589],[16.30565,48.15645],[16.30557,48.15719],[16.30542,48.15723],[16.30522,48.15709],[16.30452,48.1566],[16.30412,48.15631],[16.30387,48.15603],[16.30345,48.15573],[16.30333,48.15564],[16.30321,48.15554],[16.30295,48.1553],[16.30242,48.15476],[16.30217,48.1545],[16.30212,48.15444],[16.30209,48.1544],[16.30204,48.15434],[16.30196,48.15417],[16.30144,48.15309],[16.30139,48.15301],[16.3012,48.15262],[16.30118,48.1526],[16.30105,48.15246],[16.30099,48.15238],[16.3009,48.15225],[16.30058,48.15171],[16.30039,48.15139],[16.29985,48.15051],[16.29916,48.14939],[16.29909,48.14927],[16.29876,48.14871],[16.29546,48.1491],[16.29546,48.14915],[16.29556,48.14944],[16.29572,48.1499],[16.29591,48.15048]]}},{"type":"Feature","properties":{"lineId":"64B","name":"64B","longName":"Hetzendorf - Alterlaa","mode":"bus","color":"#0A295D","stops":[{"name":"Alterlaa","lon":16.31708,"lat":48.15029},{"name":"Steinsee","lon":16.3206,"lat":48.15239},{"name":"Jungnickelweg","lon":16.31941,"lat":48.15673},{"name":"Sagedergasse","lon":16.31816,"lat":48.16097},{"name":"Altmannsdorfer Straße","lon":16.31556,"lat":48.16445},{"name":"Hetzendorf","lon":16.3145,"lat":48.16578}],"lengthKm":2.1},"geometry":{"type":"LineString","coordinates":[[16.31715,48.15028],[16.31714,48.15019],[16.31714,48.15016],[16.31716,48.15013],[16.3172,48.1501],[16.31721,48.1501],[16.31726,48.15009],[16.31731,48.15009],[16.31734,48.1501],[16.31737,48.1501],[16.31738,48.15011],[16.31741,48.15014],[16.31742,48.15015],[16.31743,48.15018],[16.31748,48.15109],[16.31727,48.15114],[16.31754,48.1512],[16.31811,48.15134],[16.32035,48.15194],[16.32053,48.15198],[16.32042,48.15237],[16.31995,48.15399],[16.31987,48.1543],[16.31953,48.15546],[16.31937,48.15603],[16.31916,48.1567],[16.31883,48.15787],[16.31877,48.15805],[16.31845,48.15915],[16.31793,48.16094],[16.31776,48.16153],[16.31746,48.16269],[16.31714,48.16383],[16.31567,48.16429],[16.31548,48.16436],[16.31541,48.16439],[16.31515,48.16451],[16.31443,48.16533],[16.31421,48.16553],[16.31409,48.16561],[16.31444,48.16582]]}},{"type":"Feature","properties":{"lineId":"65A","name":"65A","longName":"Reumannplatz - Wienerberg City","mode":"bus","color":"#0A295D","stops":[{"name":"Inzersdorf, Zetschegasse","lon":16.33082,"lat":48.13891},{"name":"Hubermanngasse","lon":16.33244,"lat":48.14175},{"name":"Dobrowskygasse","lon":16.33142,"lat":48.14373},{"name":"Breiteneckergasse","lon":16.32949,"lat":48.14416},{"name":"Kinskygasse/Rossakgasse","lon":16.33104,"lat":48.14615},{"name":"Purkytgasse","lon":16.33367,"lat":48.15002},{"name":"Willendorfer Gasse","lon":16.33335,"lat":48.1516},{"name":"Schwarzenhaidestraße","lon":16.32905,"lat":48.15308},{"name":"Neusteinhof","lon":16.33328,"lat":48.15725},{"name":"Gutheil-Schoder-Gasse","lon":16.33591,"lat":48.1593},{"name":"Triester Straße/Computerstraße","lon":16.34094,"lat":48.15785},{"name":"Wienerberg City","lon":16.34477,"lat":48.16788},{"name":"Clemens-Holzmeister-Straße","lon":16.34777,"lat":48.16873},{"name":"Altdorferstraße","lon":16.34985,"lat":48.16852},{"name":"Stefan-Fadinger-Platz","lon":16.3545,"lat":48.16764},{"name":"Gußriegelstraße","lon":16.35855,"lat":48.16719},{"name":"Graffgasse","lon":16.35768,"lat":48.16922},{"name":"Starhemberg-Kaserne","lon":16.35714,"lat":48.17112},{"name":"Holbeingasse","lon":16.36141,"lat":48.17049},{"name":"Troststraße/Neilreichgasse","lon":16.36379,"lat":48.17004},{"name":"Laxenburger Straße/Troststraße","lon":16.36959,"lat":48.16912},{"name":"Ettenreichgasse/Schulzentrum","lon":16.37414,"lat":48.16851},{"name":"Troststraße","lon":16.37939,"lat":48.16886},{"name":"Reumannplatz","lon":16.37888,"lat":48.17285}],"lengthKm":9.2},"geometry":{"type":"LineString","coordinates":[[16.33074,48.13893],[16.3313,48.13991],[16.33236,48.14177],[16.33313,48.14313],[16.33234,48.14337],[16.33177,48.14355],[16.33138,48.14368],[16.33101,48.14381],[16.33089,48.14384],[16.3302,48.14407],[16.33014,48.14405],[16.33004,48.14401],[16.32999,48.144],[16.32991,48.14399],[16.32979,48.14397],[16.32971,48.14396],[16.32935,48.14396],[16.32926,48.14395],[16.32943,48.14418],[16.32978,48.14462],[16.331,48.14617],[16.33219,48.14769],[16.33321,48.14901],[16.33362,48.15004],[16.33368,48.1502],[16.33417,48.15138],[16.33413,48.15139],[16.33332,48.15154],[16.33298,48.15161],[16.33297,48.15163],[16.33273,48.15172],[16.33258,48.15177],[16.33248,48.1518],[16.3323,48.15184],[16.33012,48.15223],[16.3296,48.15233],[16.32953,48.15235],[16.3295,48.15238],[16.32919,48.15246],[16.32889,48.15254],[16.3288,48.15258],[16.32872,48.15264],[16.32862,48.15266],[16.32871,48.15281],[16.32889,48.15312],[16.32897,48.15324],[16.32912,48.15346],[16.32925,48.15365],[16.3294,48.1538],[16.32982,48.15436],[16.33004,48.15466],[16.33017,48.15483],[16.33033,48.15502],[16.33048,48.15518],[16.33077,48.15547],[16.33099,48.15568],[16.33133,48.15599],[16.33149,48.15613],[16.33191,48.15647],[16.33205,48.15658],[16.3322,48.15668],[16.33249,48.15687],[16.33273,48.15702],[16.33285,48.15711],[16.33291,48.15716],[16.33314,48.15733],[16.33349,48.15759],[16.33393,48.15791],[16.33449,48.15833],[16.3351,48.15881],[16.33577,48.15937],[16.33609,48.15964],[16.33666,48.16012],[16.33676,48.16007],[16.33696,48.15996],[16.33718,48.15983],[16.33726,48.15976],[16.33733,48.1597],[16.33791,48.15911],[16.33801,48.15903],[16.3381,48.15895],[16.33821,48.15887],[16.33839,48.15877],[16.33853,48.15869],[16.33868,48.15863],[16.33885,48.15856],[16.33907,48.15848],[16.33973,48.15829],[16.34099,48.15793],[16.34203,48.15764],[16.34358,48.15974],[16.34462,48.16114],[16.34755,48.16582],[16.34733,48.16587],[16.34668,48.16605],[16.34649,48.16611],[16.34614,48.16624],[16.34609,48.16627],[16.34602,48.1663],[16.34597,48.16634],[16.34584,48.16645],[16.34573,48.16654],[16.34567,48.1666],[16.34549,48.16679],[16.34534,48.16696],[16.34527,48.16702],[16.34518,48.1671],[16.34502,48.16722],[16.34494,48.16728],[16.34488,48.16731],[16.34481,48.16735],[16.34469,48.1674],[16.34452,48.16746],[16.34459,48.16751],[16.34464,48.1677],[16.34468,48.16778],[16.34471,48.16788],[16.34485,48.16844],[16.34493,48.16876],[16.34587,48.16849],[16.34732,48.16808],[16.34736,48.16814],[16.34743,48.16825],[16.34749,48.16835],[16.34766,48.16866],[16.3477,48.16874],[16.34773,48.16886],[16.34776,48.16897],[16.34779,48.16901],[16.34783,48.16907],[16.34795,48.16911],[16.34808,48.16907],[16.34937,48.1687],[16.34956,48.16866],[16.34988,48.16857],[16.35028,48.16847],[16.35034,48.16846],[16.35042,48.16846],[16.35049,48.16848],[16.35053,48.16849],[16.35056,48.1685],[16.3507,48.16861],[16.35135,48.16912],[16.35377,48.16805],[16.35415,48.16789],[16.35457,48.1677],[16.35482,48.16759],[16.35569,48.1672],[16.35593,48.16711],[16.35736,48.16671],[16.35804,48.16654],[16.35884,48.16633],[16.35848,48.16718],[16.35807,48.16814],[16.35803,48.16822],[16.35796,48.16835],[16.35773,48.16887],[16.3577,48.16899],[16.35769,48.16903],[16.35769,48.16905],[16.35762,48.1692],[16.35735,48.16976],[16.3572,48.17009],[16.35715,48.17021],[16.35713,48.17027],[16.35706,48.1705],[16.35704,48.1707],[16.35703,48.17084],[16.35705,48.17107],[16.35706,48.17113],[16.35708,48.17124],[16.35711,48.17133],[16.35724,48.1713],[16.35899,48.17099],[16.36143,48.17054],[16.36256,48.17033],[16.36342,48.17018],[16.36356,48.17016],[16.36383,48.17011],[16.36439,48.17001],[16.36561,48.16982],[16.36664,48.16968],[16.36767,48.16953],[16.3693,48.16928],[16.36962,48.16923],[16.37057,48.16909],[16.37248,48.1688],[16.37393,48.16858],[16.37415,48.16855],[16.37437,48.16852],[16.37448,48.16851],[16.37606,48.16858],[16.3768,48.16863],[16.37782,48.16873],[16.37938,48.16891],[16.37961,48.16893],[16.38033,48.16907],[16.38029,48.16913],[16.38024,48.1692],[16.3802,48.16927],[16.38001,48.16971],[16.38001,48.16976],[16.37999,48.16979],[16.37997,48.16991],[16.37995,48.16998],[16.37982,48.1703],[16.37979,48.17036],[16.37977,48.17041],[16.37976,48.17045],[16.37976,48.17048],[16.37974,48.17055],[16.3796,48.17087],[16.37941,48.17135],[16.37905,48.1722],[16.37879,48.17283]]}},{"type":"Feature","properties":{"lineId":"66A","name":"66A","longName":"Reumannplatz - Liesing","mode":"bus","color":"#0A295D","stops":[{"name":"Kolbegasse","lon":16.36072,"lat":48.14461},{"name":"Jochen-Rindt-Straße","lon":16.35405,"lat":48.14594},{"name":"Ernanigasse","lon":16.35266,"lat":48.14335},{"name":"Tenschertstraße","lon":16.35235,"lat":48.14085},{"name":"Inzersdorf, Birostraße","lon":16.35147,"lat":48.13665},{"name":"Birostraße Mitte","lon":16.35414,"lat":48.13855},{"name":"Tenschertstraße","lon":16.35251,"lat":48.1409},{"name":"Ernanigasse","lon":16.35296,"lat":48.14353},{"name":"Inzersdorf Friedhof","lon":16.35293,"lat":48.14679},{"name":"Pfarrgasse","lon":16.34741,"lat":48.14973},{"name":"Sterngasse","lon":16.34569,"lat":48.14855},{"name":"Klingerstraße","lon":16.3397,"lat":48.1491},{"name":"Purkytgasse","lon":16.33533,"lat":48.14996},{"name":"Willendorfer Gasse","lon":16.33335,"lat":48.1516},{"name":"Schwarzenhaidestraße","lon":16.32807,"lat":48.15247},{"name":"Steinsee","lon":16.31987,"lat":48.15195},{"name":"Alterlaa","lon":16.31641,"lat":48.15112},{"name":"Mühlbreiten","lon":16.3114,"lat":48.14986},{"name":"Schloss Alterlaa","lon":16.30601,"lat":48.14805},{"name":"Josef-Österreicher-Gasse","lon":16.30203,"lat":48.14741},{"name":"Brunner Straße/Erlaaer Straße","lon":16.29636,"lat":48.14636},{"name":"Atzgersdorf Kirchenplatz","lon":16.29504,"lat":48.14739},{"name":"Atzgersdorf","lon":16.28835,"lat":48.14775},{"name":"Rudolf-Zeller-Gasse","lon":16.28379,"lat":48.14752},{"name":"Corvinusgasse","lon":16.28064,"lat":48.14438},{"name":"Liesing Schulzentrum","lon":16.28033,"lat":48.14023},{"name":"Schartlgasse","lon":16.28118,"lat":48.13771},{"name":"Dirmhirngasse","lon":16.28241,"lat":48.13575},{"name":"Liesing","lon":16.28286,"lat":48.13465}],"lengthKm":11},"geometry":{"type":"LineString","coordinates":[[16.36064,48.14446],[16.35645,48.14551],[16.35582,48.14567],[16.35491,48.14596],[16.3544,48.14613],[16.35431,48.14613],[16.35424,48.14607],[16.35415,48.14591],[16.3536,48.14488],[16.35276,48.14333],[16.3525,48.14288],[16.35243,48.14272],[16.35238,48.14259],[16.35233,48.14243],[16.35231,48.14232],[16.35228,48.14219],[16.35227,48.14206],[16.35228,48.1419],[16.3523,48.14171],[16.35244,48.14086],[16.35248,48.14061],[16.35249,48.14046],[16.35251,48.14031],[16.35252,48.14018],[16.35252,48.14006],[16.35251,48.13995],[16.35249,48.13984],[16.35248,48.13978],[16.35246,48.13973],[16.35242,48.13959],[16.35239,48.13952],[16.35233,48.1394],[16.35227,48.13927],[16.35125,48.13734],[16.35098,48.13682],[16.35149,48.1367],[16.35268,48.13642],[16.35274,48.13641],[16.3528,48.13641],[16.35285,48.13642],[16.3529,48.13644],[16.35294,48.13647],[16.35405,48.13857],[16.35414,48.13872],[16.35414,48.13875],[16.35413,48.13877],[16.35413,48.13879],[16.35411,48.13881],[16.35408,48.13883],[16.35405,48.13885],[16.35401,48.13886],[16.35227,48.13927],[16.35233,48.1394],[16.35239,48.13952],[16.35242,48.13959],[16.35248,48.13978],[16.3525,48.1399],[16.35251,48.13995],[16.35252,48.14006],[16.35252,48.14018],[16.35251,48.14031],[16.35249,48.14046],[16.35248,48.14061],[16.35243,48.14089],[16.3523,48.14171],[16.35228,48.1419],[16.35227,48.14206],[16.35228,48.14219],[16.35231,48.14232],[16.35233,48.14243],[16.35238,48.14259],[16.35243,48.14272],[16.3525,48.14288],[16.35288,48.14355],[16.3536,48.14488],[16.35419,48.14598],[16.35424,48.14607],[16.35431,48.14613],[16.35421,48.14619],[16.35361,48.14643],[16.35344,48.14651],[16.35316,48.14662],[16.35309,48.14665],[16.35289,48.14676],[16.35281,48.1468],[16.35272,48.14683],[16.3528,48.14687],[16.35286,48.14698],[16.35301,48.14727],[16.35315,48.14758],[16.35318,48.14765],[16.3532,48.1477],[16.3532,48.14774],[16.35319,48.14782],[16.35319,48.14786],[16.3532,48.1479],[16.3528,48.14804],[16.35238,48.14816],[16.35175,48.14828],[16.35162,48.14831],[16.35142,48.14836],[16.35125,48.14842],[16.35118,48.14845],[16.35065,48.14875],[16.35034,48.14891],[16.35011,48.14901],[16.34993,48.14909],[16.34985,48.14912],[16.34933,48.14927],[16.34925,48.14929],[16.34791,48.14956],[16.34738,48.14966],[16.34712,48.14971],[16.34711,48.14966],[16.34688,48.14897],[16.34687,48.14895],[16.34667,48.14839],[16.34568,48.14841],[16.34405,48.14844],[16.34304,48.14855],[16.3424,48.14865],[16.34076,48.14883],[16.33966,48.14896],[16.33935,48.14899],[16.33791,48.14919],[16.33729,48.14933],[16.33665,48.14951],[16.33604,48.1497],[16.33564,48.1498],[16.33556,48.14983],[16.33529,48.14988],[16.33506,48.14993],[16.33458,48.15004],[16.33376,48.15019],[16.33368,48.1502],[16.33417,48.15138],[16.33413,48.15139],[16.33332,48.15154],[16.33298,48.15161],[16.33297,48.15163],[16.33273,48.15172],[16.33258,48.15177],[16.33248,48.1518],[16.3323,48.15184],[16.33012,48.15223],[16.3296,48.15233],[16.32953,48.15235],[16.32949,48.15233],[16.32916,48.15238],[16.32862,48.15245],[16.32846,48.15243],[16.32831,48.1524],[16.32808,48.15239],[16.32672,48.15233],[16.32414,48.1522],[16.3214,48.15207],[16.32053,48.15198],[16.32035,48.15194],[16.31995,48.15183],[16.31811,48.15134],[16.31754,48.1512],[16.31727,48.15114],[16.31669,48.15104],[16.31645,48.15101],[16.31626,48.15098],[16.31592,48.15092],[16.31573,48.15089],[16.3155,48.15083],[16.3153,48.15079],[16.31489,48.15068],[16.31417,48.15047],[16.31238,48.14999],[16.31175,48.14981],[16.3115,48.14973],[16.31108,48.14958],[16.31056,48.14936],[16.30994,48.14904],[16.30976,48.14893],[16.30923,48.1486],[16.30899,48.14849],[16.30868,48.14839],[16.30847,48.14834],[16.30778,48.14823],[16.30663,48.14805],[16.30633,48.14801],[16.30604,48.14797],[16.30348,48.14758],[16.30291,48.14749],[16.30204,48.14736],[16.30121,48.14724],[16.30103,48.14721],[16.3009,48.14718],[16.30076,48.14715],[16.30065,48.14712],[16.30034,48.14704],[16.30023,48.147],[16.30001,48.14693],[16.29983,48.14686],[16.29962,48.14678],[16.29882,48.14644],[16.29866,48.1464],[16.29744,48.1462],[16.29693,48.14617],[16.29683,48.14626],[16.29635,48.1463],[16.29618,48.14631],[16.29594,48.14628],[16.2959,48.14629],[16.29579,48.14644],[16.2957,48.14654],[16.29564,48.14658],[16.29548,48.1467],[16.29505,48.14704],[16.29502,48.14708],[16.29499,48.14711],[16.29497,48.14714],[16.29496,48.14718],[16.29495,48.14721],[16.29496,48.14727],[16.29499,48.14739],[16.29501,48.14747],[16.29502,48.1475],[16.29504,48.14754],[16.29421,48.14764],[16.29414,48.14764],[16.29406,48.14764],[16.29385,48.14759],[16.29376,48.14757],[16.29356,48.14753],[16.29351,48.14752],[16.29344,48.14753],[16.29336,48.14754],[16.29308,48.14759],[16.29233,48.14773],[16.29137,48.14792],[16.29067,48.14805],[16.29061,48.14806],[16.29053,48.14806],[16.29045,48.14806],[16.29032,48.14804],[16.29023,48.14802],[16.28994,48.14795],[16.28973,48.1479],[16.28965,48.14788],[16.28958,48.14787],[16.28883,48.14778],[16.28871,48.14775],[16.28852,48.14771],[16.28839,48.14768],[16.28807,48.14763],[16.28567,48.14735],[16.28556,48.14734],[16.28512,48.14731],[16.28493,48.14731],[16.2847,48.14732],[16.28454,48.14733],[16.28443,48.14734],[16.28433,48.14735],[16.28376,48.14746],[16.28335,48.14753],[16.28332,48.14747],[16.28278,48.1467],[16.28256,48.14636],[16.28242,48.14616],[16.28237,48.14611],[16.28233,48.14606],[16.28229,48.14604],[16.28221,48.146],[16.28216,48.14597],[16.28133,48.14567],[16.28123,48.14563],[16.28113,48.14559],[16.28106,48.14554],[16.281,48.14549],[16.28096,48.14545],[16.28093,48.1454],[16.2809,48.14535],[16.28087,48.14526],[16.28082,48.14512],[16.28081,48.14507],[16.28071,48.14438],[16.28058,48.14355],[16.28049,48.14301],[16.28044,48.14184],[16.2804,48.14062],[16.28041,48.14056],[16.2804,48.14023],[16.2804,48.14006],[16.28042,48.13984],[16.28045,48.13969],[16.28048,48.13957],[16.28052,48.13947],[16.28102,48.13831],[16.28102,48.13825],[16.28099,48.13818],[16.28113,48.13812],[16.28143,48.13804],[16.2814,48.13799],[16.28123,48.1377],[16.28097,48.13725],[16.28094,48.13717],[16.28092,48.13711],[16.28092,48.13705],[16.28094,48.137],[16.28097,48.13695],[16.28102,48.13689],[16.28126,48.13664],[16.28159,48.13634],[16.28166,48.13628],[16.28194,48.13617],[16.28263,48.13593],[16.28249,48.13573],[16.28243,48.13564],[16.28235,48.13553],[16.28209,48.13564],[16.2809,48.13614],[16.28077,48.13618],[16.28065,48.13621],[16.28052,48.13622],[16.28035,48.13619],[16.28028,48.13616],[16.28021,48.13608],[16.28024,48.13602],[16.28027,48.13597],[16.28035,48.13592],[16.28046,48.13585],[16.2805,48.1358],[16.2806,48.13577],[16.28091,48.13568],[16.28183,48.13537],[16.28191,48.13535],[16.28213,48.13525],[16.28222,48.1352],[16.2824,48.13508],[16.28246,48.13497],[16.28251,48.13488],[16.28291,48.1347]]}},{"type":"Feature","properties":{"lineId":"67A","name":"67A","longName":"Alaudagasse - Inzersdorf,Slamastraße","mode":"bus","color":"#0A295D","stops":[{"name":"Alaudagasse","lon":16.38263,"lat":48.15421},{"name":"Alaudagasse","lon":16.38201,"lat":48.15272},{"name":"Stockholmer Platz","lon":16.38224,"lat":48.14935},{"name":"Neulaa","lon":16.38234,"lat":48.14673},{"name":"Himberger Straße","lon":16.38228,"lat":48.14349},{"name":"Sulzengasse","lon":16.37451,"lat":48.1449},{"name":"Großmarktstraße","lon":16.3673,"lat":48.14651},{"name":"Oberlaaer Straße","lon":16.3624,"lat":48.14774},{"name":"Siedlung Blumental","lon":16.36123,"lat":48.14594},{"name":"Kolbegasse","lon":16.36072,"lat":48.14461},{"name":"Jochen-Rindt-Straße","lon":16.35405,"lat":48.14594},{"name":"Ernanigasse","lon":16.35266,"lat":48.14335},{"name":"Tenschertstraße","lon":16.35235,"lat":48.14085},{"name":"Inzersdorf, Birostraße","lon":16.35147,"lat":48.13665},{"name":"Birostraße Mitte","lon":16.35414,"lat":48.13855},{"name":"Tenschertstraße","lon":16.35251,"lat":48.1409},{"name":"Ernanigasse","lon":16.35296,"lat":48.14353},{"name":"Inzersdorf Friedhof","lon":16.35293,"lat":48.14679},{"name":"Pfarrgasse","lon":16.34741,"lat":48.14973},{"name":"Sterngasse","lon":16.34268,"lat":48.14817},{"name":"Traviatagasse","lon":16.34064,"lat":48.14404},{"name":"Adamovichgasse","lon":16.33833,"lat":48.14255},{"name":"Lamezanstraße","lon":16.33688,"lat":48.14056},{"name":"Richard-Strauss-Straße","lon":16.33827,"lat":48.13768},{"name":"Inzersdorf, Slamastraße","lon":16.34174,"lat":48.13907}],"lengthKm":9.4},"geometry":{"type":"LineString","coordinates":[[16.38258,48.15415],[16.38244,48.15419],[16.38238,48.15421],[16.38221,48.15421],[16.38206,48.15421],[16.38219,48.15273],[16.38222,48.1523],[16.38224,48.15203],[16.38226,48.15156],[16.38228,48.15115],[16.38232,48.15065],[16.38231,48.15048],[16.38233,48.1499],[16.38234,48.14979],[16.38236,48.14963],[16.38237,48.14935],[16.38237,48.14917],[16.38238,48.14893],[16.38239,48.14862],[16.38238,48.14828],[16.3824,48.14801],[16.38241,48.14789],[16.38245,48.14763],[16.38246,48.14754],[16.38248,48.14703],[16.38248,48.14673],[16.38248,48.14657],[16.38251,48.14641],[16.38252,48.14616],[16.38258,48.14498],[16.38262,48.1441],[16.38265,48.14333],[16.38225,48.14341],[16.38162,48.14354],[16.37815,48.14417],[16.37575,48.14461],[16.37487,48.14478],[16.37449,48.14485],[16.37331,48.14506],[16.37294,48.14513],[16.37268,48.1452],[16.37203,48.14541],[16.37177,48.14548],[16.37151,48.14554],[16.37136,48.14557],[16.37111,48.1456],[16.3707,48.14564],[16.37045,48.14567],[16.37018,48.14572],[16.36726,48.14646],[16.36474,48.1471],[16.3636,48.14739],[16.36237,48.1477],[16.36126,48.14798],[16.36125,48.1479],[16.36123,48.14776],[16.36121,48.14763],[16.36122,48.14741],[16.36124,48.14717],[16.36125,48.14712],[16.3613,48.1467],[16.36136,48.14627],[16.36139,48.14595],[16.36143,48.14564],[16.36143,48.14552],[16.36141,48.14542],[16.36142,48.14515],[16.3614,48.14497],[16.36135,48.14478],[16.36122,48.14444],[16.36115,48.14433],[16.36064,48.14446],[16.35645,48.14551],[16.35582,48.14567],[16.35491,48.14596],[16.3544,48.14613],[16.35431,48.14613],[16.35424,48.14607],[16.35415,48.14591],[16.3536,48.14488],[16.35276,48.14333],[16.3525,48.14288],[16.35243,48.14272],[16.35238,48.14259],[16.35233,48.14243],[16.35231,48.14232],[16.35228,48.14219],[16.35227,48.14206],[16.35228,48.1419],[16.3523,48.14171],[16.35244,48.14086],[16.35248,48.14061],[16.35249,48.14046],[16.35251,48.14031],[16.35252,48.14018],[16.35252,48.14006],[16.35251,48.13995],[16.35249,48.13984],[16.35248,48.13978],[16.35246,48.13973],[16.35242,48.13959],[16.35239,48.13952],[16.35233,48.1394],[16.35227,48.13927],[16.35125,48.13734],[16.35098,48.13682],[16.35149,48.1367],[16.35268,48.13642],[16.35274,48.13641],[16.3528,48.13641],[16.35285,48.13642],[16.3529,48.13644],[16.35294,48.13647],[16.35405,48.13857],[16.35414,48.13872],[16.35414,48.13875],[16.35413,48.13877],[16.35413,48.13879],[16.35411,48.13881],[16.35408,48.13883],[16.35405,48.13885],[16.35401,48.13886],[16.35227,48.13927],[16.35233,48.1394],[16.35239,48.13952],[16.35242,48.13959],[16.35248,48.13978],[16.3525,48.1399],[16.35251,48.13995],[16.35252,48.14006],[16.35252,48.14018],[16.35251,48.14031],[16.35249,48.14046],[16.35248,48.14061],[16.35243,48.14089],[16.3523,48.14171],[16.35228,48.1419],[16.35227,48.14206],[16.35228,48.14219],[16.35231,48.14232],[16.35233,48.14243],[16.35238,48.14259],[16.35243,48.14272],[16.3525,48.14288],[16.35288,48.14355],[16.3536,48.14488],[16.35419,48.14598],[16.35424,48.14607],[16.35431,48.14613],[16.35421,48.14619],[16.35361,48.14643],[16.35344,48.14651],[16.35316,48.14662],[16.35309,48.14665],[16.35289,48.14676],[16.35281,48.1468],[16.35272,48.14683],[16.3528,48.14687],[16.35286,48.14698],[16.35301,48.14727],[16.35315,48.14758],[16.35318,48.14765],[16.3532,48.1477],[16.3532,48.14774],[16.35319,48.14782],[16.35319,48.14786],[16.3532,48.1479],[16.3528,48.14804],[16.35238,48.14816],[16.35175,48.14828],[16.35162,48.14831],[16.35142,48.14836],[16.35125,48.14842],[16.35118,48.14845],[16.35065,48.14875],[16.35034,48.14891],[16.35011,48.14901],[16.34993,48.14909],[16.34985,48.14912],[16.34933,48.14927],[16.34925,48.14929],[16.34791,48.14956],[16.34738,48.14966],[16.34712,48.14971],[16.34711,48.14966],[16.34688,48.14897],[16.34687,48.14895],[16.34667,48.14839],[16.34405,48.14844],[16.34304,48.14855],[16.34285,48.14814],[16.34241,48.14716],[16.34228,48.14693],[16.34216,48.14675],[16.3421,48.14667],[16.34157,48.14549],[16.34118,48.14461],[16.3411,48.14445],[16.34103,48.14433],[16.34099,48.14428],[16.34095,48.14423],[16.34082,48.14409],[16.34073,48.14401],[16.34066,48.14396],[16.34061,48.14392],[16.34045,48.14381],[16.33992,48.14347],[16.33839,48.14251],[16.33803,48.14228],[16.33784,48.14216],[16.33776,48.1421],[16.33768,48.14202],[16.33763,48.14197],[16.33758,48.14189],[16.33755,48.14184],[16.33749,48.14172],[16.33737,48.14145],[16.33697,48.14054],[16.33646,48.1394],[16.33639,48.13923],[16.33636,48.13912],[16.33632,48.13901],[16.3363,48.13891],[16.33628,48.13884],[16.33628,48.13874],[16.33627,48.13863],[16.33629,48.13842],[16.33645,48.13759],[16.33798,48.13772],[16.33814,48.13774],[16.33827,48.13774],[16.33844,48.13774],[16.33853,48.13774],[16.33869,48.13771],[16.34085,48.13728],[16.34164,48.13908]]}},{"type":"Feature","properties":{"lineId":"67B","name":"67B","longName":"Alaudagasse - Alterlaa","mode":"bus","color":"#0A295D","stops":[{"name":"Alterlaa","lon":16.31711,"lat":48.15082},{"name":"Steinsee","lon":16.32107,"lat":48.15195},{"name":"Schwarzenhaidestraße","lon":16.32903,"lat":48.15224},{"name":"Purkytgasse","lon":16.33323,"lat":48.15022},{"name":"Klingerstraße","lon":16.34001,"lat":48.14881},{"name":"Sterngasse","lon":16.34268,"lat":48.14817},{"name":"Traviatagasse","lon":16.34164,"lat":48.14348},{"name":"Inzersdorf, Slamastraße","lon":16.34145,"lat":48.13892},{"name":"Richard-Strauss-Straße","lon":16.33814,"lat":48.1378},{"name":"Vera-Schwarz-Gasse","lon":16.33788,"lat":48.13638},{"name":"Ernst-Krenek-Gasse","lon":16.34334,"lat":48.13528},{"name":"Vorarlberger Allee","lon":16.34981,"lat":48.13292},{"name":"Josef-Prangl-Straße","lon":16.35656,"lat":48.13458},{"name":"Inzersdorf, Großmarkt","lon":16.35781,"lat":48.13558},{"name":"Halban-Kurz-Straße","lon":16.36305,"lat":48.13365},{"name":"Heizwerkstraße","lon":16.36425,"lat":48.13858},{"name":"Kronfußgasse","lon":16.3594,"lat":48.13952},{"name":"Siedlung Blumental","lon":16.36159,"lat":48.14582},{"name":"Oberlaaer Straße","lon":16.3624,"lat":48.14774},{"name":"Großmarktstraße","lon":16.3667,"lat":48.14657},{"name":"Sulzengasse","lon":16.37517,"lat":48.14465},{"name":"Himberger Straße","lon":16.38276,"lat":48.14361},{"name":"Neulaa","lon":16.38259,"lat":48.14678},{"name":"Stockholmer Platz","lon":16.38246,"lat":48.14946},{"name":"Pensionistenwohnhaus Laaerberg","lon":16.38455,"lat":48.15109},{"name":"Alaudagasse","lon":16.38263,"lat":48.15421}],"lengthKm":12.4},"geometry":{"type":"LineString","coordinates":[[16.31718,48.15082],[16.31714,48.15019],[16.31714,48.15016],[16.31716,48.15013],[16.31721,48.1501],[16.31726,48.15009],[16.31731,48.15009],[16.31734,48.1501],[16.31737,48.1501],[16.31738,48.15011],[16.31741,48.15014],[16.31742,48.15015],[16.31743,48.15018],[16.31748,48.15109],[16.31727,48.15114],[16.31754,48.1512],[16.31811,48.15134],[16.32035,48.15194],[16.32053,48.15198],[16.32105,48.15204],[16.3214,48.15207],[16.32414,48.1522],[16.32672,48.15233],[16.32831,48.1524],[16.32846,48.15243],[16.32861,48.15238],[16.32905,48.15229],[16.3294,48.15222],[16.33056,48.15202],[16.33177,48.15179],[16.33292,48.15159],[16.33298,48.15161],[16.33248,48.15041],[16.33325,48.15027],[16.33368,48.1502],[16.33376,48.15019],[16.33458,48.15004],[16.33506,48.14993],[16.33556,48.14983],[16.33564,48.1498],[16.33604,48.1497],[16.33665,48.14951],[16.33729,48.14933],[16.33791,48.14919],[16.33935,48.14899],[16.34005,48.14891],[16.34076,48.14883],[16.3424,48.14865],[16.34304,48.14855],[16.34285,48.14814],[16.34241,48.14716],[16.34228,48.14693],[16.34216,48.14675],[16.3421,48.14667],[16.34157,48.14549],[16.34118,48.14461],[16.3411,48.14445],[16.34103,48.14433],[16.34099,48.14428],[16.34095,48.14423],[16.34082,48.14409],[16.34073,48.14401],[16.3417,48.14352],[16.34328,48.14271],[16.3432,48.14265],[16.34256,48.14119],[16.34255,48.14115],[16.34156,48.1389],[16.34085,48.13728],[16.33869,48.13771],[16.33853,48.13774],[16.33844,48.13774],[16.33814,48.13774],[16.33798,48.13772],[16.33645,48.13759],[16.33651,48.13726],[16.33653,48.13721],[16.33656,48.13715],[16.33662,48.13704],[16.33672,48.13693],[16.33683,48.13682],[16.33701,48.13671],[16.3371,48.13666],[16.33725,48.13659],[16.33735,48.13656],[16.33752,48.13651],[16.33791,48.13643],[16.33885,48.13624],[16.33944,48.13612],[16.33957,48.13609],[16.33969,48.13606],[16.33975,48.13605],[16.33985,48.136],[16.33993,48.13595],[16.33999,48.1359],[16.34009,48.13579],[16.34003,48.13576],[16.33998,48.13574],[16.33993,48.13571],[16.3399,48.13567],[16.33987,48.13563],[16.33985,48.13559],[16.33984,48.13554],[16.33984,48.1355],[16.33986,48.13547],[16.33989,48.13541],[16.33993,48.13536],[16.33999,48.13532],[16.34008,48.13529],[16.34012,48.13528],[16.34019,48.13528],[16.34027,48.13528],[16.3404,48.1353],[16.34046,48.13532],[16.34052,48.13535],[16.34057,48.1354],[16.3406,48.13543],[16.34062,48.13548],[16.34063,48.13552],[16.34063,48.13558],[16.34061,48.13563],[16.3407,48.13563],[16.34088,48.13568],[16.34096,48.1357],[16.34113,48.13572],[16.3413,48.13573],[16.34141,48.13572],[16.34149,48.13571],[16.34158,48.13569],[16.34199,48.1356],[16.34336,48.13532],[16.34383,48.13522],[16.34417,48.13513],[16.34438,48.13507],[16.34457,48.13501],[16.34474,48.13494],[16.34538,48.13468],[16.34841,48.1335],[16.34879,48.13337],[16.34985,48.13297],[16.35014,48.13286],[16.35027,48.13281],[16.35039,48.13277],[16.35063,48.13271],[16.35094,48.13265],[16.35174,48.13248],[16.35205,48.13243],[16.35239,48.13237],[16.35293,48.13227],[16.35346,48.13215],[16.35384,48.13209],[16.35399,48.13206],[16.35517,48.13182],[16.35532,48.1318],[16.35532,48.13189],[16.35622,48.13418],[16.35626,48.13426],[16.35641,48.13461],[16.35626,48.13426],[16.35649,48.13431],[16.35659,48.13438],[16.35672,48.13449],[16.35725,48.13562],[16.35728,48.13565],[16.35732,48.13568],[16.35737,48.13571],[16.35742,48.13572],[16.35749,48.13572],[16.35764,48.13569],[16.35764,48.13569],[16.35768,48.13578],[16.35714,48.13589],[16.35697,48.13593],[16.35656,48.13499],[16.35626,48.13426],[16.35644,48.13421],[16.3578,48.13392],[16.36252,48.13292],[16.36257,48.13292],[16.36262,48.13293],[16.36272,48.13297],[16.36272,48.13305],[16.36288,48.1335],[16.36296,48.13366],[16.36328,48.13436],[16.36508,48.1382],[16.36509,48.13827],[16.36507,48.13833],[16.36503,48.13838],[16.36491,48.13847],[16.36484,48.13845],[16.36478,48.13843],[16.36471,48.13842],[16.36459,48.13842],[16.36451,48.13842],[16.36421,48.13849],[16.36247,48.13885],[16.36072,48.13922],[16.36066,48.1392],[16.35938,48.13947],[16.35898,48.13955],[16.35875,48.13961],[16.35878,48.13968],[16.35899,48.14014],[16.35919,48.14058],[16.35971,48.14165],[16.36047,48.14305],[16.36115,48.14433],[16.36122,48.14444],[16.36135,48.14478],[16.3614,48.14497],[16.36142,48.14515],[16.36141,48.14542],[16.36143,48.14552],[16.36143,48.14564],[16.36141,48.14581],[16.36136,48.14627],[16.3613,48.1467],[16.36125,48.14712],[16.36124,48.14717],[16.36122,48.14741],[16.36121,48.14763],[16.36123,48.14776],[16.36125,48.1479],[16.36126,48.14798],[16.36237,48.1477],[16.3636,48.14739],[16.36474,48.1471],[16.36673,48.1466],[16.36795,48.14629],[16.37018,48.14572],[16.37045,48.14567],[16.3707,48.14564],[16.37111,48.1456],[16.37136,48.14557],[16.37151,48.14554],[16.37177,48.14548],[16.37203,48.14541],[16.37268,48.1452],[16.37294,48.14513],[16.37331,48.14506],[16.37487,48.14478],[16.3752,48.14472],[16.37575,48.14461],[16.37815,48.14417],[16.38162,48.14354],[16.38265,48.14333],[16.38264,48.1436],[16.38262,48.1441],[16.38258,48.14498],[16.38252,48.14616],[16.38251,48.14641],[16.38248,48.14657],[16.38248,48.14678],[16.38248,48.14703],[16.38246,48.14754],[16.38245,48.14763],[16.38241,48.14789],[16.3824,48.14801],[16.38238,48.14828],[16.38239,48.14862],[16.38238,48.14893],[16.38237,48.14917],[16.38237,48.14946],[16.38236,48.14963],[16.38234,48.14979],[16.383,48.1498],[16.38312,48.14979],[16.38324,48.14977],[16.38335,48.14975],[16.38345,48.14972],[16.38368,48.14967],[16.38435,48.15087],[16.3844,48.15099],[16.38447,48.15111],[16.38473,48.15154],[16.38478,48.15161],[16.3849,48.15178],[16.38511,48.15206],[16.38532,48.15234],[16.38555,48.15263],[16.38571,48.15284],[16.38579,48.15293],[16.3855,48.15304],[16.38463,48.1534],[16.38412,48.1536],[16.38368,48.15376],[16.38303,48.15398],[16.38298,48.154],[16.38296,48.15401],[16.38292,48.15404],[16.38287,48.15406],[16.38281,48.15408],[16.38258,48.15415]]}},{"type":"Feature","properties":{"lineId":"68A","name":"68A","longName":"Reumannplatz - Kurpark Nordosteingang","mode":"bus","color":"#0A295D","stops":[{"name":"Laaer Berg, Kurpark Nordosteingang","lon":16.40617,"lat":48.15177},{"name":"Hederichgasse","lon":16.40554,"lat":48.15283},{"name":"Burgenlandgasse","lon":16.40343,"lat":48.15265},{"name":"Filmteichstraße","lon":16.39695,"lat":48.1529},{"name":"Kronawettergasse","lon":16.39613,"lat":48.15525},{"name":"Siedlung Südost","lon":16.39489,"lat":48.15648},{"name":"Theodor-Sickel-Gasse","lon":16.39241,"lat":48.16032},{"name":"Urselbrunnengasse","lon":16.3912,"lat":48.16451},{"name":"Absbergbrücke","lon":16.38755,"lat":48.16712},{"name":"Eisenstadtplatz","lon":16.38468,"lat":48.16951},{"name":"Waldgasse","lon":16.38097,"lat":48.1732},{"name":"Reumannplatz","lon":16.37933,"lat":48.17455}],"lengthKm":4.2},"geometry":{"type":"LineString","coordinates":[[16.40621,48.15182],[16.40635,48.15176],[16.40643,48.15175],[16.40646,48.15174],[16.4065,48.15175],[16.40654,48.15175],[16.40662,48.15178],[16.4067,48.15183],[16.40673,48.15186],[16.40675,48.15192],[16.40678,48.15207],[16.40678,48.15218],[16.40679,48.15227],[16.4068,48.15235],[16.40684,48.15254],[16.40686,48.15261],[16.40579,48.15275],[16.40571,48.15276],[16.40553,48.15277],[16.40531,48.15277],[16.405,48.15276],[16.40465,48.15275],[16.40422,48.15272],[16.40393,48.15269],[16.40375,48.15267],[16.40364,48.15265],[16.40358,48.15264],[16.40345,48.1526],[16.40297,48.15246],[16.40286,48.15243],[16.40272,48.1524],[16.40265,48.15239],[16.40247,48.15236],[16.402,48.15232],[16.40141,48.15228],[16.40099,48.15226],[16.40073,48.15226],[16.40043,48.15225],[16.40008,48.15226],[16.39957,48.15227],[16.39913,48.15229],[16.39889,48.15231],[16.3985,48.15235],[16.39844,48.15231],[16.398,48.15238],[16.39765,48.15244],[16.39681,48.15264],[16.3968,48.15289],[16.39679,48.15299],[16.39671,48.15339],[16.39662,48.15369],[16.3966,48.15376],[16.3965,48.15405],[16.396,48.15523],[16.39573,48.15585],[16.3955,48.15635],[16.39535,48.15634],[16.39509,48.15635],[16.39487,48.15637],[16.39475,48.15638],[16.39452,48.15641],[16.39438,48.15644],[16.39423,48.15648],[16.3941,48.15651],[16.39399,48.15655],[16.39389,48.15659],[16.39378,48.15664],[16.39366,48.1567],[16.39348,48.1568],[16.39338,48.15689],[16.39326,48.15699],[16.39322,48.15703],[16.39317,48.15707],[16.39311,48.15709],[16.39306,48.15711],[16.39302,48.15712],[16.39296,48.15713],[16.39293,48.15719],[16.39269,48.15759],[16.39262,48.15773],[16.39257,48.15787],[16.39252,48.15802],[16.39249,48.15814],[16.39248,48.15821],[16.39243,48.15844],[16.3924,48.15866],[16.39237,48.15885],[16.39235,48.15904],[16.39234,48.15925],[16.39233,48.15941],[16.39232,48.15956],[16.39232,48.15985],[16.39233,48.16008],[16.39233,48.16018],[16.39234,48.16032],[16.39237,48.16065],[16.39244,48.16149],[16.39246,48.16171],[16.39247,48.16175],[16.39249,48.16178],[16.39251,48.16182],[16.39258,48.16189],[16.39257,48.16203],[16.39254,48.16224],[16.3925,48.16253],[16.39247,48.16273],[16.39243,48.16286],[16.3924,48.16295],[16.39234,48.16307],[16.39226,48.16321],[16.39217,48.16336],[16.39205,48.16351],[16.3915,48.16414],[16.3914,48.16424],[16.3913,48.16433],[16.39112,48.16446],[16.39066,48.16482],[16.39054,48.16491],[16.39044,48.16502],[16.39037,48.16505],[16.38998,48.16532],[16.38989,48.16536],[16.38982,48.16543],[16.38953,48.16561],[16.38855,48.16628],[16.38847,48.16633],[16.38774,48.16683],[16.38765,48.16691],[16.38745,48.16704],[16.38649,48.16769],[16.38543,48.16861],[16.38507,48.16892],[16.38489,48.16906],[16.38473,48.16921],[16.38466,48.16929],[16.38452,48.16945],[16.38431,48.16972],[16.38357,48.17061],[16.38331,48.17091],[16.38288,48.17143],[16.3828,48.17148],[16.38267,48.17162],[16.38251,48.1718],[16.38233,48.17196],[16.3822,48.17208],[16.38205,48.1722],[16.38188,48.17233],[16.38182,48.17238],[16.38173,48.17244],[16.38158,48.17254],[16.38146,48.17261],[16.38113,48.17281],[16.38084,48.17298],[16.38089,48.17307],[16.38092,48.1732],[16.38106,48.17382],[16.38121,48.17437],[16.38139,48.1751],[16.37876,48.17527],[16.37875,48.17522],[16.37866,48.17469],[16.37866,48.17466],[16.3787,48.17464],[16.37877,48.17462],[16.37934,48.17459]]}},{"type":"Feature","properties":{"lineId":"68B","name":"68B","longName":"Reumannplatz - Oberlaa","mode":"bus","color":"#0A295D","stops":[{"name":"Oberlaa","lon":16.39865,"lat":48.14298},{"name":"Bergtaidingweg","lon":16.39746,"lat":48.14645},{"name":"Gartenschaugasse","lon":16.39693,"lat":48.14869},{"name":"Filmteichstraße","lon":16.39695,"lat":48.1529},{"name":"Kronawettergasse","lon":16.39613,"lat":48.15525},{"name":"Siedlung Südost","lon":16.39489,"lat":48.15648},{"name":"Theodor-Sickel-Gasse","lon":16.39241,"lat":48.16032},{"name":"Urselbrunnengasse","lon":16.3912,"lat":48.16451},{"name":"Absbergbrücke","lon":16.38755,"lat":48.16712},{"name":"Eisenstadtplatz","lon":16.38468,"lat":48.16951},{"name":"Waldgasse","lon":16.38097,"lat":48.1732},{"name":"Reumannplatz","lon":16.37933,"lat":48.17455}],"lengthKm":4.5},"geometry":{"type":"LineString","coordinates":[[16.39868,48.14304],[16.39883,48.14301],[16.39887,48.14301],[16.39891,48.14302],[16.39894,48.14303],[16.39897,48.14306],[16.399,48.14311],[16.399,48.14315],[16.39901,48.14317],[16.39874,48.14325],[16.39857,48.14332],[16.39835,48.14342],[16.39824,48.14355],[16.39821,48.14363],[16.39817,48.14371],[16.39813,48.14377],[16.39809,48.14384],[16.39802,48.14391],[16.39794,48.14399],[16.39788,48.14404],[16.39783,48.14408],[16.397,48.14464],[16.39695,48.14469],[16.39691,48.14474],[16.39689,48.1448],[16.39687,48.14491],[16.39693,48.14505],[16.39696,48.14512],[16.39699,48.14516],[16.39704,48.14521],[16.39707,48.14524],[16.39714,48.14529],[16.39722,48.14533],[16.39727,48.14536],[16.39746,48.14542],[16.39757,48.14549],[16.39753,48.14555],[16.39748,48.14563],[16.39743,48.14571],[16.3974,48.14578],[16.39738,48.14585],[16.39737,48.14594],[16.39733,48.14644],[16.39732,48.14662],[16.3973,48.14686],[16.39727,48.14704],[16.39725,48.1472],[16.39721,48.14743],[16.39715,48.14768],[16.3971,48.14787],[16.39701,48.14813],[16.39695,48.14831],[16.3968,48.14867],[16.39658,48.14916],[16.39651,48.14929],[16.39629,48.14975],[16.39624,48.14985],[16.39621,48.14993],[16.39619,48.15001],[16.39616,48.15011],[16.39615,48.15019],[16.39614,48.15029],[16.39615,48.15036],[16.39616,48.15049],[16.39617,48.15057],[16.39622,48.15073],[16.39644,48.15132],[16.39667,48.15196],[16.39671,48.15209],[16.39674,48.1522],[16.39677,48.15236],[16.39681,48.15264],[16.3968,48.15289],[16.39679,48.15299],[16.39671,48.15339],[16.39662,48.15369],[16.3966,48.15376],[16.3965,48.15405],[16.396,48.15523],[16.39573,48.15585],[16.3955,48.15635],[16.39535,48.15634],[16.39509,48.15635],[16.39487,48.15637],[16.39475,48.15638],[16.39452,48.15641],[16.39438,48.15644],[16.39423,48.15648],[16.3941,48.15651],[16.39399,48.15655],[16.39389,48.15659],[16.39378,48.15664],[16.39366,48.1567],[16.39348,48.1568],[16.39338,48.15689],[16.39326,48.15699],[16.39322,48.15703],[16.39317,48.15707],[16.39311,48.15709],[16.39306,48.15711],[16.39302,48.15712],[16.39296,48.15713],[16.39293,48.15719],[16.39269,48.15759],[16.39262,48.15773],[16.39257,48.15787],[16.39252,48.15802],[16.39249,48.15814],[16.39248,48.15821],[16.39243,48.15844],[16.3924,48.15866],[16.39237,48.15885],[16.39235,48.15904],[16.39234,48.15925],[16.39233,48.15941],[16.39232,48.15956],[16.39232,48.15985],[16.39233,48.16008],[16.39233,48.16018],[16.39234,48.16032],[16.39237,48.16065],[16.39244,48.16149],[16.39246,48.16171],[16.39247,48.16175],[16.39249,48.16178],[16.39251,48.16182],[16.39258,48.16189],[16.39257,48.16203],[16.39254,48.16224],[16.3925,48.16253],[16.39247,48.16273],[16.39243,48.16286],[16.3924,48.16295],[16.39234,48.16307],[16.39226,48.16321],[16.39217,48.16336],[16.39205,48.16351],[16.3915,48.16414],[16.3914,48.16424],[16.3913,48.16433],[16.39112,48.16446],[16.39066,48.16482],[16.39054,48.16491],[16.39044,48.16502],[16.39037,48.16505],[16.38998,48.16532],[16.38989,48.16536],[16.38982,48.16543],[16.38953,48.16561],[16.38855,48.16628],[16.38847,48.16633],[16.38774,48.16683],[16.38765,48.16691],[16.38745,48.16704],[16.38649,48.16769],[16.38543,48.16861],[16.38507,48.16892],[16.38489,48.16906],[16.38473,48.16921],[16.38466,48.16929],[16.38452,48.16945],[16.38431,48.16972],[16.38357,48.17061],[16.38331,48.17091],[16.38288,48.17143],[16.3828,48.17148],[16.38267,48.17162],[16.38251,48.1718],[16.38233,48.17196],[16.3822,48.17208],[16.38205,48.1722],[16.38188,48.17233],[16.38182,48.17238],[16.38173,48.17244],[16.38158,48.17254],[16.38146,48.17261],[16.38113,48.17281],[16.38084,48.17298],[16.38089,48.17307],[16.38092,48.1732],[16.38106,48.17382],[16.38121,48.17437],[16.38139,48.1751],[16.37876,48.17527],[16.37875,48.17522],[16.37866,48.17469],[16.37866,48.17466],[16.3787,48.17464],[16.37877,48.17462],[16.37934,48.17459]]}},{"type":"Feature","properties":{"lineId":"69A","name":"69A","longName":"Hauptbahnhof - Simmering","mode":"bus","color":"#0A295D","stops":[{"name":"Hauptbahnhof","lon":16.3749,"lat":48.18586},{"name":"Gertrude-Fröhlich-Sandner-Straße","lon":16.37788,"lat":48.18586},{"name":"Sonnwendgasse","lon":16.37967,"lat":48.18156},{"name":"Alfred-Adler-Straße","lon":16.3817,"lat":48.1824},{"name":"Arsenal","lon":16.38433,"lat":48.18353},{"name":"Arsenalsteg","lon":16.38859,"lat":48.18046},{"name":"Lilienthalgasse","lon":16.3931,"lat":48.1794},{"name":"Gräßlplatz","lon":16.39728,"lat":48.17684},{"name":"Geiereckstraße","lon":16.39972,"lat":48.175},{"name":"Geiselbergstraße","lon":16.40661,"lat":48.17439},{"name":"Am Kanal","lon":16.41035,"lat":48.16947},{"name":"Mitterfeldgasse","lon":16.41519,"lat":48.16517},{"name":"Am Kanal/Hasenleitengasse","lon":16.41842,"lat":48.16352},{"name":"Gattergasse","lon":16.42233,"lat":48.16099},{"name":"Pretschgasse","lon":16.42423,"lat":48.15806},{"name":"Wilhelm-Kreß-Platz","lon":16.42699,"lat":48.16046},{"name":"Weißenböckstraße","lon":16.42843,"lat":48.16174},{"name":"Florian-Hedorfer-Straße","lon":16.43153,"lat":48.16593},{"name":"Lindenbauergasse","lon":16.43208,"lat":48.16963},{"name":"Rohrhofergasse","lon":16.42963,"lat":48.17147},{"name":"Unter der Kirche","lon":16.42692,"lat":48.17255},{"name":"Blériotgasse","lon":16.42568,"lat":48.1712},{"name":"Simmering/Kaiserebersdorfer Straße","lon":16.42192,"lat":48.1693},{"name":"Simmering","lon":16.41958,"lat":48.16949}],"lengthKm":9.2},"geometry":{"type":"LineString","coordinates":[[16.37487,48.1859],[16.37606,48.18635],[16.37639,48.18647],[16.37643,48.18649],[16.37651,48.18654],[16.37656,48.18657],[16.37717,48.18681],[16.37724,48.18682],[16.37729,48.18682],[16.37734,48.18682],[16.37741,48.18682],[16.37746,48.18672],[16.37749,48.18665],[16.37775,48.18621],[16.37793,48.18588],[16.37811,48.18557],[16.37827,48.18554],[16.37826,48.18549],[16.37787,48.18428],[16.37778,48.18404],[16.37774,48.18397],[16.37768,48.1839],[16.37764,48.18386],[16.37757,48.1838],[16.37683,48.1833],[16.37722,48.18296],[16.37851,48.1819],[16.37897,48.18152],[16.3791,48.18143],[16.3796,48.18164],[16.38125,48.18235],[16.38161,48.1825],[16.3821,48.1827],[16.38303,48.1831],[16.38422,48.18363],[16.38477,48.18388],[16.38483,48.18381],[16.38524,48.18329],[16.38544,48.18304],[16.38549,48.18298],[16.38576,48.18277],[16.38664,48.18207],[16.38761,48.18129],[16.38863,48.18048],[16.39006,48.17934],[16.39105,48.17862],[16.39287,48.17963],[16.39313,48.17942],[16.39407,48.17868],[16.39412,48.17864],[16.3942,48.17854],[16.39563,48.17739],[16.3957,48.17732],[16.39575,48.17727],[16.39588,48.17719],[16.39593,48.17717],[16.39741,48.17703],[16.39737,48.17684],[16.39712,48.17567],[16.39715,48.17561],[16.39716,48.17555],[16.39712,48.17533],[16.39719,48.17524],[16.39742,48.17517],[16.3975,48.17516],[16.39831,48.17509],[16.39855,48.17508],[16.39902,48.17507],[16.39972,48.17503],[16.40311,48.17484],[16.40407,48.1748],[16.40662,48.1747],[16.40668,48.1746],[16.40675,48.17441],[16.40675,48.1744],[16.40681,48.1743],[16.40686,48.17415],[16.40704,48.17369],[16.40726,48.17321],[16.40741,48.17291],[16.40765,48.17254],[16.40774,48.17241],[16.40784,48.17228],[16.40808,48.17199],[16.40829,48.17175],[16.40856,48.17148],[16.40937,48.17064],[16.40952,48.17045],[16.40976,48.17021],[16.40982,48.17016],[16.40992,48.1701],[16.40997,48.17008],[16.40996,48.17005],[16.40995,48.17003],[16.40996,48.17001],[16.40996,48.16999],[16.40998,48.16997],[16.41,48.16996],[16.41002,48.16995],[16.41004,48.16994],[16.41007,48.16993],[16.4101,48.16993],[16.41015,48.16993],[16.41016,48.1699],[16.41024,48.16978],[16.41028,48.16969],[16.41045,48.16951],[16.411,48.16891],[16.41154,48.16835],[16.41157,48.16832],[16.4117,48.16821],[16.41213,48.16778],[16.41242,48.1675],[16.41264,48.1673],[16.41278,48.16717],[16.41318,48.16684],[16.41361,48.16648],[16.41388,48.16627],[16.41526,48.16522],[16.41715,48.16378],[16.41734,48.16362],[16.41743,48.16356],[16.4178,48.16331],[16.41785,48.16328],[16.41784,48.16327],[16.41783,48.16325],[16.41782,48.16323],[16.41783,48.16321],[16.41784,48.16319],[16.41785,48.16318],[16.41787,48.16316],[16.41789,48.16315],[16.41792,48.16314],[16.41794,48.16313],[16.41797,48.16313],[16.418,48.16313],[16.41803,48.16314],[16.41805,48.16315],[16.41808,48.16316],[16.4181,48.16317],[16.41811,48.16319],[16.41812,48.16321],[16.41812,48.16323],[16.41812,48.16325],[16.41811,48.16327],[16.4181,48.16328],[16.41807,48.1633],[16.41811,48.16333],[16.41819,48.16338],[16.41823,48.16342],[16.41828,48.16347],[16.41834,48.16355],[16.41845,48.16372],[16.4185,48.16377],[16.41944,48.16357],[16.41967,48.16351],[16.41979,48.16347],[16.42002,48.1634],[16.42031,48.16328],[16.42043,48.16322],[16.4207,48.16308],[16.4209,48.16297],[16.42105,48.16287],[16.42121,48.16276],[16.42142,48.16259],[16.42153,48.1625],[16.42169,48.16236],[16.42177,48.16227],[16.42184,48.16214],[16.42205,48.16179],[16.42214,48.16162],[16.42225,48.16138],[16.42235,48.16115],[16.4224,48.16101],[16.42243,48.16093],[16.42254,48.16056],[16.42255,48.16051],[16.42267,48.16011],[16.42275,48.1599],[16.42282,48.15974],[16.42288,48.15964],[16.42302,48.15941],[16.42327,48.15903],[16.42339,48.15885],[16.42344,48.15877],[16.42352,48.15868],[16.42362,48.15858],[16.42372,48.15849],[16.42384,48.15839],[16.42396,48.1583],[16.42408,48.15822],[16.42429,48.1581],[16.42449,48.158],[16.42448,48.15798],[16.42447,48.15796],[16.42447,48.15794],[16.42447,48.15792],[16.42448,48.1579],[16.42449,48.15789],[16.42451,48.15787],[16.42453,48.15786],[16.42456,48.15785],[16.42458,48.15784],[16.42461,48.15784],[16.42464,48.15784],[16.42467,48.15785],[16.4247,48.15786],[16.42472,48.15787],[16.42474,48.15789],[16.42475,48.1579],[16.42476,48.15792],[16.42476,48.15794],[16.42476,48.15796],[16.42475,48.15798],[16.42474,48.158],[16.42472,48.15801],[16.42469,48.15803],[16.4247,48.15805],[16.42595,48.15926],[16.42629,48.15961],[16.42639,48.15974],[16.42649,48.15987],[16.4268,48.1603],[16.42694,48.16048],[16.42699,48.16054],[16.42728,48.16084],[16.42747,48.16103],[16.42776,48.16128],[16.42835,48.16178],[16.42845,48.16186],[16.42857,48.16197],[16.42868,48.16207],[16.42877,48.16218],[16.42882,48.16225],[16.42932,48.1628],[16.42936,48.16285],[16.42945,48.16294],[16.42973,48.1633],[16.42994,48.16357],[16.43032,48.16415],[16.431,48.16515],[16.43123,48.16551],[16.43142,48.16596],[16.43148,48.16616],[16.43152,48.1663],[16.43154,48.16643],[16.43171,48.16764],[16.43179,48.16827],[16.43181,48.16848],[16.43193,48.16937],[16.43194,48.16946],[16.43197,48.16954],[16.432,48.16965],[16.43205,48.16977],[16.43216,48.16995],[16.43224,48.17008],[16.4323,48.17016],[16.43152,48.17043],[16.43061,48.17082],[16.42968,48.17129],[16.42952,48.17139],[16.42929,48.17154],[16.42906,48.17169],[16.42882,48.17187],[16.42782,48.17263],[16.42771,48.17272],[16.42764,48.17279],[16.42761,48.17282],[16.42764,48.17284],[16.42766,48.17286],[16.42768,48.17288],[16.42769,48.1729],[16.4277,48.17292],[16.4277,48.17294],[16.4277,48.17297],[16.4277,48.17299],[16.42769,48.17303],[16.42768,48.17305],[16.42766,48.17307],[16.4276,48.1731],[16.42756,48.17311],[16.42752,48.17311],[16.42748,48.17312],[16.42744,48.17311],[16.42739,48.1731],[16.42735,48.17308],[16.42732,48.17306],[16.4273,48.17304],[16.42728,48.173],[16.42728,48.17297],[16.42728,48.17294],[16.42729,48.17291],[16.4273,48.17288],[16.42732,48.17286],[16.42734,48.17284],[16.42736,48.17282],[16.4273,48.17275],[16.42706,48.1725],[16.42579,48.17115],[16.42533,48.17065],[16.42524,48.17057],[16.42349,48.16931],[16.42347,48.16928],[16.42344,48.16929],[16.42342,48.16929],[16.42339,48.16929],[16.42337,48.16928],[16.42334,48.16927],[16.42332,48.16926],[16.42331,48.16925],[16.42329,48.16923],[16.42312,48.16925],[16.42293,48.16927],[16.4223,48.16932],[16.42225,48.16932],[16.4222,48.16931],[16.42216,48.1693],[16.42213,48.16929],[16.42199,48.16923],[16.42177,48.16912],[16.4217,48.1691],[16.42141,48.16937],[16.42074,48.16999],[16.42066,48.16991],[16.42046,48.16977],[16.42005,48.16975],[16.41958,48.16948]]}},{"type":"Feature","properties":{"lineId":"70A","name":"70A","longName":"Oberlaa - Kledering Bahnhof","mode":"bus","color":"#0A295D","stops":[{"name":"Kledering Bahnhof","lon":16.43929,"lat":48.13271},{"name":"Kledering Bahnhofplatz","lon":16.43825,"lat":48.13204},{"name":"Kledering Kirche","lon":16.43556,"lat":48.13217},{"name":"Unterlaa Stadtgrenze","lon":16.42748,"lat":48.13117},{"name":"Klederinger Straße","lon":16.42336,"lat":48.13148},{"name":"Kirsteweg","lon":16.41789,"lat":48.13249},{"name":"Unterlaa","lon":16.41484,"lat":48.13293},{"name":"Sebastianbrücke","lon":16.41458,"lat":48.13451},{"name":"Unterlaaer Straße","lon":16.41205,"lat":48.13596},{"name":"Johann-Friedl-Gasse","lon":16.40729,"lat":48.1371},{"name":"Oberlaaer Platz","lon":16.40425,"lat":48.13759},{"name":"Leopoldsdorfer Straße","lon":16.39987,"lat":48.13802},{"name":"Oberlaa","lon":16.3998,"lat":48.14178},{"name":"An der Kuhtrift","lon":16.39702,"lat":48.14533},{"name":"Oberlaa","lon":16.39857,"lat":48.14337}],"lengthKm":4.8},"geometry":{"type":"LineString","coordinates":[[16.43923,48.13269],[16.43919,48.13275],[16.43913,48.13279],[16.43855,48.1328],[16.43859,48.13268],[16.43858,48.13256],[16.4386,48.13244],[16.43859,48.13234],[16.43857,48.13225],[16.43853,48.13214],[16.4385,48.13199],[16.43843,48.1319],[16.43824,48.13196],[16.43823,48.13197],[16.43808,48.132],[16.43793,48.13201],[16.43697,48.13206],[16.43612,48.13208],[16.43555,48.13211],[16.43518,48.13212],[16.43431,48.1322],[16.43393,48.13222],[16.4338,48.13221],[16.43364,48.13218],[16.43343,48.13206],[16.43323,48.13191],[16.43309,48.13176],[16.4328,48.13143],[16.43274,48.13137],[16.43264,48.13126],[16.43253,48.13118],[16.43248,48.13115],[16.43229,48.13105],[16.4322,48.13101],[16.43208,48.13097],[16.432,48.13095],[16.43168,48.13088],[16.43147,48.13085],[16.4313,48.13083],[16.43106,48.1308],[16.43068,48.13077],[16.43039,48.13076],[16.42995,48.13075],[16.42977,48.13075],[16.42952,48.13075],[16.42919,48.13077],[16.42903,48.13079],[16.42881,48.13082],[16.42861,48.13085],[16.42817,48.13091],[16.4279,48.13095],[16.42791,48.13104],[16.4279,48.13107],[16.42789,48.1311],[16.42786,48.13112],[16.42783,48.13114],[16.42779,48.13115],[16.42774,48.13115],[16.42768,48.13115],[16.42756,48.13113],[16.42752,48.13112],[16.42746,48.1311],[16.42732,48.13106],[16.42716,48.13109],[16.42639,48.13118],[16.42593,48.13122],[16.42374,48.13139],[16.42349,48.1314],[16.42334,48.13143],[16.42321,48.13144],[16.42297,48.13149],[16.42202,48.13163],[16.42099,48.13177],[16.42069,48.13181],[16.4206,48.13182],[16.42045,48.13186],[16.41994,48.13199],[16.41929,48.13216],[16.41864,48.1323],[16.41787,48.13244],[16.41693,48.13263],[16.41679,48.13266],[16.41656,48.13271],[16.41641,48.13276],[16.41631,48.1328],[16.41623,48.13284],[16.4161,48.1329],[16.416,48.13289],[16.41594,48.13289],[16.41579,48.13291],[16.41539,48.13293],[16.41529,48.13293],[16.41515,48.13293],[16.41484,48.1329],[16.41477,48.13289],[16.41453,48.13288],[16.41445,48.13288],[16.41435,48.13288],[16.41427,48.1329],[16.41422,48.13291],[16.41415,48.13294],[16.41409,48.13298],[16.41398,48.1331],[16.41388,48.13322],[16.4138,48.1333],[16.41371,48.13338],[16.41386,48.13344],[16.41393,48.13347],[16.414,48.1335],[16.41408,48.13354],[16.41417,48.13361],[16.41426,48.13369],[16.41434,48.13379],[16.41437,48.13383],[16.41443,48.13388],[16.41444,48.13394],[16.41443,48.134],[16.41445,48.13407],[16.41446,48.13414],[16.41449,48.13431],[16.41451,48.1344],[16.41451,48.13447],[16.41451,48.13451],[16.41451,48.13455],[16.41449,48.13458],[16.41446,48.13464],[16.41442,48.13468],[16.41438,48.13473],[16.4143,48.13479],[16.41417,48.13488],[16.41398,48.135],[16.41372,48.13515],[16.41355,48.13524],[16.41336,48.13533],[16.41299,48.13551],[16.41202,48.13593],[16.41126,48.13626],[16.41009,48.13678],[16.40984,48.13688],[16.40976,48.13691],[16.40963,48.13694],[16.40951,48.13697],[16.40934,48.13699],[16.4092,48.13701],[16.40889,48.13703],[16.40798,48.13706],[16.40771,48.13707],[16.40728,48.13707],[16.40721,48.13707],[16.40706,48.13708],[16.40697,48.13709],[16.40665,48.13714],[16.40613,48.13724],[16.40575,48.13732],[16.40555,48.13736],[16.40536,48.1374],[16.40516,48.13743],[16.40484,48.13747],[16.40441,48.13751],[16.40425,48.13752],[16.40412,48.13752],[16.40392,48.13752],[16.40375,48.13751],[16.40348,48.1375],[16.4032,48.13749],[16.40311,48.13749],[16.40285,48.1375],[16.40263,48.13752],[16.40244,48.13754],[16.40102,48.13783],[16.4006,48.1379],[16.40032,48.13794],[16.40014,48.13796],[16.39986,48.13798],[16.39979,48.13798],[16.39971,48.13798],[16.39966,48.13797],[16.39973,48.13827],[16.39982,48.13861],[16.39983,48.13866],[16.39982,48.13869],[16.3998,48.13875],[16.39973,48.13887],[16.39975,48.13888],[16.39977,48.13889],[16.39978,48.1389],[16.39979,48.13891],[16.3998,48.13893],[16.3998,48.13894],[16.3998,48.13895],[16.39979,48.13897],[16.39978,48.13898],[16.39977,48.13899],[16.39976,48.139],[16.39972,48.13901],[16.3997,48.13901],[16.39966,48.13901],[16.39959,48.13912],[16.39957,48.13916],[16.39955,48.13923],[16.39951,48.13943],[16.3995,48.13953],[16.39951,48.13966],[16.39953,48.13983],[16.39954,48.13991],[16.39961,48.14018],[16.39961,48.1402],[16.39968,48.14049],[16.39969,48.14069],[16.39968,48.14137],[16.39967,48.14165],[16.39966,48.14177],[16.39961,48.1421],[16.39955,48.14237],[16.39948,48.14262],[16.3994,48.14283],[16.39929,48.14312],[16.39916,48.14339],[16.39906,48.14358],[16.3989,48.14384],[16.39875,48.14405],[16.39845,48.14445],[16.39757,48.14549],[16.39746,48.14542],[16.39727,48.14536],[16.39722,48.14533],[16.39714,48.14529],[16.39711,48.14527],[16.39707,48.14524],[16.39704,48.14521],[16.39699,48.14516],[16.39696,48.14512],[16.39693,48.14505],[16.39687,48.14491],[16.39689,48.1448],[16.39691,48.14474],[16.39695,48.14469],[16.397,48.14464],[16.39783,48.14408],[16.39788,48.14404],[16.39794,48.14399],[16.39802,48.14391],[16.39809,48.14384],[16.39813,48.14377],[16.39817,48.14371],[16.39821,48.14363],[16.39824,48.14355],[16.3982,48.14348],[16.39821,48.1434],[16.39821,48.14336],[16.3982,48.1432],[16.39821,48.14315],[16.39883,48.14301],[16.39887,48.14301],[16.39891,48.14302],[16.39894,48.14303],[16.39897,48.14306],[16.399,48.14311],[16.399,48.14315],[16.39901,48.14317],[16.39874,48.14325],[16.39854,48.14333]]}},{"type":"Feature","properties":{"lineId":"71A","name":"71A","longName":"Zentralfriedhof 3.Tor - Schwechat Bahnhof","mode":"bus","color":"#0A295D","stops":[{"name":"Zentralfriedhof 3.Tor","lon":16.44914,"lat":48.15226},{"name":"Zentralfriedhof 4.Tor","lon":16.45247,"lat":48.15171},{"name":"Leberweg","lon":16.45599,"lat":48.15054},{"name":"Hauptwerkstätte","lon":16.45793,"lat":48.14975},{"name":"Etrichstraße","lon":16.46193,"lat":48.14808},{"name":"Schwechat Brauerei","lon":16.46915,"lat":48.14523},{"name":"Schwechat Wiener Straße","lon":16.47235,"lat":48.14331},{"name":"Schwechat B10/Rathausplatz","lon":16.47605,"lat":48.14113},{"name":"Schwechat Möhringgasse","lon":16.47968,"lat":48.14064},{"name":"Schwechat Bahnhof","lon":16.48268,"lat":48.14251}],"lengthKm":3.2},"geometry":{"type":"LineString","coordinates":[[16.44912,48.15227],[16.44903,48.15212],[16.44913,48.1521],[16.44919,48.15209],[16.44924,48.15209],[16.44929,48.15209],[16.44933,48.1521],[16.44936,48.15212],[16.44939,48.15214],[16.44942,48.15217],[16.44939,48.15222],[16.44937,48.15224],[16.44934,48.15229],[16.44933,48.15233],[16.44933,48.15237],[16.44931,48.15241],[16.44942,48.15258],[16.4525,48.15175],[16.45333,48.15153],[16.45343,48.15151],[16.45395,48.15136],[16.45412,48.15131],[16.45429,48.15124],[16.45601,48.15058],[16.45798,48.14981],[16.45852,48.1496],[16.46146,48.14843],[16.46204,48.1482],[16.46587,48.14669],[16.46612,48.14659],[16.46616,48.14659],[16.46668,48.14637],[16.46883,48.14551],[16.46924,48.14532],[16.46948,48.14521],[16.46974,48.1451],[16.4699,48.14498],[16.47039,48.1447],[16.47057,48.14458],[16.47077,48.14449],[16.47102,48.14433],[16.4713,48.14411],[16.47216,48.14362],[16.47203,48.14353],[16.47237,48.14332],[16.47257,48.1432],[16.47263,48.14319],[16.47268,48.1432],[16.47277,48.14327],[16.4729,48.14322],[16.47305,48.14314],[16.47324,48.14304],[16.47342,48.14292],[16.47354,48.14283],[16.47375,48.14262],[16.47381,48.14256],[16.47395,48.14241],[16.47418,48.14219],[16.47434,48.14207],[16.47466,48.14187],[16.47481,48.14179],[16.4752,48.14162],[16.47546,48.1415],[16.47569,48.14138],[16.47612,48.1412],[16.47617,48.14118],[16.47631,48.14114],[16.47646,48.14111],[16.47666,48.14104],[16.47746,48.14087],[16.47797,48.14084],[16.47834,48.14081],[16.47899,48.14076],[16.47925,48.14073],[16.47946,48.14072],[16.4797,48.14072],[16.4799,48.14071],[16.48028,48.14068],[16.48069,48.14064],[16.48133,48.14059],[16.48168,48.14056],[16.48202,48.14051],[16.482,48.14057],[16.48199,48.14062],[16.482,48.14067],[16.482,48.14072],[16.48202,48.14077],[16.48207,48.14091],[16.4822,48.14114],[16.48252,48.14169],[16.48254,48.14169],[16.48257,48.14168],[16.4826,48.14168],[16.48265,48.14169],[16.48267,48.1417],[16.4827,48.14171],[16.48272,48.14172],[16.48274,48.14175],[16.48275,48.14178],[16.48274,48.14181],[16.48274,48.14182],[16.48273,48.14184],[16.48271,48.14185],[16.48269,48.14186],[16.48267,48.14187],[16.48264,48.14188],[16.48261,48.14188],[16.48259,48.14188],[16.48256,48.14188],[16.48248,48.14185],[16.48244,48.14199],[16.48251,48.14203],[16.48255,48.14211],[16.48258,48.14215],[16.48271,48.14236],[16.48272,48.1424],[16.48263,48.14249]]}},{"type":"Feature","properties":{"lineId":"71B","name":"71B","longName":"Zentralfriedhof 3. Tor - Kaiserebersdorf","mode":"bus","color":"#0A295D","stops":[{"name":"Zentralfriedhof 3.Tor","lon":16.44907,"lat":48.15225},{"name":"Zentralfriedhof 4.Tor","lon":16.45247,"lat":48.15171},{"name":"Leberweg","lon":16.45599,"lat":48.15054},{"name":"Hauptwerkstätte","lon":16.45793,"lat":48.14975},{"name":"Etrichstraße","lon":16.46193,"lat":48.14808},{"name":"Kaiserebersdorf","lon":16.46328,"lat":48.14734},{"name":"Baudißgasse","lon":16.46114,"lat":48.14524},{"name":"Ailecgasse","lon":16.45533,"lat":48.14099},{"name":"Bertl-Hayde-Gasse","lon":16.44053,"lat":48.14036},{"name":"Zentralfriedhof 9.Tor","lon":16.4377,"lat":48.14101},{"name":"Zentralfriedhof Tor 11","lon":16.42769,"lat":48.15205},{"name":"Zentralfriedhof","lon":16.42696,"lat":48.15351},{"name":"Zentralfriedhof","lon":16.42676,"lat":48.15352}],"lengthKm":5.7},"geometry":{"type":"LineString","coordinates":[[16.44903,48.15226],[16.44896,48.15214],[16.44913,48.1521],[16.44919,48.15209],[16.44924,48.15209],[16.44929,48.15209],[16.44933,48.1521],[16.44936,48.15212],[16.44939,48.15214],[16.44942,48.15217],[16.44939,48.15222],[16.44937,48.15224],[16.44934,48.15229],[16.44933,48.15233],[16.44933,48.15237],[16.44931,48.15241],[16.44942,48.15258],[16.4525,48.15175],[16.45333,48.15153],[16.45343,48.15151],[16.45395,48.15136],[16.45412,48.15131],[16.45429,48.15124],[16.45601,48.15058],[16.45798,48.14981],[16.45852,48.1496],[16.46146,48.14843],[16.46204,48.1482],[16.46279,48.1479],[16.46273,48.14782],[16.46302,48.14768],[16.46358,48.14747],[16.46335,48.1473],[16.46092,48.14548],[16.46121,48.14529],[16.46204,48.14474],[16.46194,48.1445],[16.46011,48.14315],[16.45967,48.14284],[16.459,48.14239],[16.45865,48.14218],[16.45853,48.1421],[16.45841,48.14205],[16.45829,48.142],[16.45819,48.14197],[16.45811,48.14195],[16.458,48.14192],[16.45783,48.14188],[16.45779,48.14185],[16.45775,48.14181],[16.45773,48.14178],[16.45772,48.14174],[16.45769,48.14166],[16.45768,48.1416],[16.45763,48.14142],[16.45761,48.14137],[16.45756,48.14129],[16.4575,48.14123],[16.4574,48.14121],[16.45732,48.14119],[16.45723,48.14117],[16.45609,48.14099],[16.45595,48.14098],[16.4558,48.14097],[16.45534,48.14094],[16.45293,48.14079],[16.45282,48.14078],[16.45274,48.14076],[16.45262,48.14074],[16.45256,48.14072],[16.45246,48.14068],[16.45238,48.14065],[16.45161,48.14027],[16.45149,48.14022],[16.45137,48.14018],[16.45123,48.14014],[16.45115,48.14012],[16.45106,48.14011],[16.45096,48.1401],[16.45,48.14004],[16.44956,48.14002],[16.44914,48.14001],[16.44872,48.14],[16.44815,48.14002],[16.4477,48.14004],[16.44701,48.14008],[16.44587,48.14015],[16.44504,48.14022],[16.44456,48.14026],[16.44438,48.14028],[16.44417,48.14029],[16.4433,48.14031],[16.44273,48.14032],[16.44173,48.14032],[16.44154,48.14032],[16.44054,48.1403],[16.44031,48.14029],[16.4397,48.14026],[16.43904,48.14023],[16.4386,48.1402],[16.43828,48.14019],[16.43804,48.14019],[16.43785,48.14019],[16.43771,48.1402],[16.43745,48.14024],[16.43747,48.14034],[16.43762,48.14101],[16.43766,48.1412],[16.43764,48.14124],[16.43767,48.14125],[16.4377,48.14126],[16.43772,48.14127],[16.43773,48.14129],[16.43773,48.1413],[16.43774,48.14131],[16.43773,48.14133],[16.43773,48.14134],[16.43772,48.14135],[16.4377,48.14136],[16.43769,48.14137],[16.43765,48.14138],[16.43761,48.14138],[16.43759,48.14138],[16.43755,48.14136],[16.43754,48.14135],[16.43753,48.14134],[16.43746,48.14135],[16.43715,48.14135],[16.437,48.14137],[16.43691,48.14138],[16.43653,48.14147],[16.4363,48.14153],[16.43604,48.14161],[16.43564,48.14174],[16.43519,48.14192],[16.43487,48.14208],[16.43473,48.14215],[16.43445,48.14231],[16.43426,48.14243],[16.43405,48.14257],[16.43388,48.1427],[16.43365,48.14289],[16.43348,48.14304],[16.43332,48.14319],[16.4331,48.14343],[16.43304,48.14351],[16.43291,48.14367],[16.43283,48.14379],[16.43174,48.14552],[16.43056,48.1474],[16.42951,48.14906],[16.42877,48.15025],[16.42782,48.15174],[16.42775,48.15183],[16.4276,48.152],[16.42758,48.15202],[16.42683,48.15325],[16.42686,48.15352],[16.42689,48.15376],[16.42692,48.15376],[16.42696,48.15376],[16.42699,48.15377],[16.42702,48.15378],[16.42705,48.1538],[16.42707,48.15381],[16.42709,48.15384],[16.4271,48.15386],[16.42711,48.15388],[16.42711,48.15391],[16.4271,48.15393],[16.42709,48.15395],[16.42707,48.15397],[16.42705,48.15399],[16.42702,48.15401],[16.42699,48.15402],[16.42696,48.15403],[16.42692,48.15403],[16.42685,48.15403],[16.42682,48.15402],[16.42679,48.15401],[16.42676,48.15399],[16.42674,48.15397],[16.42672,48.15395],[16.42671,48.15393],[16.4267,48.15391],[16.4267,48.15388],[16.42671,48.15386],[16.42672,48.15384],[16.42674,48.15381],[16.42676,48.1538],[16.42679,48.15378],[16.42682,48.15377],[16.42685,48.15376],[16.42689,48.15376],[16.42686,48.15351]]}},{"type":"Feature","properties":{"lineId":"72A","name":"72A","longName":"Gasometer - Hasenleiten","mode":"bus","color":"#0A295D","stops":[{"name":"Gasometer","lon":16.41725,"lat":48.18524},{"name":"Modecenterstraße","lon":16.41869,"lat":48.18826},{"name":"Kappgasse","lon":16.42276,"lat":48.18622},{"name":"Guglgasse","lon":16.42711,"lat":48.18526},{"name":"Kraftwerk Simmering","lon":16.42967,"lat":48.1834},{"name":"1. Haidequerstraße Mitte","lon":16.42903,"lat":48.18241},{"name":"1. Haidequerstraße Süd","lon":16.42836,"lat":48.1814},{"name":"Haidestraße","lon":16.42691,"lat":48.17918},{"name":"Wachthausgasse","lon":16.42591,"lat":48.1762},{"name":"Ravelinstraße","lon":16.4272,"lat":48.17321},{"name":"Unter der Kirche","lon":16.42692,"lat":48.17255},{"name":"Blériotgasse","lon":16.42568,"lat":48.1712},{"name":"Simmering/Kaiserebersdorfer Straße","lon":16.42192,"lat":48.1693},{"name":"Simmering","lon":16.42002,"lat":48.1696},{"name":"Anton-Stilling-Platz","lon":16.41952,"lat":48.16697},{"name":"Friedjunggasse","lon":16.41897,"lat":48.16503},{"name":"Am Kanal/Hasenleitengasse","lon":16.41822,"lat":48.16355},{"name":"Schemmerlstraße/Unterfeld","lon":16.42171,"lat":48.16001},{"name":"Schemmerlstraße","lon":16.42359,"lat":48.15701},{"name":"Speditionsstraße","lon":16.42376,"lat":48.15597},{"name":"Hasenleiten, Industriegebiet","lon":16.42085,"lat":48.15692},{"name":"Gadnergasse","lon":16.41854,"lat":48.15879},{"name":"Schemmerlstraße/Hasenleitengasse","lon":16.41816,"lat":48.16262}],"lengthKm":6.9},"geometry":{"type":"LineString","coordinates":[[16.41719,48.18526],[16.41722,48.18531],[16.41727,48.18538],[16.41736,48.1855],[16.41741,48.18556],[16.41754,48.18568],[16.41777,48.18588],[16.41765,48.18591],[16.4173,48.18599],[16.41706,48.18606],[16.4168,48.18613],[16.41657,48.18621],[16.41612,48.18636],[16.41602,48.18637],[16.41613,48.18647],[16.41815,48.18855],[16.41822,48.18863],[16.41875,48.18831],[16.4204,48.18731],[16.42116,48.18686],[16.42143,48.18673],[16.42173,48.1866],[16.42209,48.18646],[16.42214,48.18645],[16.4224,48.18636],[16.42278,48.18627],[16.42693,48.18537],[16.42713,48.18533],[16.42729,48.1853],[16.42769,48.18523],[16.42792,48.1852],[16.42819,48.18517],[16.42833,48.18516],[16.42846,48.18516],[16.42858,48.18518],[16.42867,48.1852],[16.42874,48.18523],[16.42887,48.18529],[16.42898,48.18539],[16.42905,48.18545],[16.42922,48.18559],[16.42924,48.1856],[16.42944,48.18578],[16.4295,48.18583],[16.4296,48.18589],[16.42966,48.18592],[16.42973,48.18595],[16.4298,48.18597],[16.42986,48.18598],[16.4299,48.18598],[16.42998,48.18601],[16.43009,48.18602],[16.43019,48.18601],[16.43026,48.18601],[16.43041,48.18598],[16.43091,48.18584],[16.43099,48.18581],[16.43104,48.18579],[16.43109,48.18576],[16.43112,48.18574],[16.43114,48.18571],[16.43116,48.18569],[16.43117,48.18566],[16.43118,48.18563],[16.43117,48.1856],[16.43117,48.18556],[16.43114,48.1855],[16.43092,48.18518],[16.43086,48.18506],[16.43066,48.18474],[16.42991,48.18359],[16.42978,48.18338],[16.42913,48.18239],[16.42846,48.18137],[16.42702,48.17915],[16.42608,48.1777],[16.42608,48.17764],[16.42595,48.1769],[16.42592,48.17673],[16.42591,48.17654],[16.42592,48.17646],[16.426,48.17621],[16.42609,48.17593],[16.4262,48.17568],[16.42665,48.1746],[16.42684,48.17411],[16.42697,48.17383],[16.42714,48.1735],[16.42723,48.17335],[16.42729,48.17324],[16.42734,48.17316],[16.42739,48.1731],[16.42735,48.17308],[16.42732,48.17306],[16.4273,48.17304],[16.42728,48.173],[16.42728,48.17297],[16.42728,48.17294],[16.42729,48.17291],[16.4273,48.17288],[16.42732,48.17286],[16.42734,48.17284],[16.42736,48.17282],[16.4273,48.17275],[16.42706,48.1725],[16.42579,48.17115],[16.42533,48.17065],[16.42524,48.17057],[16.42349,48.16931],[16.42347,48.16928],[16.42344,48.16929],[16.42342,48.16929],[16.42339,48.16929],[16.42337,48.16928],[16.42334,48.16927],[16.42332,48.16926],[16.42331,48.16925],[16.42329,48.16923],[16.42312,48.16925],[16.42293,48.16927],[16.4223,48.16932],[16.42225,48.16932],[16.4222,48.16931],[16.42216,48.1693],[16.42213,48.16929],[16.42199,48.16923],[16.42177,48.16912],[16.4217,48.1691],[16.42141,48.16937],[16.42074,48.16999],[16.42066,48.16991],[16.42011,48.16955],[16.41972,48.16929],[16.41986,48.16918],[16.41961,48.16697],[16.4196,48.16686],[16.4196,48.16678],[16.41958,48.16678],[16.41953,48.16677],[16.41949,48.16675],[16.41945,48.16672],[16.41944,48.16671],[16.41943,48.16669],[16.41943,48.16667],[16.41943,48.16665],[16.41943,48.16663],[16.41946,48.1666],[16.41948,48.16658],[16.41951,48.16657],[16.41954,48.16655],[16.41957,48.16655],[16.41955,48.16645],[16.41952,48.16614],[16.41951,48.16607],[16.41948,48.166],[16.4194,48.16582],[16.41915,48.16526],[16.41904,48.16502],[16.4185,48.16377],[16.41845,48.16372],[16.41832,48.16352],[16.41828,48.16347],[16.41823,48.16342],[16.41819,48.16338],[16.41811,48.16333],[16.41807,48.1633],[16.41803,48.16332],[16.418,48.16333],[16.41797,48.16333],[16.41794,48.16333],[16.41792,48.16332],[16.41789,48.16331],[16.41787,48.1633],[16.41785,48.16328],[16.41784,48.16327],[16.41783,48.16325],[16.41782,48.16323],[16.41783,48.16321],[16.41784,48.16319],[16.41785,48.16318],[16.41787,48.16316],[16.41789,48.16315],[16.41792,48.16314],[16.41794,48.16313],[16.41797,48.16313],[16.418,48.16313],[16.41803,48.16314],[16.41805,48.16314],[16.41808,48.16311],[16.41832,48.16288],[16.41844,48.16281],[16.41879,48.16253],[16.41989,48.1617],[16.41995,48.16165],[16.42017,48.16146],[16.42034,48.1613],[16.42044,48.16122],[16.42078,48.16096],[16.421,48.16079],[16.42111,48.16069],[16.42126,48.16056],[16.42146,48.16036],[16.42162,48.16018],[16.42171,48.16009],[16.42174,48.16006],[16.42177,48.16003],[16.42186,48.15991],[16.4222,48.15939],[16.42225,48.15929],[16.4225,48.15887],[16.42281,48.15835],[16.42297,48.15809],[16.42319,48.15776],[16.42353,48.15726],[16.42367,48.15704],[16.4238,48.15685],[16.42386,48.15675],[16.42391,48.15666],[16.42398,48.15651],[16.42407,48.15632],[16.42415,48.15616],[16.42406,48.15613],[16.42402,48.1561],[16.42395,48.15605],[16.42384,48.15594],[16.42297,48.15504],[16.42286,48.15495],[16.42271,48.15507],[16.422,48.15568],[16.42175,48.15592],[16.42162,48.15604],[16.42158,48.15609],[16.42111,48.15659],[16.4208,48.15689],[16.42063,48.15706],[16.42026,48.15738],[16.41943,48.15808],[16.41874,48.15859],[16.4185,48.15877],[16.41747,48.15949],[16.41732,48.15961],[16.4174,48.15966],[16.41744,48.15968],[16.41746,48.15972],[16.41747,48.15975],[16.4179,48.16172],[16.41795,48.16192],[16.41811,48.16262]]}},{"type":"Feature","properties":{"lineId":"73A","name":"73A","longName":"Simmering - Landwehrstraße","mode":"bus","color":"#0A295D","stops":[{"name":"Landwehrstraße","lon":16.47078,"lat":48.1692},{"name":"Alberner Hafenzufahrtsstraße","lon":16.47285,"lat":48.1719},{"name":"Freudenauer Hafenbrücke","lon":16.47575,"lat":48.17074},{"name":"Zinnergasse/Kaserne","lon":16.47537,"lat":48.16746},{"name":"Artillerieplatz","lon":16.47281,"lat":48.16345},{"name":"Kaiserebersdorf, Zinnergasse","lon":16.46979,"lat":48.16018},{"name":"Mühlsangergasse","lon":16.46557,"lat":48.16003},{"name":"Halterlacken","lon":16.46133,"lat":48.16018},{"name":"Pantucekgasse","lon":16.45737,"lat":48.15987},{"name":"Kaiserebersdorfer Friedhof","lon":16.45358,"lat":48.15876},{"name":"Luzegasse","lon":16.45076,"lat":48.15914},{"name":"Schloss Neugebäude","lon":16.44784,"lat":48.16076},{"name":"Hörtengasse","lon":16.44453,"lat":48.16244},{"name":"Am Himmelreich","lon":16.43815,"lat":48.16395},{"name":"Florian-Hedorfer-Straße","lon":16.43085,"lat":48.16579},{"name":"Geringergasse","lon":16.42578,"lat":48.16816},{"name":"Simmering/Kaiserebersdorfer Straße","lon":16.42192,"lat":48.1693},{"name":"Simmering","lon":16.42035,"lat":48.1699}],"lengthKm":6.4},"geometry":{"type":"LineString","coordinates":[[16.47069,48.16922],[16.47218,48.17162],[16.47224,48.17175],[16.47247,48.17212],[16.47267,48.17203],[16.47288,48.17193],[16.47371,48.17155],[16.4741,48.17138],[16.47451,48.17123],[16.47578,48.17077],[16.47648,48.17052],[16.47671,48.17044],[16.47624,48.16988],[16.47616,48.16978],[16.4761,48.1697],[16.47605,48.16967],[16.47601,48.16961],[16.47598,48.16955],[16.47594,48.16943],[16.47591,48.16931],[16.47589,48.16922],[16.47588,48.16906],[16.47589,48.16893],[16.47593,48.16867],[16.47593,48.16861],[16.47593,48.16852],[16.47592,48.16843],[16.47599,48.16834],[16.47594,48.16822],[16.47555,48.16742],[16.47425,48.16477],[16.47413,48.16456],[16.47405,48.16444],[16.47393,48.16432],[16.47323,48.16363],[16.47297,48.16338],[16.47189,48.16235],[16.47167,48.16214],[16.47159,48.16207],[16.4713,48.16167],[16.47119,48.1615],[16.4711,48.16131],[16.471,48.16109],[16.47093,48.16088],[16.47089,48.16047],[16.47083,48.16023],[16.47075,48.16],[16.47057,48.16007],[16.47048,48.16009],[16.47037,48.1601],[16.46979,48.1601],[16.46933,48.16011],[16.46917,48.16011],[16.46775,48.16009],[16.46755,48.16008],[16.46727,48.16004],[16.4672,48.16003],[16.46605,48.15998],[16.46577,48.15997],[16.46566,48.15996],[16.46557,48.15997],[16.46509,48.15999],[16.46463,48.16001],[16.46172,48.16011],[16.46132,48.16012],[16.46119,48.16013],[16.46093,48.16013],[16.45957,48.16018],[16.45751,48.16026],[16.45747,48.15987],[16.45741,48.15932],[16.45731,48.15927],[16.45711,48.1592],[16.45634,48.15897],[16.4561,48.15891],[16.45585,48.15885],[16.45555,48.1588],[16.45525,48.15875],[16.45497,48.15872],[16.45469,48.15869],[16.4544,48.15867],[16.45423,48.15866],[16.45408,48.15866],[16.45393,48.15867],[16.45356,48.15871],[16.45294,48.15876],[16.45263,48.15879],[16.45195,48.15889],[16.45119,48.15899],[16.45097,48.15905],[16.45074,48.15909],[16.45036,48.15916],[16.44983,48.15926],[16.44727,48.15973],[16.44735,48.15992],[16.44761,48.16046],[16.44778,48.16078],[16.44785,48.16089],[16.4479,48.16102],[16.44778,48.16103],[16.44758,48.16106],[16.44739,48.1611],[16.4472,48.16116],[16.44576,48.16188],[16.4452,48.16215],[16.44498,48.16224],[16.44472,48.16233],[16.4445,48.16239],[16.44425,48.16246],[16.44417,48.16247],[16.44313,48.16273],[16.44088,48.16326],[16.43825,48.16387],[16.43813,48.16391],[16.43789,48.16397],[16.43771,48.16402],[16.43542,48.16455],[16.43535,48.16457],[16.43442,48.16479],[16.43234,48.16531],[16.43126,48.16557],[16.4308,48.16571],[16.43008,48.16594],[16.42952,48.1661],[16.42941,48.16614],[16.4293,48.16618],[16.42917,48.16623],[16.42891,48.16634],[16.42878,48.16641],[16.42843,48.16661],[16.42596,48.16798],[16.42573,48.16811],[16.42479,48.16865],[16.42443,48.1688],[16.42353,48.16915],[16.42354,48.16916],[16.42355,48.16918],[16.42355,48.1692],[16.42355,48.16921],[16.42354,48.16923],[16.42353,48.16925],[16.42351,48.16926],[16.42349,48.16927],[16.42347,48.16928],[16.42344,48.16929],[16.42342,48.16929],[16.42339,48.16929],[16.42337,48.16928],[16.42334,48.16927],[16.42332,48.16926],[16.42331,48.16925],[16.42329,48.16923],[16.42312,48.16925],[16.42293,48.16927],[16.4223,48.16932],[16.42225,48.16932],[16.4222,48.16931],[16.42216,48.1693],[16.42213,48.16929],[16.42199,48.16923],[16.42177,48.16912],[16.4217,48.1691],[16.42141,48.16937],[16.42074,48.16999],[16.42066,48.16991],[16.42046,48.16977],[16.42037,48.16977]]}},{"type":"Feature","properties":{"lineId":"73B","name":"73B","longName":"Zentralfriedhof 3.Tor - Kaiserebersdorf","mode":"bus","color":"#0A295D","stops":[{"name":"Zentralfriedhof 3.Tor","lon":16.44891,"lat":48.15227},{"name":"Roschégasse","lon":16.45055,"lat":48.15422},{"name":"Zehngrafweg","lon":16.4516,"lat":48.15592},{"name":"Kaiserebersdorfer Friedhof","lon":16.45321,"lat":48.15775},{"name":"Pantucekgasse","lon":16.45757,"lat":48.15997},{"name":"Halterlacken","lon":16.46138,"lat":48.16007},{"name":"Mühlsangergasse","lon":16.46552,"lat":48.15991},{"name":"Kaiserebersdorf, Zinnergasse","lon":16.46966,"lat":48.16004},{"name":"Kaiserebersdorf, Münnichplatz","lon":16.4738,"lat":48.15862},{"name":"Dreherstraße","lon":16.4737,"lat":48.15671},{"name":"Hoefftgasse","lon":16.47199,"lat":48.15502},{"name":"Sängergasse","lon":16.46942,"lat":48.15285},{"name":"Svetelskystraße","lon":16.4658,"lat":48.15381},{"name":"Wopenkastraße","lon":16.46356,"lat":48.15122},{"name":"Etrichstraße","lon":16.46193,"lat":48.14808},{"name":"Kaiserebersdorf","lon":16.46481,"lat":48.14694}],"lengthKm":4.8},"geometry":{"type":"LineString","coordinates":[[16.44895,48.15226],[16.44891,48.15219],[16.44891,48.15217],[16.44892,48.15215],[16.44913,48.1521],[16.44919,48.15209],[16.44924,48.15209],[16.44929,48.15209],[16.44933,48.1521],[16.44936,48.15212],[16.44939,48.15214],[16.44942,48.15217],[16.44939,48.15222],[16.44937,48.15224],[16.44934,48.15229],[16.44933,48.15233],[16.44933,48.15237],[16.44931,48.15241],[16.44942,48.15258],[16.44981,48.15315],[16.45,48.15345],[16.45014,48.15367],[16.4505,48.15424],[16.45154,48.15594],[16.45221,48.157],[16.45231,48.15715],[16.45239,48.15723],[16.45244,48.15729],[16.45249,48.15733],[16.45267,48.15747],[16.45315,48.15779],[16.45364,48.15813],[16.45376,48.15824],[16.45381,48.15829],[16.45384,48.15835],[16.45388,48.15845],[16.45393,48.15867],[16.45408,48.15866],[16.45423,48.15866],[16.4544,48.15867],[16.45469,48.15869],[16.45497,48.15872],[16.45525,48.15875],[16.45555,48.1588],[16.45585,48.15885],[16.4561,48.15891],[16.45634,48.15897],[16.45711,48.1592],[16.45731,48.15927],[16.45741,48.15932],[16.45748,48.15998],[16.45751,48.16026],[16.45957,48.16018],[16.46093,48.16013],[16.46119,48.16013],[16.46137,48.16012],[16.46172,48.16011],[16.46463,48.16001],[16.46509,48.15999],[16.46552,48.15997],[16.46566,48.15996],[16.46577,48.15997],[16.46605,48.15998],[16.4672,48.16003],[16.46727,48.16004],[16.46755,48.16008],[16.46775,48.16009],[16.46917,48.16011],[16.46966,48.1601],[16.47037,48.1601],[16.47048,48.16009],[16.47057,48.16007],[16.47075,48.16],[16.47091,48.15991],[16.4715,48.15942],[16.47181,48.15919],[16.47195,48.15911],[16.47224,48.15899],[16.47244,48.15891],[16.47251,48.15889],[16.47257,48.15887],[16.47265,48.15885],[16.47272,48.15885],[16.47279,48.15884],[16.47288,48.15884],[16.47299,48.15885],[16.47361,48.15891],[16.47381,48.15894],[16.4739,48.15863],[16.47399,48.15829],[16.47401,48.15816],[16.47402,48.15787],[16.47405,48.15771],[16.47401,48.15763],[16.47398,48.15725],[16.47392,48.15702],[16.47389,48.15688],[16.47387,48.15683],[16.47384,48.15679],[16.47376,48.15669],[16.47371,48.15662],[16.47367,48.15658],[16.47363,48.15652],[16.47334,48.15613],[16.4733,48.15609],[16.47323,48.15602],[16.47309,48.15588],[16.47289,48.1557],[16.47263,48.15546],[16.47257,48.15542],[16.47219,48.15514],[16.47215,48.1551],[16.47206,48.155],[16.47192,48.15482],[16.47188,48.15476],[16.47184,48.15454],[16.47173,48.15336],[16.47173,48.1532],[16.47177,48.15317],[16.47176,48.15307],[16.47175,48.15291],[16.47172,48.1528],[16.4714,48.15202],[16.47139,48.152],[16.47136,48.152],[16.47134,48.152],[16.47131,48.15199],[16.47128,48.15199],[16.47126,48.15197],[16.47124,48.15196],[16.47123,48.15195],[16.47119,48.15196],[16.47102,48.15203],[16.46937,48.1528],[16.46785,48.1535],[16.46773,48.15353],[16.46731,48.1537],[16.46692,48.15389],[16.46681,48.15393],[16.46673,48.15396],[16.46666,48.15398],[16.46651,48.15401],[16.46637,48.15402],[16.46618,48.15404],[16.46593,48.15375],[16.46369,48.15117],[16.46255,48.14985],[16.46209,48.14927],[16.46146,48.14843],[16.46204,48.1482],[16.46279,48.1479],[16.46273,48.14782],[16.46302,48.14768],[16.46358,48.14747],[16.46484,48.14697]]}},{"type":"Feature","properties":{"lineId":"74A","name":"74A","longName":"Stubentor - St. Marx/Leberstraße","mode":"bus","color":"#0A295D","stops":[{"name":"Stubentor U","lon":16.38093,"lat":48.207},{"name":"Mitte-Landstraße","lon":16.38426,"lat":48.20612},{"name":"Weyrgasse","lon":16.38851,"lat":48.20423},{"name":"Rochusgasse","lon":16.3906,"lat":48.20238},{"name":"Hintzerstraße","lon":16.39311,"lat":48.20024},{"name":"Barichgasse","lon":16.39486,"lat":48.19811},{"name":"Eslarngasse","lon":16.39563,"lat":48.197},{"name":"Rabengasse","lon":16.39769,"lat":48.19381},{"name":"Viehmarktgasse","lon":16.40069,"lat":48.19064},{"name":"St. Marx","lon":16.40063,"lat":48.18801},{"name":"Grasbergergasse","lon":16.40034,"lat":48.18624},{"name":"Hofmannsthalgasse","lon":16.3999,"lat":48.18502},{"name":"St. Marx S/Leberstr.","lon":16.3997,"lat":48.18782}],"lengthKm":3.9},"geometry":{"type":"LineString","coordinates":[[16.38096,48.20706],[16.3812,48.207],[16.38128,48.20699],[16.38132,48.207],[16.38222,48.20674],[16.38281,48.20657],[16.38375,48.20632],[16.38428,48.20616],[16.38637,48.20554],[16.3864,48.20552],[16.38656,48.20547],[16.38668,48.20543],[16.38688,48.20536],[16.38698,48.20532],[16.38711,48.20526],[16.38729,48.20517],[16.38747,48.20506],[16.38799,48.20473],[16.38859,48.20427],[16.38867,48.20421],[16.38902,48.20392],[16.38949,48.20354],[16.38965,48.20341],[16.3899,48.20318],[16.39048,48.20258],[16.39068,48.20243],[16.39112,48.20211],[16.39154,48.2018],[16.39171,48.20169],[16.39318,48.20027],[16.39392,48.19956],[16.39416,48.19928],[16.39496,48.19814],[16.39512,48.19791],[16.39572,48.19703],[16.39584,48.19685],[16.39587,48.19677],[16.39613,48.19632],[16.39666,48.19542],[16.39688,48.19507],[16.39715,48.19471],[16.39766,48.19404],[16.39782,48.19385],[16.39821,48.19339],[16.39868,48.19287],[16.39982,48.19172],[16.40082,48.1907],[16.40103,48.19048],[16.40079,48.19028],[16.40074,48.19023],[16.39973,48.18895],[16.39988,48.18884],[16.40023,48.18852],[16.40058,48.18822],[16.40076,48.18808],[16.40169,48.18732],[16.40196,48.18709],[16.40144,48.18687],[16.40111,48.18674],[16.40101,48.18669],[16.40101,48.18669],[16.40099,48.1867],[16.40097,48.18671],[16.40095,48.18672],[16.40093,48.18673],[16.40088,48.18673],[16.40086,48.18672],[16.40084,48.18671],[16.40082,48.1867],[16.40081,48.18669],[16.40079,48.18668],[16.40079,48.18666],[16.40079,48.18665],[16.40079,48.18663],[16.40079,48.18662],[16.40081,48.1866],[16.40082,48.18659],[16.40084,48.18658],[16.40081,48.18656],[16.40073,48.18647],[16.40043,48.18619],[16.39943,48.18528],[16.39937,48.18522],[16.39944,48.1852],[16.39992,48.18507],[16.40025,48.18498],[16.40066,48.18487],[16.40087,48.18484],[16.40101,48.18481],[16.40126,48.18479],[16.40144,48.18478],[16.40179,48.18479],[16.40188,48.1848],[16.40198,48.18482],[16.40216,48.18486],[16.40228,48.18489],[16.40245,48.18495],[16.40256,48.185],[16.40227,48.1853],[16.4015,48.18614],[16.40131,48.18633],[16.40128,48.18637],[16.40123,48.18641],[16.401,48.18658],[16.40098,48.18658],[16.40101,48.1866],[16.40102,48.18662],[16.40103,48.18663],[16.40103,48.18665],[16.40103,48.18666],[16.40102,48.18668],[16.40101,48.18669],[16.40099,48.1867],[16.40097,48.18671],[16.40095,48.18672],[16.40093,48.18673],[16.40088,48.18673],[16.40086,48.18672],[16.40084,48.18671],[16.40082,48.1867],[16.40081,48.1867],[16.40077,48.18672],[16.40029,48.18716],[16.40019,48.18725],[16.40025,48.18733],[16.40025,48.18738],[16.40023,48.18742],[16.40021,48.18745],[16.40017,48.18748],[16.39965,48.18778]]}},{"type":"Feature","properties":{"lineId":"76A","name":"76A","longName":"Enkplatz/Grillgasse - Alberner Hafen","mode":"bus","color":"#0A295D","stops":[{"name":"Alberner Hafen","lon":16.49471,"lat":48.15834},{"name":"Mannswörther Straße","lon":16.49055,"lat":48.15859},{"name":"Albern","lon":16.48515,"lat":48.16042},{"name":"Fabianistraße","lon":16.47986,"lat":48.16356},{"name":"Warneckestraße","lon":16.48042,"lat":48.16593},{"name":"Neu-Albern","lon":16.4802,"lat":48.16907},{"name":"Freudenauer Hafenbrücke","lon":16.47581,"lat":48.17085},{"name":"Alberner Hafenzufahrtsstraße","lon":16.4721,"lat":48.17235},{"name":"Alberner Hafenzufahrtsstraße West","lon":16.4703,"lat":48.17347},{"name":"Margetinstraße","lon":16.46618,"lat":48.17563},{"name":"11. Haidequerstraße","lon":16.46266,"lat":48.17558},{"name":"Wildpretstraße","lon":16.45481,"lat":48.1771},{"name":"Bleibtreustraße","lon":16.44927,"lat":48.17801},{"name":"7. Haidequerstraße","lon":16.44291,"lat":48.1791},{"name":"Simmeringer Haide","lon":16.44049,"lat":48.17739},{"name":"Oriongasse","lon":16.43977,"lat":48.17629},{"name":"Franz-Eder-Weg","lon":16.43423,"lat":48.17741},{"name":"Haidestraße","lon":16.42791,"lat":48.17924},{"name":"Rappachgasse","lon":16.425,"lat":48.17997},{"name":"Simoningplatz","lon":16.42092,"lat":48.17929},{"name":"Krausegasse","lon":16.42031,"lat":48.17463},{"name":"Enkplatz","lon":16.41668,"lat":48.17436}],"lengthKm":8.2},"geometry":{"type":"LineString","coordinates":[[16.49455,48.15839],[16.49474,48.15864],[16.49449,48.1583],[16.49419,48.15785],[16.49398,48.15756],[16.49383,48.15736],[16.4936,48.15746],[16.49297,48.15771],[16.49252,48.15789],[16.4921,48.15805],[16.49087,48.15844],[16.49052,48.15854],[16.48492,48.16005],[16.48509,48.16043],[16.48555,48.16145],[16.48546,48.1615],[16.48459,48.16189],[16.48436,48.16198],[16.48422,48.16203],[16.48412,48.16206],[16.48401,48.16208],[16.4837,48.16212],[16.47955,48.16258],[16.47978,48.16357],[16.48034,48.16594],[16.48052,48.16673],[16.48055,48.16681],[16.48067,48.16737],[16.48073,48.16754],[16.48081,48.16769],[16.48089,48.16781],[16.48102,48.16796],[16.48115,48.16809],[16.48123,48.16815],[16.4813,48.1682],[16.48085,48.1686],[16.48054,48.1688],[16.48033,48.16893],[16.48015,48.16903],[16.47998,48.16911],[16.47978,48.1692],[16.47934,48.16939],[16.47919,48.16945],[16.47868,48.16966],[16.47803,48.16992],[16.4769,48.17037],[16.47671,48.17044],[16.47648,48.17052],[16.47576,48.17078],[16.47451,48.17123],[16.4741,48.17138],[16.47371,48.17155],[16.47267,48.17203],[16.47247,48.17212],[16.47207,48.17231],[16.47177,48.17245],[16.47144,48.17262],[16.47121,48.17275],[16.47093,48.17294],[16.47071,48.1731],[16.47025,48.17344],[16.46967,48.17388],[16.46947,48.17402],[16.46927,48.17415],[16.46905,48.17429],[16.46886,48.17439],[16.46858,48.17453],[16.46831,48.17466],[16.4674,48.17506],[16.46615,48.1756],[16.46569,48.17579],[16.46545,48.17589],[16.4654,48.17581],[16.46498,48.17555],[16.46484,48.17546],[16.4646,48.17531],[16.46452,48.17528],[16.4644,48.17524],[16.46426,48.17522],[16.46419,48.17521],[16.46412,48.17522],[16.46405,48.17522],[16.46398,48.17523],[16.46339,48.17535],[16.46326,48.17537],[16.46309,48.1754],[16.46262,48.17549],[16.46142,48.17573],[16.46083,48.17585],[16.45973,48.17606],[16.45876,48.17623],[16.45844,48.17629],[16.45757,48.17647],[16.45731,48.17652],[16.45645,48.1767],[16.45523,48.17697],[16.45516,48.17698],[16.45491,48.17703],[16.45479,48.17706],[16.45419,48.17717],[16.45337,48.1773],[16.45191,48.17754],[16.45046,48.17776],[16.44995,48.17783],[16.44963,48.17789],[16.44925,48.17795],[16.44847,48.17808],[16.44343,48.17893],[16.44288,48.17902],[16.44269,48.17905],[16.44258,48.17908],[16.44253,48.17909],[16.44244,48.17912],[16.44245,48.17913],[16.44246,48.17915],[16.44246,48.17917],[16.44246,48.17919],[16.44245,48.17921],[16.44244,48.17922],[16.44242,48.17924],[16.44237,48.17926],[16.44232,48.17927],[16.44229,48.17927],[16.44226,48.17926],[16.44223,48.17925],[16.44221,48.17924],[16.44219,48.17922],[16.44218,48.17921],[16.44217,48.17919],[16.44217,48.17917],[16.44217,48.17915],[16.44219,48.17911],[16.44215,48.1791],[16.44207,48.17906],[16.44174,48.17883],[16.44127,48.17847],[16.44116,48.17835],[16.4411,48.17827],[16.44107,48.17818],[16.44103,48.1781],[16.44098,48.17799],[16.44057,48.17736],[16.43987,48.17626],[16.43967,48.17596],[16.43955,48.17583],[16.43942,48.17586],[16.43585,48.17685],[16.43417,48.17733],[16.43222,48.1779],[16.4317,48.17803],[16.42834,48.17903],[16.42821,48.17906],[16.42809,48.17908],[16.42785,48.17915],[16.42723,48.17931],[16.42716,48.17937],[16.42694,48.17944],[16.42656,48.17955],[16.42641,48.17961],[16.42615,48.1797],[16.42607,48.17973],[16.42582,48.1798],[16.42564,48.17984],[16.42554,48.17986],[16.42535,48.17989],[16.42518,48.1799],[16.42509,48.17991],[16.42502,48.1799],[16.42475,48.17988],[16.42475,48.17989],[16.42474,48.17991],[16.42473,48.17992],[16.42471,48.17994],[16.42469,48.17995],[16.42467,48.17996],[16.42464,48.17996],[16.42462,48.17996],[16.42459,48.17996],[16.42456,48.17996],[16.42454,48.17995],[16.42452,48.17994],[16.4245,48.17992],[16.42449,48.17991],[16.42448,48.17989],[16.42448,48.17987],[16.42436,48.17987],[16.4241,48.17983],[16.42359,48.17973],[16.42343,48.17971],[16.42195,48.17943],[16.42094,48.17924],[16.42073,48.1792],[16.4209,48.17855],[16.42104,48.17803],[16.42115,48.17759],[16.42116,48.17746],[16.42116,48.17735],[16.42114,48.17727],[16.4211,48.17717],[16.42098,48.17693],[16.42064,48.17637],[16.42057,48.17623],[16.42055,48.17619],[16.42055,48.17615],[16.42053,48.17605],[16.42053,48.17596],[16.42049,48.17537],[16.42043,48.1749],[16.42039,48.17462],[16.42038,48.17451],[16.4204,48.17443],[16.41917,48.17446],[16.41826,48.17448],[16.41811,48.17448],[16.41783,48.17446],[16.41768,48.17445],[16.41739,48.1744],[16.41723,48.17436],[16.4167,48.17428]]}},{"type":"Feature","properties":{"lineId":"76B","name":"76B","longName":"Enkplatz - Alberner Hafen","mode":"bus","color":"#0A295D","stops":[{"name":"Albern","lon":16.48472,"lat":48.15967},{"name":"Alberner Straße","lon":16.48446,"lat":48.15637},{"name":"Kaiserebersdorf, Münnichplatz","lon":16.47395,"lat":48.15873},{"name":"Kaiserebersdorf, Zinnergasse","lon":16.47109,"lat":48.16082},{"name":"Artillerieplatz","lon":16.47276,"lat":48.16449},{"name":"Jedletzbergerstraße","lon":16.46978,"lat":48.16704},{"name":"Paul-Wagner-Gasse","lon":16.4606,"lat":48.169},{"name":"Pfaffenaugasse","lon":16.46042,"lat":48.17142},{"name":"11. Haidequerstraße","lon":16.46266,"lat":48.17558},{"name":"Wildpretstraße","lon":16.45481,"lat":48.1771},{"name":"Bleibtreustraße","lon":16.44927,"lat":48.17801},{"name":"7. Haidequerstraße","lon":16.44291,"lat":48.1791},{"name":"Simmeringer Haide","lon":16.44075,"lat":48.17754},{"name":"Oriongasse","lon":16.43977,"lat":48.17629},{"name":"Franz-Eder-Weg","lon":16.43423,"lat":48.17741},{"name":"Haidestraße","lon":16.42791,"lat":48.17924},{"name":"Kraftwerk Simmering","lon":16.4302,"lat":48.1839},{"name":"Kraftwerk Simmering","lon":16.42967,"lat":48.1834},{"name":"1. Haidequerstraße Mitte","lon":16.42903,"lat":48.18241},{"name":"1. Haidequerstraße Süd","lon":16.42836,"lat":48.1814},{"name":"Rappachgasse","lon":16.425,"lat":48.17997},{"name":"Simoningplatz","lon":16.42092,"lat":48.17929},{"name":"Krausegasse","lon":16.42031,"lat":48.17463},{"name":"Enkplatz","lon":16.41668,"lat":48.17436}],"lengthKm":10.2},"geometry":{"type":"LineString","coordinates":[[16.4848,48.15967],[16.48477,48.15958],[16.48473,48.1594],[16.48468,48.15915],[16.48461,48.15877],[16.48459,48.15859],[16.48454,48.15777],[16.48452,48.15742],[16.48453,48.15636],[16.48453,48.15595],[16.48454,48.15588],[16.48444,48.15587],[16.48437,48.15587],[16.48014,48.15655],[16.47992,48.15659],[16.4795,48.15664],[16.47888,48.15661],[16.47853,48.15658],[16.47819,48.15653],[16.47802,48.15652],[16.47794,48.15652],[16.4777,48.15651],[16.47759,48.1565],[16.47744,48.15651],[16.47734,48.15651],[16.47708,48.15654],[16.47688,48.15658],[16.47664,48.15664],[16.47647,48.15669],[16.47469,48.15727],[16.47462,48.15729],[16.47451,48.15734],[16.47439,48.15741],[16.47428,48.1575],[16.47422,48.15755],[16.47418,48.1576],[16.47413,48.15766],[16.47405,48.15771],[16.47402,48.15787],[16.47401,48.15816],[16.47399,48.15829],[16.47388,48.15872],[16.47381,48.15894],[16.47361,48.15891],[16.47299,48.15885],[16.47288,48.15884],[16.47279,48.15884],[16.47272,48.15885],[16.47265,48.15885],[16.47257,48.15887],[16.47251,48.15889],[16.47244,48.15891],[16.47224,48.15899],[16.47195,48.15911],[16.47181,48.15919],[16.4715,48.15942],[16.47091,48.15991],[16.47075,48.16],[16.47083,48.16023],[16.47089,48.16047],[16.47093,48.16083],[16.47093,48.16088],[16.471,48.16109],[16.4711,48.16131],[16.47119,48.1615],[16.4713,48.16167],[16.47159,48.16207],[16.47167,48.16214],[16.47189,48.16235],[16.47272,48.16314],[16.47323,48.16363],[16.47308,48.16369],[16.47291,48.16378],[16.47282,48.16384],[16.47275,48.16391],[16.4727,48.16399],[16.47267,48.16406],[16.47264,48.16415],[16.47264,48.16423],[16.47264,48.16429],[16.47266,48.16441],[16.47268,48.16447],[16.47269,48.1645],[16.4727,48.16454],[16.47271,48.16458],[16.4727,48.16462],[16.47269,48.16464],[16.47266,48.16467],[16.47252,48.16479],[16.47067,48.16626],[16.46974,48.16701],[16.46949,48.16721],[16.46941,48.16726],[16.46937,48.16728],[16.46743,48.16784],[16.46723,48.16791],[16.46571,48.16834],[16.46535,48.16843],[16.46506,48.1685],[16.46486,48.16854],[16.46471,48.16857],[16.46446,48.16861],[16.46423,48.16865],[16.46396,48.16868],[16.46371,48.1687],[16.46264,48.16877],[16.46109,48.16885],[16.46077,48.16888],[16.46057,48.16891],[16.46045,48.16894],[16.46012,48.16901],[16.45989,48.16908],[16.45965,48.16916],[16.45945,48.16924],[16.45926,48.16934],[16.4591,48.16943],[16.45894,48.16953],[16.45883,48.1696],[16.45886,48.16963],[16.45893,48.16973],[16.45928,48.17019],[16.45954,48.17049],[16.45977,48.17075],[16.46036,48.17145],[16.46111,48.17235],[16.46113,48.17238],[16.46184,48.17336],[16.46191,48.17341],[16.46197,48.17349],[16.46253,48.17425],[16.46294,48.17481],[16.46301,48.1749],[16.46306,48.175],[16.46315,48.17515],[16.46321,48.17529],[16.46326,48.17537],[16.46309,48.1754],[16.46262,48.17549],[16.46142,48.17573],[16.46083,48.17585],[16.45973,48.17606],[16.45876,48.17623],[16.45844,48.17629],[16.45757,48.17647],[16.45731,48.17652],[16.45645,48.1767],[16.45523,48.17697],[16.45516,48.17698],[16.45491,48.17703],[16.45479,48.17706],[16.45419,48.17717],[16.45337,48.1773],[16.45191,48.17754],[16.45046,48.17776],[16.44995,48.17783],[16.44963,48.17789],[16.44925,48.17795],[16.44847,48.17808],[16.44343,48.17893],[16.44288,48.17902],[16.44269,48.17905],[16.44258,48.17908],[16.44253,48.17909],[16.44244,48.17912],[16.44245,48.17913],[16.44246,48.17915],[16.44246,48.17917],[16.44246,48.17919],[16.44245,48.17921],[16.44244,48.17922],[16.44242,48.17924],[16.44237,48.17926],[16.44232,48.17927],[16.44229,48.17927],[16.44226,48.17926],[16.44223,48.17925],[16.44221,48.17924],[16.44219,48.17922],[16.44218,48.17921],[16.44217,48.17919],[16.44217,48.17917],[16.44217,48.17915],[16.44219,48.17911],[16.44215,48.1791],[16.44207,48.17906],[16.44174,48.17883],[16.44127,48.17847],[16.44116,48.17835],[16.4411,48.17827],[16.44107,48.17818],[16.44103,48.1781],[16.44098,48.17799],[16.4407,48.17756],[16.44051,48.17727],[16.43987,48.17626],[16.43967,48.17596],[16.43955,48.17583],[16.43942,48.17586],[16.43585,48.17685],[16.43417,48.17733],[16.43222,48.1779],[16.4317,48.17803],[16.42834,48.17903],[16.42821,48.17906],[16.42809,48.17908],[16.42785,48.17915],[16.42723,48.17931],[16.42716,48.17937],[16.42917,48.18245],[16.42991,48.18359],[16.43013,48.18392],[16.43066,48.18474],[16.43086,48.18506],[16.43098,48.18506],[16.43121,48.18511],[16.43139,48.18516],[16.43159,48.18523],[16.43167,48.18526],[16.4317,48.18528],[16.43173,48.18532],[16.43176,48.18535],[16.43177,48.18538],[16.43177,48.18541],[16.43177,48.18545],[16.43175,48.18549],[16.43173,48.18554],[16.43169,48.18557],[16.43166,48.1856],[16.43161,48.18562],[16.43138,48.18571],[16.43134,48.18571],[16.4313,48.18571],[16.43123,48.18571],[16.43117,48.18566],[16.43118,48.18563],[16.43117,48.1856],[16.43117,48.18556],[16.43114,48.1855],[16.43092,48.18518],[16.43086,48.18506],[16.43066,48.18474],[16.42991,48.18359],[16.42978,48.18338],[16.42913,48.18239],[16.42846,48.18137],[16.42716,48.17937],[16.42694,48.17944],[16.42656,48.17955],[16.42641,48.17961],[16.42615,48.1797],[16.42607,48.17973],[16.42582,48.1798],[16.42575,48.17982],[16.42564,48.17984],[16.42554,48.17986],[16.42535,48.17989],[16.42518,48.1799],[16.42509,48.17991],[16.42502,48.1799],[16.42475,48.17988],[16.42475,48.17989],[16.42474,48.17991],[16.42473,48.17992],[16.42471,48.17994],[16.42469,48.17995],[16.42467,48.17996],[16.42464,48.17996],[16.42462,48.17996],[16.42459,48.17996],[16.42456,48.17996],[16.42454,48.17995],[16.42452,48.17994],[16.4245,48.17992],[16.42449,48.17991],[16.42448,48.17989],[16.42448,48.17987],[16.42436,48.17987],[16.4241,48.17983],[16.42359,48.17973],[16.42343,48.17971],[16.42195,48.17943],[16.42094,48.17924],[16.42073,48.1792],[16.4209,48.17855],[16.42104,48.17803],[16.42115,48.17759],[16.42116,48.17746],[16.42116,48.17735],[16.42114,48.17727],[16.4211,48.17717],[16.42098,48.17693],[16.42064,48.17637],[16.42057,48.17623],[16.42055,48.17619],[16.42055,48.17615],[16.42053,48.17605],[16.42053,48.17596],[16.42049,48.17537],[16.42043,48.1749],[16.42039,48.17462],[16.42038,48.17451],[16.4204,48.17443],[16.41917,48.17446],[16.41826,48.17448],[16.41811,48.17448],[16.41783,48.17446],[16.41768,48.17445],[16.41739,48.1744],[16.41723,48.17436],[16.4167,48.17428]]}},{"type":"Feature","properties":{"lineId":"77A","name":"77A","longName":"Rennweg - Lusthaus","mode":"bus","color":"#0A295D","stops":[{"name":"Rennweg","lon":16.38666,"lat":48.19512},{"name":"Klinik Landstraße","lon":16.39083,"lat":48.19658},{"name":"Eslarngasse","lon":16.3955,"lat":48.19672},{"name":"Hainburger Straße","lon":16.39716,"lat":48.19898},{"name":"Apostelgasse","lon":16.39821,"lat":48.20036},{"name":"Kardinal-Nagl-Platz","lon":16.40131,"lat":48.19786},{"name":"Lechnerstraße","lon":16.40484,"lat":48.19659},{"name":"Wällischgasse","lon":16.40732,"lat":48.19569},{"name":"Schlachthausgasse","lon":16.40743,"lat":48.19406},{"name":"Ludwig-Koeßler-Platz","lon":16.40984,"lat":48.19615},{"name":"Klaschkaweg","lon":16.41344,"lat":48.1984},{"name":"Stadionbad","lon":16.41624,"lat":48.20409},{"name":"Ernst-Happel-Stadion","lon":16.41852,"lat":48.20772},{"name":"Stadion","lon":16.42146,"lat":48.21094},{"name":"Marathonweg","lon":16.42653,"lat":48.20888},{"name":"Donaumarina","lon":16.43036,"lat":48.20613},{"name":"Praterbrücke","lon":16.4339,"lat":48.20354},{"name":"Schipanygasse","lon":16.43691,"lat":48.20144},{"name":"Stadlauer Brücke","lon":16.4385,"lat":48.20031},{"name":"Praterkai","lon":16.44086,"lat":48.19976},{"name":"Aspernallee/Schule","lon":16.44393,"lat":48.19686},{"name":"Lusthaus/Aspernallee","lon":16.43986,"lat":48.19333},{"name":"Lusthaus","lon":16.43919,"lat":48.19108}],"lengthKm":8.4},"geometry":{"type":"LineString","coordinates":[[16.38655,48.19512],[16.38663,48.19561],[16.38665,48.19573],[16.38672,48.19596],[16.38685,48.19632],[16.38697,48.19664],[16.38936,48.19664],[16.38965,48.19664],[16.39084,48.19663],[16.39234,48.19663],[16.39327,48.19665],[16.39406,48.19668],[16.39411,48.19668],[16.3955,48.19676],[16.39578,48.19678],[16.39587,48.19677],[16.39598,48.19678],[16.39603,48.19679],[16.39606,48.19682],[16.39609,48.19684],[16.39611,48.19687],[16.39623,48.19713],[16.39638,48.19744],[16.39658,48.1978],[16.39671,48.19807],[16.3968,48.19829],[16.39711,48.199],[16.39717,48.19914],[16.39718,48.19921],[16.3972,48.19928],[16.39757,48.19999],[16.39769,48.20024],[16.39775,48.20034],[16.39777,48.20036],[16.39778,48.20038],[16.39781,48.20041],[16.39803,48.20055],[16.39825,48.20039],[16.39839,48.20028],[16.39845,48.20023],[16.39851,48.20017],[16.39915,48.19946],[16.39957,48.19906],[16.39968,48.19897],[16.39985,48.19884],[16.40109,48.19801],[16.40114,48.19797],[16.40134,48.19789],[16.40239,48.19746],[16.40245,48.19745],[16.40256,48.1974],[16.40298,48.19723],[16.40315,48.19717],[16.40351,48.19703],[16.40362,48.19699],[16.40443,48.19675],[16.40487,48.19663],[16.40519,48.19655],[16.4067,48.19628],[16.4074,48.19573],[16.40758,48.19559],[16.40799,48.19529],[16.40891,48.19456],[16.40775,48.19385],[16.40764,48.19386],[16.40738,48.19402],[16.40734,48.19404],[16.40725,48.1941],[16.4071,48.19424],[16.40666,48.19452],[16.40657,48.19456],[16.40717,48.19488],[16.40799,48.19529],[16.40891,48.19576],[16.40978,48.1962],[16.4104,48.19651],[16.41132,48.19699],[16.41154,48.1971],[16.41188,48.19729],[16.41207,48.1974],[16.41244,48.19764],[16.41271,48.19785],[16.41316,48.19819],[16.41334,48.19835],[16.41341,48.19841],[16.41356,48.19855],[16.41366,48.19865],[16.41379,48.19876],[16.41392,48.1989],[16.41407,48.19907],[16.41441,48.19947],[16.41452,48.1996],[16.41473,48.19989],[16.41482,48.20003],[16.41511,48.20046],[16.41532,48.20082],[16.41542,48.20103],[16.41548,48.20118],[16.41562,48.20157],[16.41567,48.20176],[16.41571,48.20203],[16.41575,48.2023],[16.41574,48.20287],[16.41575,48.20299],[16.41576,48.20311],[16.41579,48.20324],[16.41582,48.20337],[16.41585,48.20349],[16.41591,48.20367],[16.416,48.20383],[16.41607,48.20396],[16.41616,48.20408],[16.41619,48.20411],[16.41633,48.20423],[16.41653,48.20439],[16.41661,48.20444],[16.4169,48.20471],[16.41705,48.20487],[16.41767,48.20558],[16.41782,48.20577],[16.4181,48.20612],[16.41817,48.20622],[16.41828,48.20637],[16.41845,48.20661],[16.4185,48.20667],[16.41854,48.20674],[16.41859,48.20685],[16.41862,48.20693],[16.41863,48.20702],[16.41864,48.20705],[16.41864,48.20711],[16.41862,48.20719],[16.41859,48.20728],[16.41857,48.20732],[16.41851,48.20742],[16.41845,48.20751],[16.41843,48.20756],[16.41839,48.20764],[16.41837,48.2077],[16.41836,48.20774],[16.41835,48.20779],[16.41835,48.20784],[16.41836,48.2079],[16.41836,48.20795],[16.41837,48.208],[16.4184,48.20807],[16.41844,48.20814],[16.41849,48.20821],[16.41855,48.20829],[16.41862,48.20834],[16.41893,48.20861],[16.41952,48.20909],[16.41964,48.2092],[16.41969,48.20927],[16.41978,48.2094],[16.42006,48.20988],[16.4201,48.20993],[16.42016,48.20999],[16.42025,48.21005],[16.42102,48.21054],[16.42112,48.2106],[16.4212,48.21066],[16.42143,48.21095],[16.42164,48.21121],[16.4217,48.21126],[16.42184,48.21115],[16.42456,48.20922],[16.42463,48.20916],[16.42477,48.20913],[16.42606,48.20922],[16.42611,48.20922],[16.42616,48.20921],[16.42624,48.20919],[16.42628,48.20917],[16.42633,48.20915],[16.42663,48.20894],[16.42684,48.20878],[16.42687,48.20867],[16.42834,48.20763],[16.42973,48.20664],[16.42977,48.20661],[16.4304,48.20616],[16.43127,48.20553],[16.43223,48.20486],[16.43269,48.20453],[16.43318,48.20418],[16.43319,48.20416],[16.43327,48.20409],[16.43399,48.20359],[16.43426,48.2034],[16.43447,48.20325],[16.43695,48.20147],[16.43721,48.20129],[16.43798,48.20074],[16.43855,48.20034],[16.43862,48.20029],[16.43865,48.20027],[16.43868,48.20026],[16.43869,48.20025],[16.43871,48.20025],[16.43874,48.20026],[16.43879,48.20028],[16.43888,48.20033],[16.43958,48.20078],[16.43963,48.20081],[16.44045,48.2002],[16.44078,48.19995],[16.44096,48.19982],[16.44114,48.19969],[16.44132,48.19957],[16.4415,48.19946],[16.44171,48.19935],[16.44193,48.19922],[16.44231,48.19898],[16.4442,48.1977],[16.44455,48.19746],[16.44465,48.19738],[16.44398,48.19683],[16.44382,48.1967],[16.44352,48.19645],[16.43991,48.19331],[16.43926,48.19274],[16.43915,48.19279],[16.43904,48.19281],[16.43893,48.19281],[16.43881,48.1928],[16.4387,48.19275],[16.43854,48.19274],[16.43831,48.19253],[16.43828,48.1925],[16.43827,48.19243],[16.4383,48.19236],[16.43836,48.19227],[16.43903,48.1914],[16.43876,48.19127],[16.43857,48.19118],[16.43887,48.1908],[16.4389,48.19077],[16.43906,48.19085],[16.43909,48.19086],[16.43876,48.19127],[16.43903,48.1914],[16.43926,48.1911]]}},{"type":"Feature","properties":{"lineId":"79A","name":"79A","longName":"Donaumarina, Chrastekgasse - Kaiserebersdorf, Münnichplatz","mode":"bus","color":"#0A295D","stops":[{"name":"Donaumarina, Chrastekgasse","lon":16.42846,"lat":48.20782},{"name":"Donaumarina","lon":16.43036,"lat":48.20613},{"name":"Praterbrücke","lon":16.4339,"lat":48.20354},{"name":"Schipanygasse","lon":16.43691,"lat":48.20144},{"name":"Stadlauer Brücke","lon":16.4385,"lat":48.20031},{"name":"Praterkai","lon":16.44086,"lat":48.19976},{"name":"Aspernallee","lon":16.445,"lat":48.19707},{"name":"Dammhaufengasse","lon":16.44701,"lat":48.19571},{"name":"Grünhaufenbrücke","lon":16.45196,"lat":48.19239},{"name":"Freudenauer Hafenstraße","lon":16.46569,"lat":48.18279},{"name":"Winterhafen","lon":16.46959,"lat":48.18023},{"name":"Hafen Freudenau","lon":16.47247,"lat":48.17846},{"name":"Kraftwerk Freudenau","lon":16.47883,"lat":48.17457},{"name":"Freudenauer Hafenbrücke","lon":16.47633,"lat":48.16988},{"name":"Alberner Hafenzufahrtsstraße","lon":16.47229,"lat":48.17197},{"name":"Landwehrstraße","lon":16.47038,"lat":48.16885},{"name":"Jedletzbergerstraße","lon":16.4696,"lat":48.16695},{"name":"Artillerieplatz","lon":16.47281,"lat":48.16345},{"name":"Kaiserebersdorf, Zinnergasse","lon":16.47076,"lat":48.16096},{"name":"Kaiserebersdorf, Münnichplatz","lon":16.47419,"lat":48.15888},{"name":"Kaiserebersdorf, Münnichplatz","lon":16.47415,"lat":48.15906}],"lengthKm":8.6},"geometry":{"type":"LineString","coordinates":[[16.42854,48.20776],[16.42834,48.20763],[16.42973,48.20664],[16.42977,48.20661],[16.4304,48.20616],[16.43127,48.20553],[16.43223,48.20486],[16.43269,48.20453],[16.43318,48.20418],[16.43319,48.20416],[16.43327,48.20409],[16.43399,48.20359],[16.43426,48.2034],[16.43447,48.20325],[16.43695,48.20147],[16.43721,48.20129],[16.43798,48.20074],[16.43855,48.20034],[16.43862,48.20029],[16.43865,48.20027],[16.43868,48.20026],[16.43869,48.20025],[16.43871,48.20025],[16.43874,48.20026],[16.43879,48.20028],[16.43888,48.20033],[16.43958,48.20078],[16.43963,48.20081],[16.44045,48.2002],[16.44078,48.19995],[16.44096,48.19982],[16.44114,48.19969],[16.44132,48.19957],[16.4415,48.19946],[16.44171,48.19935],[16.44193,48.19922],[16.44231,48.19898],[16.4442,48.1977],[16.44455,48.19746],[16.44465,48.19738],[16.44506,48.19711],[16.44527,48.19696],[16.44707,48.19574],[16.44913,48.19436],[16.45095,48.19313],[16.45201,48.19241],[16.45466,48.19063],[16.45512,48.1903],[16.45524,48.19022],[16.45538,48.19011],[16.4555,48.19],[16.45558,48.18992],[16.45567,48.18982],[16.45575,48.1897],[16.4558,48.18962],[16.45586,48.18952],[16.45589,48.18942],[16.45611,48.18945],[16.45618,48.18945],[16.45624,48.18944],[16.45628,48.18943],[16.45633,48.18942],[16.45642,48.18938],[16.45648,48.18935],[16.45654,48.18931],[16.45667,48.18919],[16.45683,48.18907],[16.45713,48.18889],[16.45774,48.1885],[16.45842,48.18808],[16.45862,48.18796],[16.45898,48.18772],[16.46135,48.18617],[16.46236,48.18552],[16.46296,48.18513],[16.46326,48.18492],[16.46341,48.1848],[16.46352,48.18469],[16.46367,48.18457],[16.4638,48.18444],[16.46395,48.18428],[16.46392,48.18426],[16.4639,48.18425],[16.46389,48.18423],[16.46388,48.18421],[16.46388,48.18419],[16.46388,48.18417],[16.46389,48.18416],[16.4639,48.18414],[16.46392,48.18412],[16.46394,48.18411],[16.46397,48.1841],[16.464,48.1841],[16.46403,48.18409],[16.46406,48.1841],[16.46408,48.1841],[16.4641,48.18411],[16.46424,48.18397],[16.46441,48.1838],[16.46451,48.18372],[16.46498,48.18334],[16.46529,48.18313],[16.46575,48.18283],[16.46706,48.18196],[16.46846,48.18104],[16.46914,48.18062],[16.46966,48.18028],[16.46999,48.18007],[16.47069,48.17962],[16.4715,48.17915],[16.47175,48.17899],[16.47199,48.17884],[16.47227,48.17867],[16.47253,48.1785],[16.47387,48.17764],[16.47449,48.17725],[16.47565,48.1765],[16.47617,48.17616],[16.4773,48.17545],[16.47758,48.17527],[16.47766,48.17523],[16.47775,48.1752],[16.47781,48.17518],[16.4778,48.17515],[16.4778,48.17513],[16.4778,48.17511],[16.47781,48.17509],[16.47783,48.17507],[16.47785,48.17505],[16.47787,48.17503],[16.47792,48.17502],[16.47797,48.17501],[16.47801,48.17502],[16.47804,48.17502],[16.47807,48.17503],[16.4781,48.17505],[16.47814,48.17508],[16.47818,48.17507],[16.47825,48.17505],[16.47831,48.17503],[16.47839,48.17498],[16.47847,48.17492],[16.4789,48.17462],[16.47919,48.1744],[16.47954,48.1741],[16.4796,48.17405],[16.47972,48.17394],[16.47997,48.17365],[16.48004,48.17357],[16.48011,48.17347],[16.48017,48.17337],[16.48022,48.17326],[16.48026,48.17314],[16.48028,48.17304],[16.48028,48.17294],[16.48028,48.17282],[16.48025,48.17269],[16.48021,48.17259],[16.48017,48.17249],[16.48013,48.17242],[16.48004,48.17228],[16.47992,48.17213],[16.47984,48.17204],[16.47893,48.17109],[16.47757,48.16963],[16.47724,48.16929],[16.47717,48.16926],[16.47711,48.16923],[16.47704,48.16919],[16.47697,48.16917],[16.47692,48.16916],[16.47685,48.16916],[16.47674,48.16917],[16.47663,48.1692],[16.47653,48.16922],[16.47644,48.16923],[16.47636,48.16929],[16.47629,48.16933],[16.47622,48.16939],[16.47618,48.16943],[16.47614,48.16947],[16.47612,48.16953],[16.4761,48.1697],[16.47616,48.16978],[16.47626,48.1699],[16.47671,48.17044],[16.47648,48.17052],[16.47451,48.17123],[16.4741,48.17138],[16.47371,48.17155],[16.47267,48.17203],[16.47247,48.17212],[16.47236,48.17195],[16.47224,48.17175],[16.47218,48.17162],[16.47045,48.16883],[16.46961,48.16748],[16.46954,48.16739],[16.46946,48.16731],[16.46941,48.16726],[16.46949,48.16721],[16.46972,48.16702],[16.47067,48.16626],[16.47252,48.16479],[16.47266,48.16467],[16.47269,48.16464],[16.4727,48.16462],[16.47271,48.16458],[16.4727,48.16454],[16.47268,48.16447],[16.47266,48.16441],[16.47264,48.16429],[16.47264,48.16423],[16.47264,48.16415],[16.47267,48.16406],[16.4727,48.16399],[16.47275,48.16391],[16.47282,48.16384],[16.47291,48.16378],[16.47308,48.16369],[16.47323,48.16363],[16.47297,48.16338],[16.47189,48.16235],[16.47167,48.16214],[16.47159,48.16207],[16.4713,48.16167],[16.47119,48.1615],[16.4711,48.16131],[16.471,48.16109],[16.47095,48.16092],[16.47093,48.16088],[16.47089,48.16047],[16.47083,48.16023],[16.47075,48.16],[16.47091,48.15991],[16.4715,48.15942],[16.47181,48.15919],[16.47195,48.15911],[16.47224,48.15899],[16.47244,48.15891],[16.47251,48.15889],[16.47257,48.15887],[16.47265,48.15885],[16.47272,48.15885],[16.47279,48.15884],[16.47288,48.15884],[16.47299,48.15885],[16.47361,48.15891],[16.47381,48.15894],[16.47392,48.15896],[16.47409,48.15899],[16.47411,48.15897],[16.47422,48.15892],[16.47429,48.15889],[16.47432,48.15888],[16.47436,48.15888],[16.47438,48.15889],[16.47442,48.1589],[16.47444,48.15891],[16.47446,48.15894],[16.47448,48.15897],[16.47447,48.159],[16.47446,48.15904],[16.47417,48.159]]}},{"type":"Feature","properties":{"lineId":"79B","name":"79B","longName":"Donaumarina, Chrastekgasse - Kaiserebersdorf, Münnichplatz","mode":"bus","color":"#0A295D","stops":[{"name":"Kaiserebersdorf, Münnichplatz","lon":16.47415,"lat":48.15906},{"name":"Kaiserebersdorf, Zinnergasse","lon":16.47109,"lat":48.16082},{"name":"Artillerieplatz","lon":16.47276,"lat":48.16449},{"name":"Jedletzbergerstraße","lon":16.46978,"lat":48.16704},{"name":"Landwehrstraße","lon":16.47078,"lat":48.1692},{"name":"Alberner Hafenzufahrtsstraße","lon":16.4721,"lat":48.17235},{"name":"Alberner Hafenzufahrtsstraße West","lon":16.4703,"lat":48.17347},{"name":"Margetinstraße","lon":16.46618,"lat":48.17563},{"name":"Seitenhafenbrücke","lon":16.46124,"lat":48.17959},{"name":"Seitenhafenstraße","lon":16.45813,"lat":48.18269},{"name":"Hellingstraße","lon":16.45621,"lat":48.18749},{"name":"Grünhaufenbrücke","lon":16.45248,"lat":48.19215},{"name":"Dammhaufengasse","lon":16.44712,"lat":48.19579},{"name":"Aspernallee/Schule","lon":16.44393,"lat":48.19686},{"name":"Lusthaus/Aspernallee","lon":16.44014,"lat":48.19346},{"name":"Aspernallee/Schule","lon":16.44405,"lat":48.19683},{"name":"Praterkai","lon":16.44107,"lat":48.19988},{"name":"Schipanygasse","lon":16.437,"lat":48.20149},{"name":"Praterbrücke","lon":16.43462,"lat":48.20326},{"name":"Donaumarina","lon":16.43072,"lat":48.20605},{"name":"Marathonweg","lon":16.42712,"lat":48.20854},{"name":"Donaumarina, Chrastekgasse","lon":16.42846,"lat":48.20782}],"lengthKm":9.4},"geometry":{"type":"LineString","coordinates":[[16.47417,48.159],[16.47392,48.15896],[16.47381,48.15894],[16.47361,48.15891],[16.47299,48.15885],[16.47288,48.15884],[16.47279,48.15884],[16.47272,48.15885],[16.47265,48.15885],[16.47257,48.15887],[16.47251,48.15889],[16.47244,48.15891],[16.47224,48.15899],[16.47195,48.15911],[16.47181,48.15919],[16.4715,48.15942],[16.47091,48.15991],[16.47075,48.16],[16.47083,48.16023],[16.47089,48.16047],[16.47093,48.16083],[16.47093,48.16088],[16.471,48.16109],[16.4711,48.16131],[16.47119,48.1615],[16.4713,48.16167],[16.47159,48.16207],[16.47167,48.16214],[16.47189,48.16235],[16.47272,48.16314],[16.47323,48.16363],[16.47308,48.16369],[16.47291,48.16378],[16.47282,48.16384],[16.47275,48.16391],[16.4727,48.16399],[16.47267,48.16406],[16.47264,48.16415],[16.47264,48.16423],[16.47264,48.16429],[16.47266,48.16441],[16.47268,48.16447],[16.47269,48.1645],[16.4727,48.16454],[16.47271,48.16458],[16.4727,48.16462],[16.47269,48.16464],[16.47266,48.16467],[16.47252,48.16479],[16.47067,48.16626],[16.46974,48.16701],[16.46949,48.16721],[16.46941,48.16726],[16.46946,48.16731],[16.46954,48.16739],[16.46961,48.16748],[16.47069,48.16922],[16.47218,48.17162],[16.47224,48.17175],[16.47247,48.17212],[16.47207,48.17231],[16.47177,48.17245],[16.47144,48.17262],[16.47121,48.17275],[16.47093,48.17294],[16.47071,48.1731],[16.47025,48.17344],[16.46967,48.17388],[16.46947,48.17402],[16.46927,48.17415],[16.46905,48.17429],[16.46886,48.17439],[16.46858,48.17453],[16.46831,48.17466],[16.4674,48.17506],[16.46615,48.1756],[16.46569,48.17579],[16.46545,48.17589],[16.4654,48.17581],[16.46498,48.17555],[16.46484,48.17546],[16.46461,48.17532],[16.4646,48.17531],[16.46452,48.17528],[16.4644,48.17524],[16.46426,48.17522],[16.46419,48.17521],[16.46412,48.17522],[16.46405,48.17522],[16.46398,48.17523],[16.46326,48.17537],[16.4633,48.17547],[16.46382,48.17666],[16.46387,48.17675],[16.46401,48.17706],[16.46423,48.17754],[16.46424,48.17757],[16.46426,48.17763],[16.46427,48.17768],[16.46427,48.17777],[16.46427,48.17782],[16.46426,48.17786],[16.46425,48.17791],[16.46422,48.17797],[16.46419,48.17802],[16.46416,48.17806],[16.46411,48.17813],[16.46406,48.17818],[16.464,48.17823],[16.46394,48.17827],[16.46386,48.17831],[16.4638,48.17834],[16.46374,48.17837],[16.46361,48.17841],[16.46347,48.17845],[16.46331,48.17847],[16.46313,48.17847],[16.46304,48.17848],[16.46293,48.17849],[16.46285,48.1785],[16.46274,48.17853],[16.46264,48.17855],[16.46255,48.17858],[16.46251,48.1786],[16.46241,48.17864],[16.46222,48.17873],[16.46206,48.17884],[16.4618,48.17905],[16.46119,48.17955],[16.46092,48.17977],[16.46074,48.17993],[16.45946,48.18099],[16.45928,48.18114],[16.45886,48.18148],[16.4587,48.18164],[16.45858,48.18175],[16.45848,48.18186],[16.4584,48.18196],[16.45833,48.18206],[16.45827,48.18216],[16.45822,48.18225],[16.45814,48.1824],[16.45809,48.18253],[16.45804,48.18268],[16.45801,48.18282],[16.45799,48.18294],[16.45798,48.18304],[16.45798,48.18314],[16.45799,48.18338],[16.45798,48.18349],[16.45796,48.18359],[16.45786,48.18382],[16.45779,48.18395],[16.45766,48.18414],[16.45758,48.18426],[16.45688,48.18525],[16.45672,48.18548],[16.45661,48.18567],[16.45654,48.18581],[16.45649,48.18592],[16.45641,48.18614],[16.45634,48.18639],[16.4563,48.18665],[16.45618,48.18719],[16.45615,48.18729],[16.45611,48.18748],[16.45609,48.18763],[16.45603,48.1882],[16.456,48.18855],[16.45599,48.18876],[16.45598,48.18902],[16.45597,48.18914],[16.45597,48.18921],[16.45596,48.18928],[16.45594,48.18935],[16.45589,48.18942],[16.45586,48.18952],[16.4558,48.18962],[16.45575,48.1897],[16.45567,48.18982],[16.45558,48.18992],[16.4555,48.19],[16.45538,48.19011],[16.45524,48.19022],[16.45512,48.1903],[16.45466,48.19063],[16.45243,48.19212],[16.45095,48.19313],[16.44913,48.19436],[16.44706,48.19575],[16.44527,48.19696],[16.44465,48.19738],[16.44398,48.19683],[16.44382,48.1967],[16.44352,48.19645],[16.43926,48.19274],[16.43915,48.19279],[16.43904,48.19281],[16.43893,48.19281],[16.43881,48.1928],[16.4387,48.19275],[16.43854,48.19274],[16.43864,48.19255],[16.43864,48.1925],[16.43866,48.19244],[16.43871,48.19239],[16.43877,48.19235],[16.43888,48.19231],[16.43899,48.19228],[16.43906,48.19229],[16.43914,48.19231],[16.43927,48.19238],[16.43931,48.19243],[16.43936,48.19253],[16.43936,48.19258],[16.43935,48.19263],[16.43932,48.19268],[16.43926,48.19274],[16.4401,48.19348],[16.44352,48.19645],[16.44382,48.1967],[16.44401,48.19685],[16.44465,48.19738],[16.44455,48.19746],[16.4442,48.1977],[16.44231,48.19898],[16.44193,48.19922],[16.44171,48.19935],[16.4415,48.19946],[16.44132,48.19957],[16.44114,48.19969],[16.44097,48.19981],[16.44078,48.19995],[16.44045,48.2002],[16.43963,48.20081],[16.43812,48.20186],[16.43721,48.20129],[16.43696,48.20146],[16.43454,48.20321],[16.43447,48.20325],[16.43426,48.2034],[16.43327,48.20409],[16.43319,48.20416],[16.43318,48.20418],[16.43269,48.20453],[16.43223,48.20486],[16.43127,48.20553],[16.43063,48.20599],[16.42977,48.20661],[16.42973,48.20664],[16.42834,48.20763],[16.42709,48.20852],[16.42687,48.20867],[16.42758,48.20914],[16.42907,48.20809],[16.42854,48.20776]]}},{"type":"Feature","properties":{"lineId":"80A","name":"80A","longName":"Praterstern - Neu Marx","mode":"bus","color":"#0A295D","stops":[{"name":"Praterstern","lon":16.39142,"lat":48.2183},{"name":"Vivariumstraße","lon":16.39337,"lat":48.21418},{"name":"Kurzbauergasse","lon":16.39644,"lat":48.2122},{"name":"Josef-Gall-Gasse","lon":16.39781,"lat":48.20982},{"name":"Wittelsbachstraße","lon":16.39881,"lat":48.20634},{"name":"Friedensgasse","lon":16.40241,"lat":48.20358},{"name":"Lukschgasse","lon":16.40562,"lat":48.20281},{"name":"Rustenschacherallee","lon":16.41,"lat":48.20132},{"name":"Klaschkaweg","lon":16.41367,"lat":48.19871},{"name":"Ludwig-Koeßler-Platz","lon":16.40915,"lat":48.19552},{"name":"Schlachthausgasse","lon":16.40784,"lat":48.19396},{"name":"Barthgasse","lon":16.40691,"lat":48.19336},{"name":"Hermine-Jursa-Gasse","lon":16.41083,"lat":48.18935},{"name":"Maria-Jacobi-Gasse","lon":16.40762,"lat":48.18716},{"name":"Neu Marx","lon":16.40361,"lat":48.18702}],"lengthKm":6.5},"geometry":{"type":"LineString","coordinates":[[16.39154,48.21831],[16.39152,48.21846],[16.3915,48.2185],[16.39147,48.21853],[16.39143,48.21856],[16.39141,48.21862],[16.39134,48.21865],[16.39113,48.21872],[16.39106,48.21875],[16.39101,48.21878],[16.39094,48.2188],[16.39086,48.21882],[16.39052,48.21851],[16.39046,48.21844],[16.39041,48.21836],[16.39038,48.21828],[16.39035,48.21822],[16.39033,48.21815],[16.39032,48.21807],[16.39031,48.218],[16.39031,48.21794],[16.39031,48.21788],[16.39032,48.21783],[16.39035,48.21777],[16.39041,48.21774],[16.39047,48.2177],[16.39128,48.21721],[16.39118,48.21714],[16.39116,48.21707],[16.39117,48.21703],[16.39116,48.21697],[16.39115,48.2169],[16.3911,48.21678],[16.39105,48.21668],[16.391,48.21657],[16.39097,48.21648],[16.39094,48.21636],[16.391,48.21633],[16.391,48.21611],[16.39136,48.2145],[16.39149,48.21397],[16.39164,48.21401],[16.39175,48.21403],[16.39249,48.21416],[16.39281,48.2142],[16.39335,48.21427],[16.39355,48.21429],[16.39411,48.21437],[16.39444,48.21443],[16.39546,48.21461],[16.39552,48.21462],[16.3956,48.21462],[16.39574,48.2146],[16.39581,48.21459],[16.39587,48.21457],[16.39593,48.21455],[16.39603,48.21451],[16.39612,48.21442],[16.39696,48.2134],[16.39582,48.21291],[16.3965,48.21223],[16.39661,48.21212],[16.39728,48.21141],[16.39736,48.21131],[16.39741,48.21121],[16.39748,48.21105],[16.39782,48.21],[16.39788,48.20984],[16.3985,48.20799],[16.39874,48.20702],[16.3989,48.20635],[16.39896,48.20611],[16.39909,48.20577],[16.39921,48.20555],[16.3995,48.20513],[16.39965,48.20496],[16.40003,48.20461],[16.40097,48.20404],[16.40168,48.20382],[16.40245,48.20363],[16.40265,48.20359],[16.40438,48.2032],[16.40455,48.20316],[16.40471,48.20312],[16.40564,48.20284],[16.40583,48.20279],[16.40618,48.20328],[16.40716,48.2029],[16.40795,48.20254],[16.40832,48.20235],[16.40849,48.20225],[16.40946,48.20163],[16.40985,48.20143],[16.41003,48.20137],[16.41029,48.20128],[16.41047,48.20125],[16.41081,48.2012],[16.4116,48.20118],[16.41213,48.20122],[16.41268,48.20136],[16.41319,48.20162],[16.41382,48.20205],[16.41387,48.20207],[16.41399,48.20211],[16.41408,48.20213],[16.4142,48.20214],[16.41428,48.20215],[16.41436,48.20216],[16.41444,48.20216],[16.41453,48.20216],[16.41463,48.20215],[16.41474,48.20213],[16.41482,48.20211],[16.41491,48.20209],[16.41501,48.20205],[16.41508,48.20204],[16.41547,48.20171],[16.41562,48.20157],[16.41548,48.20118],[16.41542,48.20103],[16.41532,48.20082],[16.41511,48.20046],[16.41492,48.20017],[16.41473,48.19989],[16.41452,48.1996],[16.41441,48.19947],[16.41407,48.19907],[16.41379,48.19876],[16.4137,48.19868],[16.41356,48.19855],[16.41334,48.19835],[16.41316,48.19819],[16.41271,48.19785],[16.41244,48.19764],[16.41207,48.1974],[16.41188,48.19729],[16.41154,48.1971],[16.41132,48.19699],[16.4104,48.19651],[16.40968,48.19615],[16.40891,48.19576],[16.40895,48.19571],[16.40921,48.19556],[16.40988,48.19515],[16.40891,48.19456],[16.40787,48.19393],[16.40775,48.19385],[16.40696,48.19331],[16.40676,48.19317],[16.40832,48.19215],[16.40752,48.19157],[16.40748,48.19151],[16.40995,48.18995],[16.41002,48.18992],[16.41087,48.18939],[16.41171,48.18886],[16.41015,48.18766],[16.40936,48.18706],[16.40897,48.18678],[16.40891,48.18672],[16.40884,48.18665],[16.40876,48.18655],[16.4087,48.18645],[16.40859,48.18652],[16.40764,48.18708],[16.40756,48.18712],[16.40751,48.18714],[16.40725,48.18725],[16.40721,48.18727],[16.40722,48.18728],[16.40722,48.1873],[16.40723,48.18732],[16.40722,48.18734],[16.40722,48.18736],[16.4072,48.18737],[16.40718,48.18739],[16.40716,48.1874],[16.40714,48.18741],[16.40711,48.18741],[16.40708,48.18742],[16.40705,48.18741],[16.40702,48.18741],[16.407,48.1874],[16.40697,48.18739],[16.40695,48.18737],[16.40677,48.18744],[16.40499,48.18847],[16.40479,48.18837],[16.4047,48.1883],[16.40344,48.18734],[16.40337,48.18729],[16.40371,48.18709]]}},{"type":"Feature","properties":{"lineId":"82A","name":"82A","longName":"Praterstern - Krieau","mode":"bus","color":"#0A295D","stops":[{"name":"Krieau","lon":16.41348,"lat":48.21502},{"name":"Trabrennstraße","lon":16.41138,"lat":48.21207},{"name":"Südportalstraße","lon":16.40773,"lat":48.21296},{"name":"Welthandelsplatz","lon":16.40537,"lat":48.21545},{"name":"Messe-Prater","lon":16.40355,"lat":48.21769},{"name":"Molkereistraße","lon":16.40118,"lat":48.21818},{"name":"Max-Winter-Platz","lon":16.40046,"lat":48.22103},{"name":"Harkortstraße","lon":16.39909,"lat":48.22221},{"name":"Jakov-Lind-Straße","lon":16.39654,"lat":48.22436},{"name":"Leopold-Moses-Gasse","lon":16.39598,"lat":48.223},{"name":"Joseph-Roth-Gasse","lon":16.39378,"lat":48.22176},{"name":"Praterstern","lon":16.39319,"lat":48.22035}],"lengthKm":3.5},"geometry":{"type":"LineString","coordinates":[[16.4135,48.21505],[16.41371,48.21494],[16.41379,48.2149],[16.41385,48.21489],[16.41388,48.21489],[16.41392,48.2149],[16.41402,48.21489],[16.41418,48.21481],[16.4151,48.21434],[16.41516,48.21431],[16.41504,48.21421],[16.41484,48.21403],[16.4148,48.214],[16.41477,48.21399],[16.4147,48.21396],[16.41466,48.21396],[16.41424,48.21391],[16.41403,48.21387],[16.41391,48.21385],[16.41381,48.21383],[16.41372,48.21381],[16.41364,48.21378],[16.41357,48.21375],[16.41343,48.21369],[16.41336,48.21365],[16.4133,48.21362],[16.4132,48.21355],[16.41316,48.21352],[16.41251,48.21297],[16.41184,48.2124],[16.41171,48.21226],[16.41141,48.21201],[16.4115,48.21209],[16.41144,48.21204],[16.41112,48.21177],[16.41102,48.21167],[16.41088,48.21156],[16.41082,48.21151],[16.41074,48.21145],[16.41067,48.21141],[16.41062,48.21139],[16.41055,48.21137],[16.41053,48.21139],[16.41052,48.21139],[16.41048,48.21141],[16.41046,48.21141],[16.41042,48.2114],[16.4104,48.21139],[16.41038,48.21139],[16.41037,48.21137],[16.41035,48.21136],[16.4095,48.21153],[16.40944,48.21155],[16.40938,48.21157],[16.40934,48.21159],[16.40924,48.21164],[16.4092,48.21168],[16.40914,48.21172],[16.40849,48.21245],[16.40842,48.2125],[16.40833,48.21258],[16.40826,48.21263],[16.40819,48.21267],[16.4077,48.21293],[16.40551,48.21408],[16.40541,48.21415],[16.40535,48.2142],[16.40538,48.21422],[16.40539,48.21423],[16.40539,48.21424],[16.4054,48.21426],[16.40539,48.21427],[16.40539,48.21429],[16.40538,48.2143],[16.40536,48.21431],[16.40534,48.21432],[16.40536,48.21434],[16.40539,48.21439],[16.40544,48.21444],[16.4058,48.21474],[16.40583,48.21477],[16.40584,48.21481],[16.40586,48.21484],[16.40587,48.21488],[16.40587,48.21492],[16.40586,48.21496],[16.40586,48.21499],[16.40585,48.21503],[16.40583,48.21507],[16.40579,48.21512],[16.40577,48.21514],[16.40572,48.21519],[16.4053,48.2154],[16.4052,48.21545],[16.4051,48.21551],[16.40531,48.21572],[16.40541,48.21585],[16.40545,48.21598],[16.40539,48.21613],[16.40533,48.21625],[16.40519,48.21648],[16.40499,48.21678],[16.40493,48.21687],[16.40464,48.21702],[16.40427,48.21728],[16.40403,48.21743],[16.40352,48.21767],[16.40336,48.21775],[16.40334,48.21776],[16.40333,48.21778],[16.40333,48.21792],[16.40192,48.21793],[16.40111,48.21793],[16.40112,48.21818],[16.40112,48.2188],[16.40115,48.21952],[16.40073,48.22036],[16.40039,48.22101],[16.40033,48.22112],[16.39958,48.22174],[16.39905,48.22218],[16.39877,48.22241],[16.3985,48.22262],[16.39734,48.22357],[16.39736,48.22358],[16.39737,48.22359],[16.39738,48.2236],[16.39739,48.22362],[16.39739,48.22363],[16.39739,48.22365],[16.39738,48.22366],[16.39737,48.22367],[16.39736,48.22368],[16.39734,48.22369],[16.3973,48.2237],[16.39726,48.2237],[16.39724,48.2237],[16.39722,48.22369],[16.39645,48.22432],[16.39625,48.22448],[16.39558,48.22413],[16.39608,48.22371],[16.39661,48.22326],[16.39603,48.22295],[16.3942,48.22196],[16.39413,48.2219],[16.39381,48.22173],[16.3933,48.22145],[16.39316,48.22136],[16.39312,48.22133],[16.39308,48.22129],[16.39305,48.22126],[16.39301,48.2212],[16.39299,48.22115],[16.39297,48.2211],[16.39297,48.22106],[16.39297,48.22101],[16.39298,48.22093],[16.39303,48.22071],[16.39304,48.22068],[16.39303,48.22061],[16.39309,48.22035],[16.39307,48.22034],[16.39306,48.2203],[16.39298,48.22008],[16.39297,48.22005],[16.39297,48.22003],[16.39297,48.22001],[16.39298,48.22],[16.39299,48.21998],[16.39301,48.21997],[16.39302,48.21996],[16.39307,48.21995],[16.39312,48.21995],[16.39314,48.21996],[16.39317,48.21996],[16.39319,48.21998],[16.3932,48.22001],[16.3932,48.22003],[16.39314,48.22029],[16.39312,48.22032]]}},{"type":"Feature","properties":{"lineId":"84A","name":"84A","longName":"Aspernstraße - Aspern Nord","mode":"bus","color":"#0A295D","stops":[{"name":"Aspern Nord","lon":16.50488,"lat":48.23385},{"name":"Ilse-Buck-Straße","lon":16.51188,"lat":48.23117},{"name":"Käthe-Recheis-Gasse","lon":16.51219,"lat":48.22869},{"name":"Seestadt","lon":16.50825,"lat":48.2254},{"name":"Maria-Trapp-Platz","lon":16.50541,"lat":48.22392},{"name":"Hannah-Arendt-Platz","lon":16.50132,"lat":48.22467},{"name":"Johann-Kutschera-Gasse","lon":16.49678,"lat":48.22504},{"name":"Lavendelweg","lon":16.49304,"lat":48.22586},{"name":"An den alten Schanzen","lon":16.49007,"lat":48.22639},{"name":"Mittleres Hausfeld","lon":16.48444,"lat":48.22716},{"name":"Billgasse","lon":16.48336,"lat":48.22465},{"name":"Löschniggasse","lon":16.48049,"lat":48.22282},{"name":"Aspernstraße","lon":16.47541,"lat":48.22345}],"lengthKm":5.2},"geometry":{"type":"LineString","coordinates":[[16.50483,48.23386],[16.50491,48.23403],[16.50597,48.23404],[16.50611,48.23403],[16.50619,48.23398],[16.50623,48.23388],[16.50643,48.2339],[16.50842,48.23357],[16.50977,48.23332],[16.51151,48.23297],[16.51149,48.23292],[16.51088,48.23194],[16.51086,48.23189],[16.51087,48.23185],[16.51091,48.2318],[16.5112,48.23169],[16.5113,48.23164],[16.51138,48.23161],[16.51157,48.23151],[16.51164,48.23147],[16.51175,48.23139],[16.51189,48.23129],[16.51197,48.23122],[16.51208,48.23112],[16.51223,48.23098],[16.51233,48.23085],[16.51237,48.23079],[16.5124,48.23072],[16.51246,48.23055],[16.51252,48.23039],[16.51254,48.23029],[16.51255,48.23021],[16.51255,48.2301],[16.51254,48.23003],[16.51251,48.22975],[16.5125,48.22957],[16.51249,48.22949],[16.51249,48.22942],[16.51244,48.22915],[16.51241,48.22899],[16.51236,48.2288],[16.51232,48.22868],[16.51227,48.22852],[16.51221,48.22836],[16.5122,48.22829],[16.51209,48.22797],[16.51202,48.22776],[16.51182,48.22738],[16.5116,48.22692],[16.51144,48.22666],[16.51142,48.22662],[16.51138,48.22654],[16.51128,48.22642],[16.51117,48.22627],[16.51108,48.22614],[16.51087,48.22587],[16.51072,48.2257],[16.51027,48.22522],[16.50874,48.22558],[16.50869,48.22559],[16.50869,48.22561],[16.50869,48.22562],[16.50868,48.22564],[16.50867,48.22565],[16.50865,48.22567],[16.50863,48.22568],[16.50861,48.22569],[16.50859,48.22569],[16.50856,48.22569],[16.50854,48.22569],[16.50851,48.22569],[16.50849,48.22568],[16.50847,48.22567],[16.50846,48.22565],[16.50844,48.22564],[16.50844,48.22562],[16.50843,48.22561],[16.50844,48.22559],[16.50844,48.22557],[16.50845,48.22556],[16.50848,48.22554],[16.50845,48.22552],[16.50841,48.22548],[16.50837,48.22538],[16.50817,48.22493],[16.50816,48.22489],[16.50816,48.22484],[16.50818,48.2248],[16.5082,48.22477],[16.50822,48.22474],[16.5088,48.22429],[16.50891,48.22422],[16.5088,48.22416],[16.50862,48.22409],[16.50842,48.22401],[16.50821,48.22394],[16.50805,48.22389],[16.50789,48.22385],[16.50772,48.22381],[16.50757,48.22379],[16.50736,48.22376],[16.50717,48.22373],[16.50701,48.22372],[16.50685,48.22372],[16.50663,48.22371],[16.50641,48.22372],[16.50621,48.22372],[16.50606,48.22373],[16.5059,48.22375],[16.50564,48.22378],[16.50537,48.22382],[16.50516,48.22385],[16.50491,48.2239],[16.50473,48.22394],[16.50454,48.22399],[16.50443,48.22402],[16.50411,48.22413],[16.50393,48.22419],[16.50381,48.22424],[16.50365,48.22431],[16.50336,48.22444],[16.50319,48.22453],[16.50304,48.22462],[16.50287,48.22471],[16.50263,48.22487],[16.50241,48.22502],[16.50227,48.22512],[16.50137,48.22462],[16.50077,48.22429],[16.50073,48.22427],[16.50069,48.22426],[16.50065,48.22425],[16.5006,48.22425],[16.50052,48.22425],[16.49932,48.22448],[16.49675,48.22498],[16.49629,48.22507],[16.49607,48.22512],[16.49598,48.22515],[16.49576,48.22526],[16.49566,48.2253],[16.4956,48.22532],[16.49551,48.22535],[16.4954,48.22537],[16.49474,48.2255],[16.49344,48.22575],[16.49337,48.22576],[16.49319,48.22578],[16.49312,48.22579],[16.49301,48.22581],[16.49259,48.22589],[16.49178,48.22604],[16.4917,48.22606],[16.49097,48.2262],[16.49087,48.22621],[16.49069,48.22622],[16.49005,48.22635],[16.48464,48.22736],[16.48454,48.22714],[16.48432,48.22665],[16.48343,48.22464],[16.48242,48.22235],[16.48048,48.22277],[16.48015,48.22285],[16.48003,48.22288],[16.47993,48.22291],[16.47984,48.22296],[16.47922,48.22328],[16.47913,48.22331],[16.47902,48.22336],[16.47889,48.22339],[16.47879,48.22341],[16.47868,48.22342],[16.4786,48.22342],[16.47853,48.22342],[16.47843,48.22342],[16.47832,48.2234],[16.47816,48.22337],[16.47806,48.22333],[16.47799,48.2233],[16.47766,48.22314],[16.47761,48.22305],[16.47746,48.22316],[16.47647,48.22402],[16.47636,48.22408],[16.47539,48.22281],[16.47505,48.22292],[16.47502,48.22294],[16.47501,48.22297],[16.47501,48.22301],[16.47502,48.22304],[16.47535,48.22347]]}},{"type":"Feature","properties":{"lineId":"85A","name":"85A","longName":"Hausfeldstraße - Breitenlee, Rautenweg","mode":"bus","color":"#0A295D","stops":[{"name":"Süßenbrunn","lon":16.48472,"lat":48.28506},{"name":"Stallarngasse","lon":16.48752,"lat":48.28285},{"name":"Bettelheimstraße","lon":16.49275,"lat":48.27879},{"name":"Weingartenallee","lon":16.49667,"lat":48.28252},{"name":"Süßenbrunn, Sportpark","lon":16.49928,"lat":48.28515},{"name":"Süßenbrunner Platz","lon":16.4959,"lat":48.27756},{"name":"Ginsterweg","lon":16.49911,"lat":48.25449},{"name":"Breitenlee Schule","lon":16.5016,"lat":48.2526},{"name":"Breitenlee Ort","lon":16.49802,"lat":48.25128},{"name":"Breitenlee Friedhof","lon":16.4929,"lat":48.25123},{"name":"Pichlgasse","lon":16.48836,"lat":48.25091},{"name":"Kapellergasse","lon":16.48555,"lat":48.24782},{"name":"Karl-Bednarik-Gasse","lon":16.48333,"lat":48.24575},{"name":"Badeteich Hirschstetten","lon":16.48104,"lat":48.24272},{"name":"Berresgasse","lon":16.48497,"lat":48.24144},{"name":"Zanggasse","lon":16.48415,"lat":48.23917},{"name":"Am Heidjöchl","lon":16.48775,"lat":48.23709},{"name":"Hausfeldstraße","lon":16.48713,"lat":48.23368},{"name":"Hausfeldstraße","lon":16.48736,"lat":48.23388}],"lengthKm":10.8},"geometry":{"type":"LineString","coordinates":[[16.48469,48.28504],[16.48463,48.28508],[16.48459,48.28511],[16.48454,48.28512],[16.48449,48.28513],[16.48445,48.28512],[16.48442,48.28512],[16.48439,48.2851],[16.48436,48.28508],[16.48434,48.28506],[16.48433,48.28504],[16.48433,48.28501],[16.48433,48.28498],[16.48434,48.28497],[16.48437,48.28494],[16.48441,48.28492],[16.48446,48.2849],[16.4845,48.2849],[16.48455,48.28491],[16.48461,48.28493],[16.48474,48.285],[16.48483,48.28494],[16.48492,48.28487],[16.48489,48.28477],[16.485,48.28475],[16.48511,48.28471],[16.4852,48.28467],[16.48523,48.28465],[16.48529,48.28461],[16.48566,48.28433],[16.48624,48.28389],[16.48745,48.28297],[16.48757,48.28288],[16.48775,48.28274],[16.4921,48.27942],[16.49237,48.2792],[16.49241,48.27917],[16.49242,48.27913],[16.49243,48.27909],[16.49242,48.27906],[16.49242,48.27901],[16.49249,48.27899],[16.49256,48.27897],[16.4928,48.27883],[16.49296,48.27875],[16.49306,48.27883],[16.49331,48.27907],[16.49343,48.2792],[16.49351,48.27929],[16.4944,48.28018],[16.4944,48.28017],[16.49505,48.28079],[16.49525,48.281],[16.49542,48.28118],[16.49661,48.28254],[16.4969,48.28286],[16.49703,48.28301],[16.49726,48.28329],[16.49733,48.28327],[16.4974,48.28326],[16.49747,48.28329],[16.49752,48.28333],[16.49847,48.2845],[16.49878,48.28488],[16.49895,48.2851],[16.49898,48.28513],[16.49902,48.28514],[16.49907,48.28515],[16.49914,48.28516],[16.49927,48.28518],[16.49934,48.2852],[16.49938,48.28522],[16.49946,48.28534],[16.49917,48.28542],[16.49905,48.28548],[16.4977,48.28383],[16.49737,48.28341],[16.49726,48.28329],[16.49723,48.2833],[16.49715,48.28332],[16.49709,48.28333],[16.49705,48.28333],[16.497,48.2833],[16.49696,48.28328],[16.49692,48.28325],[16.49686,48.28319],[16.49655,48.2828],[16.49641,48.28264],[16.49605,48.28223],[16.49554,48.28165],[16.49519,48.28128],[16.49493,48.28099],[16.49478,48.28083],[16.49462,48.28067],[16.49442,48.28048],[16.49406,48.28013],[16.49378,48.27987],[16.49361,48.27971],[16.49348,48.27958],[16.49343,48.27951],[16.49342,48.27946],[16.49342,48.27941],[16.49344,48.27937],[16.49346,48.27933],[16.49351,48.27929],[16.49343,48.2792],[16.49331,48.27907],[16.49306,48.27883],[16.49296,48.27875],[16.4934,48.27852],[16.49383,48.27831],[16.49443,48.27802],[16.4946,48.27795],[16.49478,48.27788],[16.49499,48.2778],[16.49512,48.27776],[16.49533,48.2777],[16.49544,48.27768],[16.49554,48.27766],[16.49583,48.27762],[16.49592,48.27761],[16.49617,48.27758],[16.49753,48.27741],[16.49784,48.27738],[16.49807,48.27736],[16.49826,48.27736],[16.49852,48.27736],[16.49879,48.27738],[16.49895,48.2774],[16.4991,48.27742],[16.4992,48.27744],[16.49944,48.2775],[16.49992,48.27763],[16.49996,48.27762],[16.50003,48.27749],[16.5002,48.27716],[16.50028,48.27698],[16.50078,48.27587],[16.50088,48.27566],[16.50106,48.27524],[16.50324,48.2709],[16.50325,48.27074],[16.50324,48.27061],[16.50322,48.2705],[16.50318,48.2704],[16.50313,48.2703],[16.50269,48.26954],[16.50259,48.26936],[16.50252,48.26922],[16.50248,48.26908],[16.50247,48.26888],[16.50249,48.26872],[16.50255,48.26856],[16.50281,48.26801],[16.50288,48.26784],[16.5029,48.26771],[16.5029,48.26759],[16.50287,48.26743],[16.50282,48.26732],[16.50276,48.2672],[16.5025,48.26679],[16.50238,48.26656],[16.50023,48.26112],[16.5002,48.261],[16.5012,48.26048],[16.50153,48.26029],[16.5018,48.26008],[16.50197,48.2599],[16.50215,48.25968],[16.50202,48.25961],[16.50173,48.2595],[16.50159,48.25942],[16.49989,48.2583],[16.49949,48.25802],[16.49937,48.25791],[16.49931,48.25784],[16.49919,48.25766],[16.49893,48.25723],[16.49782,48.25551],[16.49778,48.25543],[16.49777,48.2554],[16.49776,48.25535],[16.49773,48.25455],[16.49778,48.25455],[16.49912,48.25452],[16.5019,48.25446],[16.50192,48.25445],[16.50193,48.25443],[16.50193,48.25438],[16.50185,48.2538],[16.50184,48.25375],[16.50168,48.25259],[16.50149,48.25122],[16.50062,48.25124],[16.50028,48.25124],[16.50002,48.25123],[16.49854,48.25124],[16.49802,48.25123],[16.49771,48.25122],[16.49753,48.2512],[16.49718,48.25117],[16.49618,48.25118],[16.49477,48.25119],[16.49447,48.25118],[16.49404,48.25117],[16.49394,48.25117],[16.49386,48.25117],[16.49377,48.25117],[16.49369,48.25118],[16.49325,48.25117],[16.49313,48.25117],[16.49291,48.25116],[16.4926,48.25116],[16.49189,48.25115],[16.49147,48.25115],[16.49116,48.25116],[16.49089,48.25117],[16.4906,48.25119],[16.49029,48.2512],[16.48966,48.25126],[16.48884,48.25135],[16.48873,48.25137],[16.48877,48.2513],[16.48873,48.25124],[16.48853,48.251],[16.48851,48.25095],[16.48849,48.25091],[16.48847,48.25089],[16.48841,48.25081],[16.48762,48.24981],[16.48721,48.24928],[16.48713,48.2492],[16.487,48.24907],[16.48649,48.2486],[16.48644,48.24855],[16.48562,48.24779],[16.48523,48.24743],[16.48465,48.24687],[16.48462,48.24686],[16.48364,48.24593],[16.48344,48.24572],[16.48326,48.24553],[16.48322,48.2455],[16.48318,48.24546],[16.48303,48.2453],[16.48264,48.24492],[16.48235,48.24463],[16.48206,48.24432],[16.48176,48.244],[16.48142,48.24363],[16.48092,48.24309],[16.48073,48.24288],[16.48082,48.24284],[16.48107,48.24276],[16.48344,48.242],[16.48501,48.24149],[16.48529,48.2414],[16.48535,48.24136],[16.48521,48.2412],[16.48499,48.24095],[16.48494,48.24089],[16.48487,48.24083],[16.48481,48.24078],[16.48468,48.24071],[16.4846,48.24067],[16.48454,48.24064],[16.48445,48.24061],[16.48438,48.24059],[16.4838,48.24043],[16.48374,48.24041],[16.48371,48.24039],[16.48363,48.24034],[16.48358,48.24027],[16.48422,48.23919],[16.48444,48.23881],[16.48447,48.23876],[16.48464,48.23837],[16.48471,48.2383],[16.48474,48.23827],[16.48479,48.23824],[16.48484,48.23822],[16.48736,48.23728],[16.48778,48.23713],[16.48829,48.23694],[16.48834,48.23688],[16.48841,48.23682],[16.48846,48.23677],[16.4885,48.23672],[16.48852,48.23666],[16.48854,48.23661],[16.48855,48.23655],[16.48855,48.23649],[16.48855,48.23644],[16.48853,48.23636],[16.48848,48.23626],[16.48816,48.23556],[16.48795,48.23518],[16.4875,48.23436],[16.48731,48.23391],[16.48727,48.23384],[16.4872,48.23367],[16.4871,48.23346],[16.48707,48.2334],[16.48702,48.23334],[16.48699,48.23332],[16.48696,48.2333],[16.4869,48.23329],[16.48686,48.23328],[16.48682,48.23327],[16.48676,48.23327],[16.48668,48.23327],[16.48658,48.23327],[16.48648,48.23327],[16.48598,48.23324],[16.48588,48.23323],[16.48579,48.2332],[16.48576,48.23319],[16.4857,48.23315],[16.48566,48.23312],[16.48563,48.23308],[16.48562,48.23304],[16.48562,48.23301],[16.48562,48.23298],[16.48563,48.23294],[16.48566,48.23291],[16.48569,48.23288],[16.48574,48.23285],[16.48578,48.23283],[16.48585,48.23281],[16.4859,48.23281],[16.48597,48.23281],[16.48601,48.23281],[16.48608,48.23283],[16.48614,48.23286],[16.48694,48.23327],[16.48696,48.2333],[16.48699,48.23332],[16.48702,48.23334],[16.48707,48.2334],[16.4871,48.23346],[16.48727,48.23384],[16.48731,48.23391]]}},{"type":"Feature","properties":{"lineId":"86A","name":"86A","longName":"Stadlau - Breitenleer St./Arnikaweg","mode":"bus","color":"#0A295D","stops":[{"name":"Breitenlee, Arnikaweg","lon":16.4795,"lat":48.25139},{"name":"Korianderweg","lon":16.47518,"lat":48.24899},{"name":"Jakob-Bindel-Platz","lon":16.47234,"lat":48.24672},{"name":"Oberfeldgasse","lon":16.46889,"lat":48.24326},{"name":"Süßenbrunner Straße","lon":16.4625,"lat":48.23629},{"name":"Miriam-Makeba-Gasse","lon":16.45727,"lat":48.23094},{"name":"Genochplatz","lon":16.45589,"lat":48.22938},{"name":"Erzherzog-Karl-Straße","lon":16.45345,"lat":48.22928},{"name":"Vernholzgasse","lon":16.45202,"lat":48.22698},{"name":"Am Bahnhof","lon":16.45086,"lat":48.22378},{"name":"Stadlau","lon":16.44862,"lat":48.21895}],"lengthKm":4.8},"geometry":{"type":"LineString","coordinates":[[16.47949,48.25145],[16.48006,48.25146],[16.48006,48.25137],[16.48005,48.25134],[16.48002,48.2513],[16.47961,48.25086],[16.47936,48.25061],[16.47866,48.2499],[16.47696,48.24815],[16.47692,48.24819],[16.47598,48.2486],[16.47594,48.24863],[16.47587,48.24866],[16.4756,48.24878],[16.47557,48.24879],[16.47538,48.24884],[16.47533,48.24886],[16.47514,48.24895],[16.47495,48.24903],[16.47491,48.24906],[16.47465,48.24882],[16.47437,48.24856],[16.47379,48.24799],[16.47374,48.24794],[16.47274,48.24696],[16.47266,48.2469],[16.47254,48.24682],[16.47248,48.24677],[16.47241,48.24669],[16.47233,48.24662],[16.47227,48.24656],[16.47218,48.24649],[16.4721,48.24644],[16.47203,48.24638],[16.47153,48.24589],[16.4715,48.24585],[16.47148,48.24581],[16.47145,48.24573],[16.47143,48.24569],[16.47141,48.24566],[16.47018,48.24445],[16.4692,48.2435],[16.46915,48.24344],[16.46909,48.24335],[16.46901,48.24327],[16.46896,48.24322],[16.46886,48.24313],[16.4688,48.24308],[16.46873,48.24304],[16.46864,48.24298],[16.46859,48.24294],[16.46847,48.24282],[16.46826,48.24259],[16.46769,48.24197],[16.46694,48.24115],[16.46637,48.24053],[16.46612,48.24028],[16.46596,48.24012],[16.46586,48.24],[16.46576,48.23988],[16.46561,48.23968],[16.46511,48.23913],[16.46431,48.23824],[16.46418,48.23808],[16.46407,48.2379],[16.46395,48.23775],[16.46376,48.23753],[16.4635,48.23723],[16.4634,48.23712],[16.46319,48.23691],[16.4626,48.23625],[16.46252,48.23616],[16.46245,48.23609],[16.46237,48.23606],[16.46233,48.23604],[16.46228,48.23602],[16.46234,48.23594],[16.46235,48.23586],[16.46237,48.2357],[16.46237,48.2356],[16.46234,48.23556],[16.46163,48.23515],[16.46154,48.23511],[16.46108,48.23487],[16.46039,48.23453],[16.46006,48.23437],[16.45979,48.23422],[16.45967,48.23415],[16.45959,48.23409],[16.45949,48.23402],[16.45942,48.23397],[16.45931,48.23388],[16.45921,48.2338],[16.45905,48.23365],[16.45876,48.23332],[16.4585,48.23299],[16.45844,48.23289],[16.4584,48.23283],[16.45837,48.23276],[16.45834,48.23267],[16.45832,48.23256],[16.4583,48.23236],[16.45829,48.23225],[16.45826,48.23215],[16.45805,48.23172],[16.458,48.23164],[16.45798,48.2316],[16.45789,48.23148],[16.45771,48.23125],[16.4574,48.23089],[16.45725,48.23072],[16.456,48.22934],[16.45562,48.22892],[16.45551,48.22882],[16.45551,48.22893],[16.45549,48.22896],[16.45546,48.22898],[16.45407,48.22946],[16.45403,48.22947],[16.45399,48.22948],[16.45394,48.22948],[16.45388,48.22948],[16.45385,48.22946],[16.45381,48.22945],[16.45349,48.22925],[16.45347,48.22923],[16.45336,48.22915],[16.45332,48.22911],[16.45328,48.22908],[16.4531,48.22883],[16.45309,48.22879],[16.45309,48.22876],[16.45308,48.22874],[16.45302,48.2287],[16.45299,48.22867],[16.45295,48.22863],[16.45282,48.22846],[16.45276,48.22837],[16.45273,48.22833],[16.45243,48.22767],[16.45241,48.22764],[16.45236,48.22757],[16.45208,48.22697],[16.45201,48.22683],[16.45196,48.22671],[16.45195,48.22667],[16.45194,48.22662],[16.45194,48.22658],[16.45194,48.22654],[16.45196,48.22646],[16.45198,48.22642],[16.452,48.22638],[16.45206,48.22631],[16.45211,48.22626],[16.45285,48.22577],[16.45292,48.22571],[16.4528,48.22566],[16.45271,48.22561],[16.45257,48.22552],[16.45248,48.22546],[16.45241,48.22541],[16.45234,48.22535],[16.45225,48.22526],[16.45178,48.2247],[16.45175,48.22468],[16.45117,48.22402],[16.45094,48.22375],[16.45075,48.22352],[16.45069,48.22342],[16.45063,48.22331],[16.45022,48.22239],[16.45021,48.22233],[16.45006,48.22174],[16.44991,48.2209],[16.44985,48.22072],[16.44973,48.22049],[16.44967,48.22041],[16.4496,48.22027],[16.44954,48.22015],[16.44927,48.21962],[16.44921,48.2195],[16.44921,48.21948],[16.44909,48.21942],[16.44901,48.21936],[16.44883,48.21907],[16.44874,48.21892]]}},{"type":"Feature","properties":{"lineId":"87A","name":"87A","longName":"Stadlau - Hermann-Gebauer-Straße","mode":"bus","color":"#0A295D","stops":[{"name":"Stadlau","lon":16.44849,"lat":48.21849},{"name":"Wiedgasse","lon":16.45133,"lat":48.22132},{"name":"Langobardenstraße","lon":16.45458,"lat":48.22424},{"name":"Konstanziagasse","lon":16.45775,"lat":48.22777},{"name":"Genochplatz","lon":16.45606,"lat":48.2292},{"name":"Miriam-Makeba-Gasse","lon":16.45774,"lat":48.23112},{"name":"Süßenbrunner Straße","lon":16.46213,"lat":48.2364},{"name":"Marietta-Blau-Gasse","lon":16.45953,"lat":48.24235},{"name":"Hilde-Hannak-Gasse","lon":16.46141,"lat":48.24391},{"name":"Gewerbepark Stadlau","lon":16.46313,"lat":48.24548},{"name":"Zwerchäckerweg","lon":16.46757,"lat":48.24998},{"name":"Gewerbepark Kagran","lon":16.46931,"lat":48.25153},{"name":"Schillingstraße","lon":16.47115,"lat":48.26091},{"name":"Rudolf-Hausner-Gasse","lon":16.47364,"lat":48.26539},{"name":"Hermann-Gebauer-Straße","lon":16.47454,"lat":48.26716},{"name":"Hermann-Gebauer-Straße","lon":16.47425,"lat":48.26698}],"lengthKm":7.5},"geometry":{"type":"LineString","coordinates":[[16.44851,48.21849],[16.44839,48.21824],[16.44837,48.21819],[16.44838,48.21814],[16.44842,48.2181],[16.44846,48.21808],[16.44856,48.21805],[16.44891,48.21874],[16.44911,48.21913],[16.44914,48.21924],[16.44918,48.21938],[16.44921,48.2195],[16.44954,48.22015],[16.4496,48.22027],[16.44967,48.22041],[16.44973,48.22049],[16.44985,48.22072],[16.44991,48.2209],[16.45006,48.22174],[16.45136,48.22135],[16.45176,48.22123],[16.45183,48.22127],[16.45247,48.22199],[16.45301,48.2226],[16.45391,48.22361],[16.45452,48.22427],[16.45471,48.22448],[16.45538,48.22523],[16.45652,48.22651],[16.45702,48.22706],[16.45766,48.2278],[16.45791,48.22808],[16.45645,48.22857],[16.45614,48.22866],[16.45551,48.22882],[16.45562,48.22892],[16.45592,48.22925],[16.45725,48.23072],[16.45763,48.23117],[16.45771,48.23125],[16.45789,48.23148],[16.45798,48.2316],[16.458,48.23164],[16.45805,48.23172],[16.45826,48.23215],[16.45829,48.23225],[16.4583,48.23236],[16.45832,48.23256],[16.45834,48.23267],[16.45837,48.23276],[16.4584,48.23283],[16.45844,48.23289],[16.4585,48.23299],[16.45876,48.23332],[16.45905,48.23365],[16.45913,48.23372],[16.45931,48.23388],[16.45949,48.23402],[16.45967,48.23415],[16.45979,48.23422],[16.46006,48.23437],[16.46039,48.23453],[16.46108,48.23487],[16.46154,48.23511],[16.46163,48.23515],[16.46234,48.23556],[16.46237,48.2356],[16.46236,48.23578],[16.46235,48.23586],[16.46234,48.23594],[16.46228,48.23602],[16.46219,48.23611],[16.46204,48.23638],[16.46122,48.23781],[16.46138,48.23789],[16.46237,48.23841],[16.46256,48.2385],[16.46318,48.23875],[16.4633,48.23881],[16.46342,48.23888],[16.46354,48.23898],[16.4636,48.23904],[16.46376,48.23923],[16.46354,48.23933],[16.46083,48.24024],[16.46072,48.24028],[16.46062,48.24032],[16.46047,48.2404],[16.45988,48.24079],[16.45904,48.2414],[16.45901,48.24151],[16.45909,48.24168],[16.45936,48.24219],[16.45946,48.24236],[16.45957,48.24256],[16.46018,48.24384],[16.4602,48.24386],[16.46023,48.24388],[16.46026,48.24389],[16.46029,48.2439],[16.46033,48.24391],[16.46039,48.2439],[16.46106,48.24374],[16.46117,48.24371],[16.4612,48.24377],[16.46134,48.24393],[16.4614,48.24399],[16.4615,48.2441],[16.46163,48.24423],[16.46175,48.24434],[16.46287,48.24533],[16.46307,48.24551],[16.46434,48.24665],[16.46542,48.2477],[16.46553,48.2478],[16.46571,48.24797],[16.46588,48.24817],[16.46591,48.24815],[16.46594,48.24814],[16.46597,48.24813],[16.46605,48.24813],[16.46609,48.24814],[16.46615,48.24815],[16.46618,48.24816],[16.46621,48.24818],[16.46622,48.24819],[16.46628,48.24824],[16.46629,48.24826],[16.4663,48.24827],[16.4663,48.2483],[16.4663,48.24832],[16.46627,48.24837],[16.46624,48.2484],[16.46621,48.24842],[16.46618,48.24843],[16.46613,48.24845],[16.46609,48.24845],[16.46611,48.24852],[16.46614,48.24857],[16.46618,48.24862],[16.4663,48.24873],[16.46652,48.24893],[16.46671,48.24911],[16.46694,48.24935],[16.46709,48.24951],[16.46723,48.24968],[16.46751,48.25],[16.46772,48.25024],[16.46791,48.25042],[16.46796,48.25048],[16.46812,48.25066],[16.46825,48.25083],[16.46847,48.25113],[16.46878,48.25149],[16.46882,48.25162],[16.46901,48.2516],[16.4693,48.25161],[16.47036,48.25165],[16.47108,48.25169],[16.47136,48.25171],[16.47176,48.25173],[16.47186,48.25182],[16.47203,48.25202],[16.47252,48.25257],[16.47268,48.25276],[16.47284,48.25297],[16.47299,48.25318],[16.47327,48.25359],[16.47352,48.25394],[16.47369,48.2542],[16.47378,48.2544],[16.47395,48.25469],[16.47439,48.25548],[16.47508,48.25676],[16.47526,48.25711],[16.47544,48.25764],[16.47548,48.25786],[16.47554,48.2581],[16.47559,48.25832],[16.47563,48.25855],[16.47567,48.25876],[16.47568,48.259],[16.47563,48.25914],[16.47548,48.25924],[16.4753,48.25926],[16.47485,48.25939],[16.47424,48.25957],[16.47349,48.25977],[16.4732,48.25984],[16.47281,48.25993],[16.47205,48.2601],[16.47157,48.26019],[16.47085,48.26035],[16.47074,48.26038],[16.47107,48.26093],[16.47256,48.26346],[16.47355,48.26541],[16.47396,48.26621],[16.47446,48.26718],[16.47453,48.2673],[16.47458,48.26735],[16.4746,48.26734],[16.47462,48.26734],[16.47465,48.26734],[16.47467,48.26734],[16.4747,48.26734],[16.47472,48.26735],[16.47474,48.26736],[16.47476,48.26738],[16.47477,48.26739],[16.47478,48.26741],[16.47478,48.26743],[16.47478,48.26745],[16.47477,48.26746],[16.47476,48.26748],[16.47474,48.26749],[16.47472,48.2675],[16.4747,48.26751],[16.47467,48.26752],[16.47465,48.26752],[16.47462,48.26752],[16.4746,48.26751],[16.47457,48.2675],[16.47455,48.26749],[16.47454,48.26748],[16.47452,48.26746],[16.47451,48.26745],[16.47451,48.26743],[16.47451,48.26741],[16.47452,48.26739],[16.47453,48.26738],[16.47455,48.26736],[16.47458,48.26735],[16.47453,48.2673],[16.47447,48.2672],[16.47435,48.26696]]}},{"type":"Feature","properties":{"lineId":"88A","name":"88A","longName":"Seestadt - Eßling, Stadtgrenze","mode":"bus","color":"#0A295D","stops":[{"name":"Eßling, Stadtgrenze","lon":16.54064,"lat":48.20812},{"name":"Eßling, Stadtgrenze","lon":16.53969,"lat":48.20864},{"name":"Englisch-Feld-Gasse","lon":16.53639,"lat":48.20988},{"name":"Podlahagasse","lon":16.53339,"lat":48.21098},{"name":"Seefeldergasse","lon":16.52947,"lat":48.21288},{"name":"Eßling Schule","lon":16.52655,"lat":48.2141},{"name":"Kirschenallee","lon":16.51929,"lat":48.2146},{"name":"Lannesstraße","lon":16.51059,"lat":48.21521},{"name":"Christine-Touaillon-Straße","lon":16.5105,"lat":48.22307},{"name":"Seestadt","lon":16.50835,"lat":48.22509}],"lengthKm":4.3},"geometry":{"type":"LineString","coordinates":[[16.54068,48.20817],[16.54082,48.20812],[16.54272,48.20749],[16.54324,48.2073],[16.54336,48.20727],[16.54335,48.20726],[16.54334,48.20723],[16.54333,48.20721],[16.54334,48.20717],[16.54335,48.20715],[16.54336,48.20713],[16.54339,48.2071],[16.54342,48.20709],[16.54345,48.20707],[16.54349,48.20706],[16.54353,48.20705],[16.54357,48.20705],[16.54362,48.20706],[16.54369,48.20708],[16.54372,48.2071],[16.54375,48.20713],[16.54377,48.20716],[16.54378,48.20718],[16.54378,48.2072],[16.54378,48.20722],[16.54377,48.20725],[16.54375,48.20727],[16.54373,48.2073],[16.5437,48.20732],[16.54367,48.20733],[16.54361,48.20735],[16.54357,48.20735],[16.54353,48.20735],[16.54349,48.20735],[16.54342,48.20732],[16.54339,48.20731],[16.54337,48.20729],[16.54336,48.20727],[16.54324,48.2073],[16.54272,48.20749],[16.54082,48.20812],[16.5404,48.20827],[16.53999,48.20843],[16.53964,48.20856],[16.53732,48.20943],[16.53632,48.20981],[16.53487,48.21036],[16.5346,48.21047],[16.53368,48.21081],[16.53335,48.21093],[16.53315,48.21101],[16.53262,48.21124],[16.53211,48.21148],[16.53053,48.21224],[16.5297,48.21267],[16.52954,48.21273],[16.52939,48.2128],[16.52804,48.21345],[16.52779,48.21357],[16.52762,48.21364],[16.52715,48.21382],[16.5265,48.21404],[16.52517,48.2145],[16.52493,48.21458],[16.52477,48.21461],[16.52467,48.21462],[16.52446,48.21464],[16.52274,48.21465],[16.52224,48.21465],[16.52216,48.21465],[16.52183,48.21462],[16.52139,48.21459],[16.52105,48.21458],[16.52058,48.21457],[16.5202,48.21455],[16.51961,48.21452],[16.5193,48.21451],[16.51868,48.21448],[16.51847,48.21448],[16.51819,48.21448],[16.51739,48.21451],[16.51639,48.21455],[16.51304,48.21466],[16.51303,48.21466],[16.5104,48.21474],[16.51038,48.21483],[16.51039,48.21491],[16.5104,48.21497],[16.51042,48.21504],[16.51046,48.21512],[16.51053,48.21523],[16.51065,48.21542],[16.51069,48.2155],[16.51072,48.21556],[16.51073,48.2156],[16.51076,48.21573],[16.51078,48.21584],[16.51078,48.21591],[16.51076,48.21607],[16.51072,48.21644],[16.5107,48.21662],[16.51071,48.21684],[16.51074,48.217],[16.51078,48.21718],[16.51081,48.21726],[16.51083,48.21733],[16.51157,48.21899],[16.51255,48.22122],[16.51257,48.22127],[16.51257,48.22133],[16.51256,48.22138],[16.51255,48.22144],[16.51253,48.22148],[16.51251,48.22151],[16.51243,48.22161],[16.51239,48.22165],[16.51231,48.2217],[16.51216,48.22177],[16.512,48.22185],[16.51185,48.22194],[16.51177,48.22199],[16.51167,48.22207],[16.51144,48.22223],[16.51042,48.22303],[16.50901,48.22414],[16.50891,48.22422],[16.5088,48.22429],[16.50822,48.22474],[16.5082,48.22477],[16.50818,48.2248],[16.50816,48.22484],[16.50816,48.22489],[16.50817,48.22493],[16.50825,48.22511]]}},{"type":"Feature","properties":{"lineId":"88B","name":"88B","longName":"Seestadt - Eßling, Wegmayersiedlung","mode":"bus","color":"#0A295D","stops":[{"name":"Eßling, Wegmayersiedlung","lon":16.51503,"lat":48.20234},{"name":"Bambergergasse","lon":16.51551,"lat":48.206},{"name":"Ultzmanngasse","lon":16.51813,"lat":48.20604},{"name":"Raphael-Donner-Allee","lon":16.52295,"lat":48.20601},{"name":"Wiethestraße","lon":16.52379,"lat":48.20812},{"name":"Mühlhäufelgasse","lon":16.5265,"lat":48.20822},{"name":"Rosalia-Chladek-Gasse","lon":16.52911,"lat":48.21176},{"name":"Seefeldergasse","lon":16.52947,"lat":48.21288},{"name":"Eßling Schule","lon":16.52655,"lat":48.2141},{"name":"Kirschenallee","lon":16.51929,"lat":48.2146},{"name":"Lannesstraße","lon":16.51059,"lat":48.21521},{"name":"Christine-Touaillon-Straße","lon":16.5105,"lat":48.22307},{"name":"Seestadt","lon":16.50848,"lat":48.22537},{"name":"Seestadt","lon":16.50812,"lat":48.22509}],"lengthKm":5},"geometry":{"type":"LineString","coordinates":[[16.51499,48.20234],[16.5151,48.20326],[16.51523,48.20425],[16.51535,48.2052],[16.51546,48.206],[16.51548,48.20618],[16.51719,48.20613],[16.51814,48.20609],[16.5185,48.20608],[16.52028,48.20608],[16.52174,48.20607],[16.52295,48.20606],[16.52348,48.20605],[16.52363,48.20725],[16.52375,48.20813],[16.52378,48.20833],[16.5265,48.20825],[16.52674,48.20824],[16.52675,48.20827],[16.5268,48.20871],[16.52682,48.20877],[16.52686,48.20885],[16.52692,48.20893],[16.52745,48.20964],[16.52838,48.21086],[16.52906,48.21178],[16.52943,48.21226],[16.52967,48.21261],[16.5297,48.21267],[16.52954,48.21273],[16.52939,48.2128],[16.52804,48.21345],[16.52779,48.21357],[16.52762,48.21364],[16.52715,48.21382],[16.5265,48.21404],[16.52517,48.2145],[16.52493,48.21458],[16.52477,48.21461],[16.52467,48.21462],[16.52446,48.21464],[16.52274,48.21465],[16.52224,48.21465],[16.52216,48.21465],[16.52183,48.21462],[16.52139,48.21459],[16.52105,48.21458],[16.52058,48.21457],[16.5202,48.21455],[16.51961,48.21452],[16.5193,48.21451],[16.51868,48.21448],[16.51847,48.21448],[16.51819,48.21448],[16.51739,48.21451],[16.51639,48.21455],[16.51304,48.21466],[16.51303,48.21466],[16.5104,48.21474],[16.51038,48.21483],[16.51039,48.21491],[16.5104,48.21497],[16.51042,48.21504],[16.51046,48.21512],[16.51053,48.21523],[16.51065,48.21542],[16.51069,48.2155],[16.51072,48.21556],[16.51073,48.2156],[16.51076,48.21573],[16.51078,48.21584],[16.51078,48.21591],[16.51076,48.21607],[16.51072,48.21644],[16.5107,48.21662],[16.51071,48.21684],[16.51074,48.217],[16.51078,48.21718],[16.51081,48.21726],[16.51083,48.21733],[16.51157,48.21899],[16.51255,48.22122],[16.51257,48.22127],[16.51257,48.22133],[16.51256,48.22138],[16.51255,48.22144],[16.51253,48.22148],[16.51251,48.22151],[16.51243,48.22161],[16.51239,48.22165],[16.51231,48.2217],[16.51216,48.22177],[16.512,48.22185],[16.51185,48.22194],[16.51177,48.22199],[16.51167,48.22207],[16.51144,48.22223],[16.51042,48.22303],[16.50901,48.22414],[16.50891,48.22422],[16.5088,48.22429],[16.50822,48.22474],[16.5082,48.22477],[16.50818,48.2248],[16.50816,48.22484],[16.50816,48.22489],[16.50817,48.22493],[16.50837,48.22539],[16.50839,48.22543],[16.50841,48.22548],[16.50845,48.22552],[16.50848,48.22554],[16.50851,48.22553],[16.50854,48.22552],[16.50856,48.22552],[16.50859,48.22552],[16.50861,48.22553],[16.50863,48.22554],[16.50865,48.22555],[16.50867,48.22556],[16.50868,48.22557],[16.50869,48.22559],[16.50869,48.22561],[16.50869,48.22562],[16.50868,48.22564],[16.50867,48.22565],[16.50865,48.22567],[16.50863,48.22568],[16.50861,48.22569],[16.50859,48.22569],[16.50856,48.22569],[16.50854,48.22569],[16.50851,48.22569],[16.50849,48.22568],[16.50847,48.22567],[16.50846,48.22565],[16.50844,48.22564],[16.50844,48.22562],[16.50843,48.22561],[16.50844,48.22559],[16.50844,48.22557],[16.50845,48.22556],[16.50848,48.22554],[16.50845,48.22552],[16.50841,48.22548],[16.50837,48.22539]]}},{"type":"Feature","properties":{"lineId":"89A","name":"89A","longName":"Aspern Nord - Invalidensiedlung","mode":"bus","color":"#0A295D","stops":[{"name":"Invalidensiedlung","lon":16.53612,"lat":48.26154},{"name":"Speierlinggasse","lon":16.53615,"lat":48.25846},{"name":"Thujagasse","lon":16.53444,"lat":48.25405},{"name":"Neueßling","lon":16.53263,"lat":48.24958},{"name":"Algenweg","lon":16.53144,"lat":48.2489},{"name":"Huflattichweg","lon":16.53101,"lat":48.24727},{"name":"Daphneweg","lon":16.53029,"lat":48.24457},{"name":"Asparagusweg","lon":16.53059,"lat":48.2423},{"name":"Röbbelinggasse","lon":16.52523,"lat":48.23575},{"name":"Heringgasse","lon":16.52153,"lat":48.23426},{"name":"Strigelgasse","lon":16.51826,"lat":48.2311},{"name":"Lilly-Dillenz-Straße","lon":16.51378,"lat":48.23148},{"name":"Karoline-Perin-Gasse","lon":16.51093,"lat":48.23318},{"name":"Aspern Nord","lon":16.50582,"lat":48.234}],"lengthKm":5.6},"geometry":{"type":"LineString","coordinates":[[16.53609,48.26149],[16.53581,48.26154],[16.53541,48.26055],[16.53472,48.2588],[16.53632,48.25864],[16.53625,48.25845],[16.5345,48.25403],[16.53359,48.25172],[16.53305,48.25037],[16.53271,48.24956],[16.53266,48.24945],[16.53263,48.2494],[16.53255,48.24918],[16.53188,48.24919],[16.5316,48.2492],[16.53151,48.2489],[16.53106,48.24725],[16.53031,48.24456],[16.53026,48.24436],[16.53117,48.2442],[16.53103,48.24368],[16.53065,48.24229],[16.53064,48.24226],[16.53063,48.24222],[16.53063,48.24219],[16.53062,48.24212],[16.53051,48.2417],[16.52982,48.2392],[16.52951,48.23808],[16.52912,48.23668],[16.52898,48.23622],[16.52893,48.23609],[16.52885,48.23589],[16.52813,48.23587],[16.52524,48.23571],[16.52367,48.23562],[16.52312,48.2356],[16.52207,48.23554],[16.52157,48.23426],[16.52143,48.23393],[16.52031,48.231],[16.51927,48.23104],[16.51875,48.23105],[16.51825,48.23107],[16.51765,48.23109],[16.51757,48.2311],[16.51626,48.23117],[16.51423,48.23124],[16.51417,48.23125],[16.51412,48.23126],[16.51406,48.23127],[16.514,48.23129],[16.51396,48.2313],[16.51392,48.23132],[16.51386,48.23135],[16.51382,48.23138],[16.51372,48.23145],[16.51351,48.2316],[16.51151,48.23297],[16.5109,48.23309],[16.50977,48.23332],[16.50842,48.23357],[16.50643,48.2339],[16.50623,48.23388],[16.5048,48.23343],[16.50466,48.23343],[16.50465,48.23353],[16.50491,48.23403],[16.50582,48.23404]]}},{"type":"Feature","properties":{"lineId":"92A","name":"92A","longName":"Kaisermühlen V.I.C. - Aspern, Zachgasse Winterfahrplan","mode":"bus","color":"#0A295D","stops":[{"name":"Kaisermühlen-VIC","lon":16.41555,"lat":48.23283},{"name":"Schüttaustraße","lon":16.41713,"lat":48.23079},{"name":"Goethehof","lon":16.419,"lat":48.22942},{"name":"Schödlbergergasse","lon":16.42033,"lat":48.22844},{"name":"Schüttauplatz","lon":16.42336,"lat":48.22615},{"name":"Harrachgasse","lon":16.42529,"lat":48.22215},{"name":"Neue Donau Mitte","lon":16.42846,"lat":48.21979},{"name":"Dampfschiffhaufen","lon":16.43255,"lat":48.21687},{"name":"Donaustadtbrücke","lon":16.43978,"lat":48.21231},{"name":"Kaisermühlenstraße","lon":16.44161,"lat":48.21343},{"name":"Mühlwasserstraße","lon":16.44507,"lat":48.21428},{"name":"Franz-Pletersky-Weg","lon":16.45032,"lat":48.21328},{"name":"Kanalstraße","lon":16.45617,"lat":48.21289},{"name":"Strandbad Stadlau","lon":16.45646,"lat":48.21449},{"name":"Wohnpark Lobau","lon":16.4576,"lat":48.21768},{"name":"Hardeggasse","lon":16.45786,"lat":48.22075},{"name":"Stadlauer Friedhof","lon":16.45841,"lat":48.21978},{"name":"Ehrenpreisgasse","lon":16.46128,"lat":48.21794},{"name":"Tamariskengasse","lon":16.46512,"lat":48.21643},{"name":"Wulzendorfstraße","lon":16.46804,"lat":48.21537},{"name":"Seidelbastgasse","lon":16.4714,"lat":48.21416},{"name":"Stavangergasse","lon":16.476,"lat":48.21305},{"name":"Haßlwanderweg","lon":16.47893,"lat":48.21264},{"name":"Aspern Sportplatz","lon":16.4806,"lat":48.21352},{"name":"Asperner Heldenplatz","lon":16.48314,"lat":48.21657},{"name":"Siegesplatz","lon":16.48591,"lat":48.21744},{"name":"Zachgasse","lon":16.48718,"lat":48.2171}],"lengthKm":8.7},"geometry":{"type":"LineString","coordinates":[[16.41565,48.23276],[16.41518,48.2325],[16.41516,48.23251],[16.41514,48.23252],[16.41507,48.23254],[16.41503,48.23254],[16.41499,48.23254],[16.41495,48.23253],[16.4149,48.2325],[16.41489,48.23249],[16.41487,48.23247],[16.41486,48.23244],[16.41486,48.23242],[16.41486,48.2324],[16.41487,48.23237],[16.41488,48.23235],[16.4149,48.23234],[16.41493,48.23232],[16.41495,48.23231],[16.41498,48.2323],[16.41502,48.2323],[16.41505,48.2323],[16.41509,48.2323],[16.41514,48.23232],[16.41517,48.23234],[16.41601,48.2317],[16.41691,48.23102],[16.41705,48.23096],[16.41721,48.23085],[16.41908,48.22946],[16.42022,48.2286],[16.42039,48.22848],[16.42071,48.22825],[16.42089,48.22805],[16.42188,48.22732],[16.42341,48.22618],[16.42448,48.22539],[16.42257,48.22423],[16.42386,48.22327],[16.42518,48.22232],[16.42534,48.22218],[16.42593,48.22172],[16.42666,48.22117],[16.42672,48.22113],[16.42679,48.2211],[16.42782,48.22036],[16.42824,48.22003],[16.4283,48.21996],[16.42835,48.21993],[16.4285,48.21981],[16.42883,48.21954],[16.42911,48.21933],[16.43029,48.2185],[16.43061,48.21826],[16.43121,48.21783],[16.43211,48.2172],[16.43222,48.21715],[16.43233,48.21708],[16.43245,48.21698],[16.43256,48.21688],[16.43331,48.21633],[16.43401,48.21586],[16.43458,48.21544],[16.43474,48.21533],[16.43504,48.21511],[16.43549,48.21477],[16.43575,48.21459],[16.4366,48.21404],[16.43694,48.21386],[16.43772,48.21343],[16.43798,48.21326],[16.43811,48.2132],[16.43822,48.21316],[16.43832,48.21313],[16.43852,48.21312],[16.43876,48.21311],[16.43892,48.21308],[16.43903,48.21305],[16.4391,48.21302],[16.43918,48.21298],[16.43928,48.21292],[16.43936,48.21288],[16.43943,48.21286],[16.43951,48.21284],[16.43948,48.21275],[16.4395,48.21264],[16.43955,48.21258],[16.43958,48.21253],[16.4397,48.21242],[16.43981,48.21234],[16.44006,48.21215],[16.44011,48.21213],[16.44016,48.21212],[16.44021,48.21212],[16.44024,48.21212],[16.44027,48.21213],[16.4403,48.21214],[16.44032,48.21216],[16.44033,48.21219],[16.44033,48.21221],[16.44032,48.21223],[16.44031,48.21225],[16.44029,48.21227],[16.44013,48.21232],[16.43977,48.21248],[16.43955,48.21258],[16.4395,48.21264],[16.43948,48.21275],[16.43951,48.21284],[16.43959,48.21282],[16.43966,48.21282],[16.43974,48.21282],[16.43982,48.21283],[16.44095,48.21325],[16.44158,48.21347],[16.44419,48.21442],[16.44469,48.21461],[16.44478,48.21454],[16.44513,48.21432],[16.44516,48.2143],[16.44531,48.21423],[16.44549,48.21418],[16.44595,48.21406],[16.44605,48.21404],[16.44615,48.21403],[16.44628,48.214],[16.44648,48.21395],[16.44666,48.2139],[16.4468,48.21386],[16.44722,48.21375],[16.44741,48.21372],[16.44761,48.21368],[16.44773,48.21367],[16.44783,48.21366],[16.44791,48.21366],[16.44798,48.21366],[16.44804,48.21367],[16.44821,48.21371],[16.44833,48.21374],[16.44841,48.21375],[16.44853,48.21377],[16.4486,48.21377],[16.44874,48.21377],[16.44881,48.21377],[16.44888,48.21375],[16.44895,48.21374],[16.449,48.21372],[16.44906,48.2137],[16.44948,48.21351],[16.4496,48.21345],[16.44968,48.21342],[16.44975,48.2134],[16.44985,48.21338],[16.45033,48.21333],[16.45063,48.21329],[16.45099,48.21326],[16.45214,48.21315],[16.45312,48.21304],[16.45427,48.21292],[16.45439,48.21292],[16.45477,48.21288],[16.45499,48.21286],[16.45532,48.2128],[16.45552,48.21276],[16.45582,48.21268],[16.45605,48.21262],[16.45609,48.2129],[16.45616,48.21335],[16.45635,48.2145],[16.45637,48.2146],[16.45658,48.21519],[16.45685,48.21589],[16.45685,48.21596],[16.4571,48.21659],[16.45719,48.21678],[16.45733,48.2171],[16.45754,48.21769],[16.45777,48.21837],[16.45778,48.21841],[16.45786,48.21878],[16.45789,48.21891],[16.45795,48.21923],[16.45795,48.21926],[16.45805,48.21983],[16.45805,48.21987],[16.45816,48.22063],[16.45816,48.22066],[16.45785,48.22069],[16.45732,48.22075],[16.45727,48.22076],[16.45724,48.22079],[16.45723,48.22083],[16.45729,48.22107],[16.45732,48.22111],[16.45735,48.22114],[16.45742,48.22118],[16.45747,48.22116],[16.45811,48.22109],[16.45824,48.22108],[16.45816,48.22066],[16.45816,48.22063],[16.45805,48.21987],[16.45815,48.21987],[16.45843,48.21983],[16.45868,48.21979],[16.45876,48.21978],[16.45891,48.21975],[16.45904,48.21971],[16.45912,48.21968],[16.4592,48.21964],[16.45928,48.2196],[16.45937,48.21955],[16.45963,48.21935],[16.46038,48.21871],[16.46049,48.21863],[16.46062,48.21855],[16.46085,48.21835],[16.46115,48.21811],[16.46134,48.21799],[16.46143,48.21793],[16.46161,48.21783],[16.46187,48.2177],[16.46213,48.21759],[16.46237,48.21749],[16.46253,48.21744],[16.46516,48.21648],[16.46649,48.216],[16.46809,48.21541],[16.46828,48.21534],[16.4683,48.21533],[16.4683,48.21531],[16.46829,48.2153],[16.4683,48.21529],[16.4683,48.21527],[16.46831,48.21526],[16.46833,48.21525],[16.46836,48.21523],[16.4684,48.21523],[16.46842,48.21523],[16.46846,48.21524],[16.46848,48.21525],[16.46849,48.21526],[16.46852,48.21525],[16.47073,48.21445],[16.47119,48.21428],[16.47142,48.21421],[16.47217,48.21396],[16.47257,48.21382],[16.47275,48.21377],[16.47292,48.21373],[16.47323,48.21367],[16.47563,48.21316],[16.47573,48.21315],[16.47602,48.21311],[16.47644,48.21305],[16.47667,48.21303],[16.47867,48.21276],[16.47877,48.21273],[16.47896,48.21267],[16.47906,48.21263],[16.47932,48.21254],[16.4794,48.21269],[16.47949,48.21281],[16.47956,48.21289],[16.47963,48.21297],[16.47972,48.21306],[16.47982,48.21313],[16.48055,48.21355],[16.48162,48.21417],[16.48167,48.2142],[16.48188,48.21437],[16.48202,48.21449],[16.48209,48.21455],[16.48217,48.21464],[16.48227,48.21476],[16.48241,48.21496],[16.48249,48.21512],[16.48256,48.21527],[16.48281,48.2159],[16.48308,48.21659],[16.48317,48.21684],[16.48351,48.2176],[16.48357,48.21773],[16.4836,48.21777],[16.48363,48.2178],[16.48371,48.21787],[16.48405,48.21782],[16.48523,48.21763],[16.48594,48.21754],[16.48651,48.21746],[16.48652,48.21739],[16.48722,48.21715]]}},{"type":"Feature","properties":{"lineId":"92B","name":"92B","longName":"Kaisermühlen V.I.C. - Ölhafen VCM","mode":"bus","color":"#0A295D","stops":[{"name":"Kaisermühlen-VIC","lon":16.41555,"lat":48.23283},{"name":"Schüttaustraße","lon":16.41713,"lat":48.23079},{"name":"Goethehof","lon":16.419,"lat":48.22942},{"name":"Schödlbergergasse","lon":16.42033,"lat":48.22844},{"name":"Schüttauplatz","lon":16.42336,"lat":48.22615},{"name":"Harrachgasse","lon":16.42529,"lat":48.22215},{"name":"Neue Donau Mitte","lon":16.42846,"lat":48.21979},{"name":"Dampfschiffhaufen","lon":16.43255,"lat":48.21687},{"name":"Donaustadtbrücke","lon":16.43995,"lat":48.21219},{"name":"Kleehäufel","lon":16.44576,"lat":48.20804},{"name":"Raffineriestraße/Ostbahnbrücke","lon":16.44955,"lat":48.20507},{"name":"Kierischitzweg","lon":16.45699,"lat":48.20007},{"name":"Dampfkraftwerk","lon":16.4609,"lat":48.19743},{"name":"Steinspornbrücke","lon":16.46696,"lat":48.19331},{"name":"Frachtenbahnhof Lobau","lon":16.47538,"lat":48.18782},{"name":"Panozzalacke","lon":16.48473,"lat":48.18172},{"name":"Lobgrundstraße","lon":16.4916,"lat":48.17734},{"name":"Finsterbuschstraße Nord","lon":16.49781,"lat":48.17342},{"name":"Finsterbuschstraße Mitte","lon":16.50201,"lat":48.17079},{"name":"Finsterbuschstraße/Öllager","lon":16.50604,"lat":48.16831},{"name":"Ölhafen","lon":16.50975,"lat":48.16614}],"lengthKm":10.9},"geometry":{"type":"LineString","coordinates":[[16.41565,48.23276],[16.41518,48.2325],[16.41516,48.23251],[16.41514,48.23252],[16.41507,48.23254],[16.41503,48.23254],[16.41499,48.23254],[16.41495,48.23253],[16.4149,48.2325],[16.41489,48.23249],[16.41487,48.23247],[16.41486,48.23244],[16.41486,48.23242],[16.41486,48.2324],[16.41487,48.23237],[16.41488,48.23235],[16.4149,48.23234],[16.41493,48.23232],[16.41495,48.23231],[16.41498,48.2323],[16.41502,48.2323],[16.41505,48.2323],[16.41509,48.2323],[16.41514,48.23232],[16.41517,48.23234],[16.41601,48.2317],[16.41691,48.23102],[16.41705,48.23096],[16.41721,48.23085],[16.41908,48.22946],[16.42022,48.2286],[16.42039,48.22848],[16.42071,48.22825],[16.42089,48.22805],[16.42188,48.22732],[16.42341,48.22618],[16.42448,48.22539],[16.42257,48.22423],[16.42386,48.22327],[16.42518,48.22232],[16.42534,48.22218],[16.42593,48.22172],[16.42666,48.22117],[16.42672,48.22113],[16.42679,48.2211],[16.42782,48.22036],[16.42824,48.22003],[16.4283,48.21996],[16.42835,48.21993],[16.4285,48.21981],[16.42883,48.21954],[16.42911,48.21933],[16.43029,48.2185],[16.43061,48.21826],[16.43121,48.21783],[16.43211,48.2172],[16.43222,48.21715],[16.43233,48.21708],[16.43245,48.21698],[16.43256,48.21688],[16.43331,48.21633],[16.43401,48.21586],[16.43458,48.21544],[16.43474,48.21533],[16.43504,48.21511],[16.43549,48.21477],[16.43575,48.21459],[16.4366,48.21404],[16.43694,48.21386],[16.43772,48.21343],[16.43798,48.21326],[16.43811,48.2132],[16.43822,48.21316],[16.43832,48.21313],[16.43852,48.21312],[16.43876,48.21311],[16.43892,48.21308],[16.43903,48.21305],[16.4391,48.21302],[16.43918,48.21298],[16.43928,48.21292],[16.43936,48.21288],[16.43943,48.21286],[16.43951,48.21284],[16.43948,48.21275],[16.4395,48.21264],[16.43955,48.21258],[16.43958,48.21253],[16.4397,48.21242],[16.43998,48.21221],[16.44006,48.21215],[16.44011,48.21213],[16.44016,48.21212],[16.44021,48.21212],[16.44024,48.21212],[16.44027,48.21213],[16.4403,48.21214],[16.44032,48.21216],[16.44033,48.21219],[16.44033,48.21221],[16.44032,48.21223],[16.44031,48.21225],[16.44029,48.21227],[16.44013,48.21232],[16.43977,48.21248],[16.43955,48.21258],[16.4395,48.21264],[16.43948,48.21275],[16.43951,48.21284],[16.43959,48.21282],[16.43966,48.21282],[16.43974,48.21282],[16.43982,48.21283],[16.44095,48.21325],[16.44093,48.21316],[16.44097,48.21283],[16.44101,48.21243],[16.44104,48.21225],[16.44107,48.21213],[16.44109,48.21206],[16.4412,48.21179],[16.44124,48.21172],[16.44129,48.21162],[16.44145,48.21135],[16.44155,48.21119],[16.44159,48.21113],[16.44163,48.21108],[16.44172,48.21099],[16.44178,48.21094],[16.4419,48.21087],[16.44216,48.2107],[16.44227,48.21062],[16.44239,48.21054],[16.44253,48.21043],[16.44263,48.21034],[16.44277,48.21023],[16.44297,48.21005],[16.44333,48.20972],[16.44346,48.20961],[16.44356,48.20955],[16.44372,48.20947],[16.4444,48.20928],[16.44452,48.20921],[16.44461,48.20915],[16.44468,48.20908],[16.44481,48.20892],[16.4449,48.20877],[16.44502,48.20862],[16.44513,48.20851],[16.44544,48.20829],[16.44558,48.2082],[16.44573,48.20811],[16.44581,48.20808],[16.44601,48.208],[16.4461,48.20795],[16.44635,48.20779],[16.44668,48.20757],[16.4468,48.20748],[16.44686,48.20745],[16.447,48.20737],[16.44711,48.20733],[16.44728,48.20726],[16.44736,48.20723],[16.4474,48.20721],[16.44744,48.20718],[16.44748,48.20716],[16.44751,48.20712],[16.44753,48.20709],[16.44756,48.20703],[16.44755,48.20698],[16.44755,48.20695],[16.44753,48.2069],[16.44748,48.20683],[16.44744,48.20678],[16.44729,48.20663],[16.44846,48.20589],[16.44907,48.20547],[16.44961,48.20511],[16.45133,48.20395],[16.45704,48.2001],[16.46094,48.19746],[16.46418,48.19527],[16.4645,48.19507],[16.46552,48.19438],[16.46705,48.19336],[16.46877,48.19222],[16.47204,48.19008],[16.47542,48.18785],[16.47631,48.18726],[16.48086,48.18431],[16.4848,48.18176],[16.48932,48.17885],[16.49164,48.17737],[16.4923,48.17695],[16.49306,48.17644],[16.49368,48.17606],[16.49785,48.17345],[16.49938,48.17249],[16.50205,48.17083],[16.50495,48.16904],[16.50608,48.16834],[16.50741,48.16753],[16.50796,48.1672],[16.5094,48.16639],[16.50951,48.16632],[16.50978,48.16617]]}},{"type":"Feature","properties":{"lineId":"93A","name":"93A","longName":"Kagran - Aspernstraße","mode":"bus","color":"#0A295D","stops":[{"name":"Kagran","lon":16.43369,"lat":48.24336},{"name":"Kagraner Brücke","lon":16.43051,"lat":48.23905},{"name":"Arminenstraße","lon":16.43814,"lat":48.23552},{"name":"Steinbrechergasse","lon":16.43858,"lat":48.23373},{"name":"Benatzkygasse","lon":16.43953,"lat":48.23003},{"name":"Veitschiweg","lon":16.44045,"lat":48.22615},{"name":"Siedlung Einigkeit","lon":16.4408,"lat":48.22188},{"name":"Siedlung Sonnheim","lon":16.44083,"lat":48.22057},{"name":"Eisstoßgasse","lon":16.44084,"lat":48.21791},{"name":"Fischergrund","lon":16.44082,"lat":48.21606},{"name":"Donaustadtbrücke","lon":16.43978,"lat":48.21231},{"name":"Kaisermühlenstraße","lon":16.44161,"lat":48.21343},{"name":"Mühlwasserstraße","lon":16.44507,"lat":48.21428},{"name":"Franz-Pletersky-Weg","lon":16.45032,"lat":48.21328},{"name":"Kanalstraße","lon":16.45594,"lat":48.21245},{"name":"Zillbauerplatz","lon":16.45485,"lat":48.20854},{"name":"Schillwasserweg","lon":16.45396,"lat":48.2056},{"name":"Otto-Weber-Gasse","lon":16.45573,"lat":48.20495},{"name":"Rallenweg","lon":16.45874,"lat":48.20442},{"name":"Husarenweg","lon":16.46519,"lat":48.20244},{"name":"Naufahrtbrücke","lon":16.47008,"lat":48.19957},{"name":"Großer Biberhaufen","lon":16.47322,"lat":48.20199},{"name":"Mühlwasser","lon":16.47583,"lat":48.20409},{"name":"Brockhausengasse","lon":16.47708,"lat":48.20749},{"name":"An der Bien","lon":16.48017,"lat":48.20694},{"name":"Niedermeierweg","lon":16.48305,"lat":48.20624},{"name":"Lobaugasse","lon":16.48652,"lat":48.20543},{"name":"Danzergasse","lon":16.48842,"lat":48.20884},{"name":"In der Au","lon":16.48626,"lat":48.20934},{"name":"Plattensteinergasse","lon":16.47888,"lat":48.21129},{"name":"Aspern Sportplatz","lon":16.4806,"lat":48.21352},{"name":"Asperner Heldenplatz","lon":16.48314,"lat":48.21657},{"name":"Aspern, Oberdorfstraße","lon":16.48012,"lat":48.21784},{"name":"Haberlandtgasse","lon":16.48077,"lat":48.22035},{"name":"Aspernstraße","lon":16.47496,"lat":48.22238}],"lengthKm":13.1},"geometry":{"type":"LineString","coordinates":[[16.43382,48.24328],[16.43329,48.2429],[16.43342,48.24281],[16.43458,48.24186],[16.43464,48.24181],[16.43373,48.24127],[16.43012,48.23934],[16.43059,48.23914],[16.43167,48.23871],[16.43256,48.23835],[16.43427,48.23764],[16.43602,48.23691],[16.43758,48.23628],[16.43846,48.2359],[16.43835,48.2358],[16.43829,48.23577],[16.43826,48.23575],[16.43824,48.23573],[16.43824,48.23571],[16.43824,48.23568],[16.43825,48.23561],[16.43822,48.23556],[16.43822,48.23554],[16.43838,48.23495],[16.43868,48.23374],[16.43901,48.23238],[16.43929,48.23127],[16.43957,48.23011],[16.4396,48.23004],[16.43963,48.22991],[16.43983,48.22904],[16.44004,48.22815],[16.44035,48.22695],[16.44054,48.22615],[16.44065,48.22569],[16.44085,48.22484],[16.44086,48.22477],[16.44087,48.22456],[16.44087,48.22405],[16.44087,48.22303],[16.44088,48.22249],[16.44087,48.222],[16.44088,48.22188],[16.44089,48.22092],[16.44089,48.22057],[16.44089,48.21978],[16.4409,48.21918],[16.44092,48.21791],[16.44092,48.21775],[16.44091,48.21772],[16.44091,48.21713],[16.44093,48.21655],[16.44091,48.21606],[16.44091,48.21599],[16.44089,48.21572],[16.4409,48.21532],[16.44091,48.21521],[16.44094,48.21502],[16.44094,48.21495],[16.44095,48.2149],[16.44096,48.21484],[16.44097,48.2137],[16.44094,48.21358],[16.44095,48.21325],[16.43982,48.21283],[16.43974,48.21282],[16.43966,48.21282],[16.43959,48.21282],[16.43951,48.21284],[16.43948,48.21275],[16.4395,48.21264],[16.43955,48.21258],[16.43958,48.21253],[16.4397,48.21242],[16.43981,48.21234],[16.44006,48.21215],[16.44011,48.21213],[16.44016,48.21212],[16.44021,48.21212],[16.44024,48.21212],[16.44027,48.21213],[16.4403,48.21214],[16.44032,48.21216],[16.44033,48.21219],[16.44033,48.21221],[16.44032,48.21223],[16.44031,48.21225],[16.44029,48.21227],[16.44013,48.21232],[16.43977,48.21248],[16.43955,48.21258],[16.4395,48.21264],[16.43948,48.21275],[16.43951,48.21284],[16.43959,48.21282],[16.43966,48.21282],[16.43974,48.21282],[16.43982,48.21283],[16.44095,48.21325],[16.44158,48.21347],[16.44419,48.21442],[16.44469,48.21461],[16.44478,48.21454],[16.44513,48.21432],[16.44516,48.2143],[16.44531,48.21423],[16.44549,48.21418],[16.44595,48.21406],[16.44605,48.21404],[16.44615,48.21403],[16.44628,48.214],[16.44648,48.21395],[16.44666,48.2139],[16.4468,48.21386],[16.44722,48.21375],[16.44741,48.21372],[16.44761,48.21368],[16.44773,48.21367],[16.44783,48.21366],[16.44791,48.21366],[16.44798,48.21366],[16.44804,48.21367],[16.44821,48.21371],[16.44833,48.21374],[16.44841,48.21375],[16.44853,48.21377],[16.4486,48.21377],[16.44874,48.21377],[16.44881,48.21377],[16.44888,48.21375],[16.44895,48.21374],[16.449,48.21372],[16.44906,48.2137],[16.44948,48.21351],[16.4496,48.21345],[16.44968,48.21342],[16.44975,48.2134],[16.44985,48.21338],[16.45033,48.21333],[16.45063,48.21329],[16.45099,48.21326],[16.45214,48.21315],[16.45312,48.21304],[16.45427,48.21292],[16.45439,48.21292],[16.45477,48.21288],[16.45499,48.21286],[16.45532,48.2128],[16.45552,48.21276],[16.45582,48.21268],[16.45605,48.21262],[16.45601,48.21244],[16.45594,48.21207],[16.45593,48.21188],[16.45546,48.21039],[16.45547,48.2103],[16.45498,48.2088],[16.45498,48.20867],[16.45494,48.20853],[16.4548,48.20811],[16.45448,48.20774],[16.45443,48.20769],[16.45452,48.20763],[16.45455,48.2076],[16.45464,48.20752],[16.45455,48.20733],[16.45436,48.20674],[16.45402,48.20559],[16.45394,48.20535],[16.45461,48.20524],[16.4553,48.20509],[16.45547,48.20506],[16.45575,48.20499],[16.45581,48.20498],[16.4561,48.2049],[16.45615,48.20486],[16.45618,48.20484],[16.45634,48.20478],[16.4566,48.20469],[16.45673,48.20466],[16.45689,48.20463],[16.45711,48.2046],[16.45775,48.20456],[16.45875,48.20444],[16.459,48.20442],[16.45972,48.20435],[16.46019,48.2043],[16.46172,48.20406],[16.46273,48.20379],[16.46317,48.20362],[16.46334,48.20353],[16.46367,48.20334],[16.46436,48.2029],[16.46466,48.20276],[16.4648,48.20271],[16.46522,48.20247],[16.46651,48.20172],[16.46664,48.20162],[16.46784,48.20075],[16.46817,48.20048],[16.46839,48.20026],[16.46899,48.1994],[16.46926,48.19909],[16.46925,48.19901],[16.46933,48.19906],[16.4694,48.19911],[16.47004,48.19959],[16.4704,48.19986],[16.47097,48.20031],[16.4713,48.2006],[16.4729,48.20183],[16.47305,48.20193],[16.47315,48.20202],[16.47335,48.20219],[16.47356,48.20235],[16.47396,48.2027],[16.47525,48.20371],[16.47574,48.20407],[16.47578,48.20411],[16.47586,48.20421],[16.47591,48.20428],[16.47595,48.20434],[16.47598,48.20441],[16.476,48.20445],[16.47603,48.20457],[16.47606,48.20475],[16.47616,48.20547],[16.4762,48.20571],[16.47621,48.2058],[16.47624,48.20589],[16.47626,48.20597],[16.47629,48.20606],[16.47632,48.20614],[16.47637,48.20626],[16.47643,48.20637],[16.47664,48.20683],[16.47697,48.20751],[16.47706,48.20771],[16.47853,48.20736],[16.48018,48.20697],[16.48308,48.20629],[16.48537,48.20575],[16.48654,48.20548],[16.48713,48.20534],[16.48871,48.20865],[16.48872,48.2087],[16.4884,48.20878],[16.48623,48.20928],[16.48136,48.21042],[16.48013,48.21072],[16.47866,48.21106],[16.47878,48.21131],[16.479,48.21177],[16.479,48.21182],[16.47902,48.21188],[16.47928,48.21243],[16.47932,48.21254],[16.4794,48.21269],[16.47949,48.21281],[16.47956,48.21289],[16.47963,48.21297],[16.47972,48.21306],[16.47982,48.21313],[16.48055,48.21355],[16.48162,48.21417],[16.48167,48.2142],[16.48188,48.21437],[16.48202,48.21449],[16.48209,48.21455],[16.48217,48.21464],[16.48227,48.21476],[16.48241,48.21496],[16.48249,48.21512],[16.48256,48.21527],[16.48281,48.2159],[16.48308,48.21659],[16.48317,48.21684],[16.48174,48.21715],[16.48134,48.21723],[16.48112,48.21726],[16.47988,48.21741],[16.47987,48.21747],[16.47988,48.21754],[16.48006,48.21786],[16.4802,48.21811],[16.4803,48.21829],[16.48038,48.21841],[16.48045,48.21854],[16.48065,48.21889],[16.48111,48.21974],[16.48119,48.21984],[16.48105,48.21999],[16.481,48.22007],[16.48097,48.22009],[16.48093,48.22013],[16.48087,48.22017],[16.48071,48.22031],[16.48049,48.2205],[16.48028,48.22069],[16.48023,48.22075],[16.47903,48.22179],[16.47861,48.22217],[16.47833,48.22241],[16.47816,48.22258],[16.47801,48.22272],[16.47767,48.223],[16.47761,48.22305],[16.47746,48.22316],[16.47647,48.22402],[16.47636,48.22408],[16.47539,48.22281],[16.47503,48.22236]]}},{"type":"Feature","properties":{"lineId":"94A","name":"94A","longName":"Kagran - Stadlau","mode":"bus","color":"#0A295D","stops":[{"name":"Kagran","lon":16.43313,"lat":48.24371},{"name":"Steigenteschgasse","lon":16.43982,"lat":48.24531},{"name":"Portnergasse","lon":16.44403,"lat":48.2443},{"name":"Mergenthalerplatz","lon":16.44672,"lat":48.24333},{"name":"Freihofsiedlung","lon":16.44985,"lat":48.2426},{"name":"Kagraner Anger","lon":16.44862,"lat":48.23937},{"name":"Neukagran","lon":16.44746,"lat":48.23649},{"name":"Siebenbürgerstraße","lon":16.44658,"lat":48.23327},{"name":"Polgarstraße","lon":16.4485,"lat":48.23158},{"name":"Erzherzog-Karl-Straße","lon":16.45202,"lat":48.22965},{"name":"Smolagasse","lon":16.45133,"lat":48.22766},{"name":"Schreinerweg","lon":16.44756,"lat":48.22756},{"name":"Lange Allee","lon":16.44447,"lat":48.22689},{"name":"Deinleingasse","lon":16.44373,"lat":48.2217},{"name":"Stadlau","lon":16.44832,"lat":48.21842}],"lengthKm":5.5},"geometry":{"type":"LineString","coordinates":[[16.43318,48.24368],[16.43337,48.24382],[16.43343,48.24385],[16.43353,48.24387],[16.43359,48.2439],[16.43366,48.24393],[16.43374,48.24398],[16.43394,48.24414],[16.43405,48.24424],[16.43408,48.24427],[16.43424,48.24428],[16.4346,48.24475],[16.43515,48.24456],[16.43529,48.24451],[16.43543,48.24446],[16.43701,48.24374],[16.43724,48.24364],[16.43841,48.24481],[16.43924,48.24563],[16.43942,48.24556],[16.43964,48.24547],[16.43988,48.24538],[16.44017,48.24527],[16.44039,48.2452],[16.44053,48.24516],[16.44086,48.24507],[16.4417,48.24486],[16.44248,48.24474],[16.44299,48.24463],[16.4438,48.24442],[16.44406,48.24434],[16.44473,48.24411],[16.44595,48.24363],[16.44628,48.2435],[16.44649,48.24344],[16.44654,48.24342],[16.44658,48.24342],[16.44671,48.24341],[16.44682,48.2434],[16.44703,48.24341],[16.44722,48.24341],[16.44734,48.24339],[16.44757,48.24333],[16.44844,48.24307],[16.44886,48.24295],[16.44989,48.24264],[16.4503,48.24252],[16.45008,48.24213],[16.45,48.24199],[16.44995,48.2419],[16.44985,48.24172],[16.44963,48.24129],[16.44959,48.24119],[16.44953,48.24106],[16.44938,48.24077],[16.44919,48.2404],[16.44888,48.23976],[16.44877,48.23954],[16.44869,48.23936],[16.4486,48.23917],[16.44845,48.2388],[16.44842,48.23877],[16.44834,48.23857],[16.448,48.23774],[16.44776,48.23705],[16.44764,48.23672],[16.44756,48.23647],[16.44731,48.23574],[16.44716,48.23524],[16.44706,48.23486],[16.44706,48.2348],[16.44697,48.23446],[16.44682,48.23387],[16.44681,48.23379],[16.44668,48.23326],[16.44655,48.23269],[16.44652,48.23255],[16.44781,48.23204],[16.44861,48.2317],[16.44913,48.23148],[16.4497,48.23123],[16.45059,48.23082],[16.45049,48.23068],[16.45139,48.2302],[16.45209,48.22984],[16.45211,48.2298],[16.45212,48.22977],[16.45213,48.22973],[16.45209,48.22964],[16.45206,48.22955],[16.45206,48.2295],[16.45207,48.22947],[16.45217,48.22924],[16.45218,48.22913],[16.45217,48.22907],[16.45192,48.22851],[16.45171,48.22807],[16.4516,48.22785],[16.45156,48.2278],[16.45152,48.22776],[16.45138,48.22763],[16.45135,48.2276],[16.45128,48.22754],[16.45121,48.22749],[16.45115,48.22747],[16.45109,48.22744],[16.45094,48.22742],[16.45077,48.22752],[16.45069,48.22755],[16.45062,48.22757],[16.45054,48.22759],[16.45045,48.2276],[16.45033,48.22761],[16.45017,48.22761],[16.44756,48.22751],[16.44626,48.22745],[16.4459,48.22744],[16.44537,48.22743],[16.44451,48.22735],[16.44457,48.22717],[16.44465,48.22692],[16.4447,48.22673],[16.44478,48.2263],[16.4448,48.22611],[16.4448,48.22592],[16.44479,48.2254],[16.44418,48.22283],[16.44405,48.2223],[16.44389,48.22168],[16.44376,48.2211],[16.4437,48.22084],[16.44368,48.22068],[16.44365,48.22047],[16.44364,48.2202],[16.44364,48.22],[16.44366,48.21975],[16.44372,48.21939],[16.44379,48.2191],[16.44383,48.21896],[16.44387,48.21884],[16.44401,48.2185],[16.44406,48.2184],[16.44422,48.21838],[16.44477,48.21825],[16.44558,48.21806],[16.44682,48.21779],[16.44692,48.21778],[16.44706,48.21777],[16.44816,48.21776],[16.44824,48.21777],[16.44831,48.21779],[16.4484,48.21784],[16.44845,48.21788],[16.44849,48.21794],[16.44891,48.21874],[16.44867,48.21879],[16.44846,48.21839]]}},{"type":"Feature","properties":{"lineId":"95A","name":"95A","longName":"Großer Biberhaufen - Aspern Nord","mode":"bus","color":"#0A295D","stops":[{"name":"Aspern Nord","lon":16.50452,"lat":48.23566},{"name":"Mayredergasse","lon":16.5047,"lat":48.23809},{"name":"Fuchsenzeile","lon":16.50251,"lat":48.24018},{"name":"Podhagskygasse","lon":16.49943,"lat":48.24052},{"name":"Pfalzgasse","lon":16.49896,"lat":48.23943},{"name":"Neubreitenlee","lon":16.49191,"lat":48.24048},{"name":"Scheedgasse","lon":16.48908,"lat":48.24018},{"name":"Berresgasse","lon":16.4861,"lat":48.24114},{"name":"Prinzgasse","lon":16.48207,"lat":48.24004},{"name":"Kolletschkagasse","lon":16.47987,"lat":48.23902},{"name":"Gladiolenweg","lon":16.4785,"lat":48.23747},{"name":"Murraygasse","lon":16.47544,"lat":48.23674},{"name":"Blumengärten Hirschstetten","lon":16.47103,"lat":48.2358},{"name":"Hirschstetten Ort","lon":16.46704,"lat":48.23454},{"name":"Am Krautgarten","lon":16.46134,"lat":48.23474},{"name":"Miriam-Makeba-Gasse","lon":16.45727,"lat":48.23094},{"name":"Genochplatz","lon":16.45589,"lat":48.22938},{"name":"Erzherzog-Karl-Straße","lon":16.45345,"lat":48.22928},{"name":"Vernholzgasse","lon":16.45202,"lat":48.22698},{"name":"Langobardenstraße","lon":16.45318,"lat":48.22542},{"name":"Hardeggasse","lon":16.4589,"lat":48.22132},{"name":"Donauspital","lon":16.46529,"lat":48.2193},{"name":"Kapellenweg","lon":16.4697,"lat":48.21868},{"name":"Wulzendorfstraße","lon":16.46845,"lat":48.21559},{"name":"Orchisgasse","lon":16.46695,"lat":48.21273},{"name":"Binsenweg","lon":16.46568,"lat":48.21052},{"name":"Schierlinggrundbrücke","lon":16.46531,"lat":48.20876},{"name":"Schütthäufel","lon":16.46971,"lat":48.20834},{"name":"Ulanenweg","lon":16.4676,"lat":48.20597},{"name":"Korbweidenweg","lon":16.47012,"lat":48.20389},{"name":"Großer Biberhaufen","lon":16.47382,"lat":48.20246}],"lengthKm":10.1},"geometry":{"type":"LineString","coordinates":[[16.5045,48.23571],[16.50468,48.23576],[16.50472,48.23576],[16.50475,48.23576],[16.50479,48.23575],[16.50483,48.23573],[16.50484,48.23571],[16.50485,48.23569],[16.50485,48.23568],[16.50485,48.23566],[16.50484,48.23565],[16.50482,48.23563],[16.50481,48.23562],[16.50478,48.23561],[16.50476,48.2356],[16.50425,48.23556],[16.50418,48.23559],[16.50413,48.23559],[16.50407,48.2356],[16.50405,48.23561],[16.504,48.23563],[16.50422,48.23678],[16.50424,48.23682],[16.50444,48.23786],[16.50451,48.23793],[16.50454,48.23791],[16.50457,48.23791],[16.5046,48.23791],[16.50463,48.23791],[16.50466,48.23793],[16.50468,48.23795],[16.5047,48.23797],[16.50469,48.23799],[16.50464,48.23807],[16.50457,48.23816],[16.50448,48.23822],[16.5045,48.23833],[16.5045,48.23835],[16.50458,48.23873],[16.50477,48.23975],[16.50249,48.24015],[16.50062,48.24047],[16.50049,48.24048],[16.50032,48.2405],[16.50021,48.24052],[16.49952,48.24064],[16.4995,48.24059],[16.49947,48.24052],[16.4991,48.23966],[16.499,48.23942],[16.49893,48.23926],[16.49884,48.23924],[16.49343,48.24016],[16.49188,48.24042],[16.49157,48.24047],[16.49147,48.24032],[16.49134,48.24012],[16.49107,48.23976],[16.49095,48.23961],[16.49008,48.23992],[16.48991,48.23997],[16.48984,48.23994],[16.48972,48.23994],[16.48963,48.23994],[16.48953,48.23994],[16.48938,48.23992],[16.4893,48.2399],[16.48886,48.23982],[16.4888,48.2398],[16.48877,48.23989],[16.48867,48.24006],[16.48866,48.24009],[16.48862,48.24013],[16.48858,48.24017],[16.48854,48.2402],[16.4885,48.24023],[16.48844,48.24027],[16.48833,48.24031],[16.48813,48.24038],[16.48637,48.24098],[16.48607,48.24109],[16.48584,48.24118],[16.48535,48.24136],[16.48521,48.2412],[16.48499,48.24095],[16.48494,48.24089],[16.48487,48.24083],[16.48481,48.24078],[16.48468,48.24071],[16.4846,48.24067],[16.48454,48.24064],[16.48445,48.24061],[16.48438,48.24059],[16.4838,48.24043],[16.48374,48.24041],[16.48371,48.24039],[16.48363,48.24034],[16.48358,48.24027],[16.48341,48.24027],[16.48335,48.24028],[16.48328,48.24028],[16.48323,48.24028],[16.48317,48.24026],[16.4821,48.23998],[16.48101,48.23969],[16.48082,48.23964],[16.48073,48.23961],[16.48052,48.23952],[16.4804,48.23946],[16.48029,48.23938],[16.48023,48.23933],[16.48017,48.23927],[16.48006,48.23915],[16.47992,48.239],[16.47907,48.2381],[16.47901,48.23806],[16.47891,48.23794],[16.47889,48.2379],[16.47889,48.23786],[16.47891,48.23782],[16.47902,48.23754],[16.47911,48.23752],[16.47852,48.23742],[16.4773,48.2372],[16.47686,48.23711],[16.47663,48.23705],[16.4764,48.23699],[16.47549,48.23668],[16.47493,48.2365],[16.47433,48.23635],[16.47426,48.23633],[16.47375,48.23623],[16.47329,48.23615],[16.47301,48.2361],[16.47265,48.23604],[16.47202,48.23592],[16.47106,48.23574],[16.46944,48.23544],[16.46859,48.23528],[16.46804,48.23519],[16.46791,48.23517],[16.46785,48.23515],[16.46727,48.23486],[16.46718,48.23482],[16.46716,48.23482],[16.46719,48.23474],[16.4672,48.23472],[16.46719,48.2347],[16.46711,48.23453],[16.46706,48.23441],[16.46702,48.23435],[16.46697,48.23429],[16.46601,48.23424],[16.46427,48.23416],[16.46338,48.23411],[16.46315,48.23411],[16.46289,48.23413],[16.46275,48.23416],[16.46169,48.23444],[16.46163,48.23447],[16.46159,48.23449],[16.4613,48.23471],[16.46108,48.23487],[16.46039,48.23453],[16.46006,48.23437],[16.45979,48.23422],[16.45967,48.23415],[16.45959,48.23409],[16.45949,48.23402],[16.45942,48.23397],[16.45931,48.23388],[16.45921,48.2338],[16.45905,48.23365],[16.45876,48.23332],[16.4585,48.23299],[16.45844,48.23289],[16.4584,48.23283],[16.45837,48.23276],[16.45834,48.23267],[16.45832,48.23256],[16.4583,48.23236],[16.45829,48.23225],[16.45826,48.23215],[16.45805,48.23172],[16.458,48.23164],[16.45798,48.2316],[16.45789,48.23148],[16.45771,48.23125],[16.4574,48.23089],[16.45725,48.23072],[16.456,48.22934],[16.45562,48.22892],[16.45551,48.22882],[16.45551,48.22893],[16.45549,48.22896],[16.45546,48.22898],[16.45407,48.22946],[16.45403,48.22947],[16.45399,48.22948],[16.45394,48.22948],[16.45388,48.22948],[16.45385,48.22946],[16.45381,48.22945],[16.45349,48.22925],[16.45347,48.22923],[16.45336,48.22915],[16.45332,48.22911],[16.45328,48.22908],[16.4531,48.22883],[16.45309,48.22879],[16.45309,48.22876],[16.45308,48.22874],[16.45302,48.2287],[16.45299,48.22867],[16.45295,48.22863],[16.45282,48.22846],[16.45276,48.22837],[16.45273,48.22833],[16.45243,48.22767],[16.45241,48.22764],[16.45236,48.22757],[16.45208,48.22697],[16.45201,48.22683],[16.45196,48.22671],[16.45195,48.22667],[16.45194,48.22662],[16.45194,48.22658],[16.45194,48.22654],[16.45196,48.22646],[16.45198,48.22642],[16.452,48.22638],[16.45206,48.22631],[16.45211,48.22626],[16.45285,48.22577],[16.453,48.22564],[16.45326,48.22547],[16.45375,48.22515],[16.45423,48.22483],[16.45444,48.22466],[16.45467,48.22451],[16.45471,48.22448],[16.45474,48.22444],[16.45586,48.22361],[16.45667,48.22304],[16.4575,48.22244],[16.45849,48.22174],[16.45864,48.22161],[16.45871,48.22155],[16.45884,48.22145],[16.45897,48.22137],[16.45914,48.22127],[16.45943,48.2211],[16.45972,48.22096],[16.45993,48.22087],[16.4601,48.22081],[16.46028,48.22074],[16.46042,48.2207],[16.46128,48.22049],[16.46149,48.22044],[16.46162,48.22039],[16.46168,48.22038],[16.46176,48.22035],[16.46222,48.22023],[16.46231,48.2202],[16.46251,48.22011],[16.46298,48.2199],[16.46303,48.21989],[16.46307,48.21986],[16.46347,48.21969],[16.4636,48.21964],[16.4637,48.21961],[16.46383,48.21957],[16.464,48.21954],[16.46411,48.21952],[16.46531,48.21935],[16.46664,48.21917],[16.46803,48.21897],[16.46972,48.21875],[16.47025,48.21868],[16.46975,48.21775],[16.46855,48.21557],[16.46844,48.21537],[16.4684,48.21537],[16.46836,48.21537],[16.46834,48.21536],[16.46833,48.21535],[16.46831,48.21534],[16.4683,48.21533],[16.4683,48.21531],[16.46829,48.2153],[16.4683,48.21529],[16.4683,48.21527],[16.46831,48.21526],[16.46833,48.21525],[16.46834,48.21524],[16.46836,48.21523],[16.46795,48.21448],[16.46753,48.21369],[16.4671,48.21288],[16.46701,48.21272],[16.46678,48.21231],[16.4665,48.21179],[16.46577,48.21049],[16.46534,48.20974],[16.46517,48.20943],[16.46487,48.20887],[16.46486,48.20883],[16.46486,48.2088],[16.46487,48.20877],[16.46489,48.20871],[16.46501,48.20873],[16.46529,48.20879],[16.46591,48.20894],[16.46609,48.20898],[16.46625,48.20899],[16.46637,48.209],[16.46665,48.20901],[16.46691,48.209],[16.46717,48.20898],[16.46807,48.20893],[16.46887,48.20889],[16.4692,48.20883],[16.46999,48.20858],[16.46976,48.20833],[16.46911,48.20758],[16.46821,48.20657],[16.46766,48.20594],[16.46754,48.2058],[16.468,48.20547],[16.47016,48.20391],[16.47071,48.20351],[16.47119,48.20316],[16.47161,48.20285],[16.4729,48.20191],[16.47297,48.20188],[16.47305,48.20193],[16.47335,48.20219],[16.47356,48.20235],[16.47374,48.2025]]}},{"type":"Feature","properties":{"lineId":"95B","name":"95B","longName":"Hirschstetten Ort - Hausfeldstraße","mode":"bus","color":"#0A295D","stops":[{"name":"Hirschstetten Ort","lon":16.46704,"lat":48.23454},{"name":"Hirschstetten","lon":16.46758,"lat":48.23337},{"name":"Amongasse","lon":16.46932,"lat":48.23026},{"name":"Contiweg","lon":16.47027,"lat":48.23065},{"name":"Fritz-Feigl-Weg","lon":16.47231,"lat":48.23426},{"name":"Blumengärten Hirschstetten","lon":16.47212,"lat":48.23566},{"name":"Murraygasse","lon":16.47554,"lat":48.23662},{"name":"Gladiolenweg","lon":16.47905,"lat":48.23772},{"name":"Prinzgasse","lon":16.48223,"lat":48.23996},{"name":"Zanggasse","lon":16.48415,"lat":48.23917},{"name":"Am Heidjöchl","lon":16.48775,"lat":48.23709},{"name":"Hausfeldstraße","lon":16.48713,"lat":48.23368}],"lengthKm":3.3},"geometry":{"type":"LineString","coordinates":[[16.46711,48.23453],[16.46706,48.23441],[16.46702,48.23435],[16.46713,48.23427],[16.46717,48.23423],[16.4672,48.2342],[16.46766,48.23339],[16.4677,48.23331],[16.46782,48.23308],[16.46787,48.23299],[16.46792,48.2329],[16.46813,48.23256],[16.46825,48.23234],[16.46841,48.23205],[16.46904,48.23095],[16.4693,48.23047],[16.4694,48.23028],[16.46949,48.23012],[16.46956,48.23002],[16.46961,48.22996],[16.46965,48.23002],[16.46969,48.23004],[16.46973,48.23007],[16.46976,48.23011],[16.46984,48.23018],[16.46993,48.23029],[16.47022,48.23066],[16.47029,48.23075],[16.47109,48.23182],[16.47132,48.23213],[16.47154,48.23238],[16.4716,48.23246],[16.47163,48.23251],[16.47165,48.23256],[16.47167,48.23264],[16.47169,48.23279],[16.47164,48.23307],[16.47202,48.23308],[16.47241,48.23311],[16.47226,48.23426],[16.47211,48.23539],[16.47208,48.23565],[16.47206,48.23586],[16.47202,48.23592],[16.47265,48.23604],[16.47301,48.2361],[16.47329,48.23615],[16.47375,48.23623],[16.47433,48.23635],[16.47493,48.2365],[16.47549,48.23668],[16.4764,48.23699],[16.47663,48.23705],[16.47686,48.23711],[16.4773,48.2372],[16.47855,48.23743],[16.47911,48.23752],[16.47902,48.23754],[16.47896,48.2377],[16.47891,48.23782],[16.47889,48.23786],[16.47889,48.2379],[16.47891,48.23794],[16.47901,48.23806],[16.47907,48.2381],[16.47983,48.23891],[16.48006,48.23915],[16.48017,48.23927],[16.48023,48.23933],[16.48029,48.23938],[16.4804,48.23946],[16.48052,48.23952],[16.48073,48.23961],[16.48082,48.23964],[16.48101,48.23969],[16.4822,48.24001],[16.48317,48.24026],[16.48323,48.24028],[16.48328,48.24028],[16.48335,48.24028],[16.48341,48.24027],[16.48358,48.24027],[16.48422,48.23919],[16.48444,48.23881],[16.48447,48.23876],[16.48464,48.23837],[16.48471,48.2383],[16.48474,48.23827],[16.48479,48.23824],[16.48484,48.23822],[16.48736,48.23728],[16.48778,48.23713],[16.48829,48.23694],[16.48834,48.23688],[16.48841,48.23682],[16.48846,48.23677],[16.4885,48.23672],[16.48852,48.23666],[16.48854,48.23661],[16.48855,48.23655],[16.48855,48.23649],[16.48855,48.23644],[16.48853,48.23636],[16.48848,48.23626],[16.48816,48.23556],[16.48795,48.23518],[16.4875,48.23436],[16.48731,48.23391],[16.48727,48.23384],[16.4872,48.23367]]}},{"type":"Feature","properties":{"lineId":"96A","name":"96A","longName":"Schillwasserweg - Erzherzog-Karl-Straße","mode":"bus","color":"#0A295D","stops":[{"name":"Erzherzog-Karl-Straße","lon":16.45345,"lat":48.22928},{"name":"Vernholzgasse","lon":16.45202,"lat":48.22698},{"name":"Langobardenstraße","lon":16.45318,"lat":48.22542},{"name":"Hardeggasse","lon":16.45768,"lat":48.22108},{"name":"Sanddorngasse","lon":16.45776,"lat":48.21868},{"name":"Wohnpark Lobau","lon":16.4573,"lat":48.21729},{"name":"Strandbad Stadlau","lon":16.45621,"lat":48.21435},{"name":"Kanalstraße","lon":16.45594,"lat":48.21245},{"name":"Zillbauerplatz","lon":16.45485,"lat":48.20854},{"name":"Schillwasserweg","lon":16.45396,"lat":48.2056}],"lengthKm":3.1},"geometry":{"type":"LineString","coordinates":[[16.45349,48.22925],[16.45347,48.22923],[16.45336,48.22915],[16.45332,48.22911],[16.45328,48.22908],[16.4531,48.22883],[16.45309,48.22879],[16.45309,48.22876],[16.45308,48.22874],[16.45302,48.2287],[16.45299,48.22867],[16.45295,48.22863],[16.45282,48.22846],[16.45276,48.22837],[16.45273,48.22833],[16.45243,48.22767],[16.45241,48.22764],[16.45236,48.22757],[16.45208,48.22697],[16.45201,48.22683],[16.45196,48.22671],[16.45195,48.22667],[16.45194,48.22662],[16.45194,48.22658],[16.45194,48.22654],[16.45196,48.22646],[16.45198,48.22642],[16.452,48.22638],[16.45206,48.22631],[16.45211,48.22626],[16.45285,48.22577],[16.453,48.22564],[16.45326,48.22547],[16.45375,48.22515],[16.45423,48.22483],[16.45444,48.22466],[16.45467,48.22451],[16.45471,48.22448],[16.45474,48.22444],[16.45586,48.22361],[16.45667,48.22304],[16.4575,48.22244],[16.45849,48.22174],[16.45864,48.22161],[16.45848,48.22158],[16.4584,48.22152],[16.45834,48.22143],[16.45831,48.22138],[16.45824,48.22108],[16.45816,48.22066],[16.45732,48.22075],[16.45727,48.22076],[16.45724,48.22079],[16.45723,48.22083],[16.45729,48.22107],[16.45732,48.22111],[16.45735,48.22114],[16.45742,48.22118],[16.45747,48.22116],[16.45769,48.22114],[16.45811,48.22109],[16.45824,48.22108],[16.45816,48.22066],[16.45816,48.22063],[16.45805,48.21987],[16.45805,48.21983],[16.45795,48.21926],[16.45795,48.21923],[16.45789,48.21891],[16.45784,48.21867],[16.45778,48.21841],[16.45777,48.21837],[16.45739,48.21728],[16.45733,48.2171],[16.45719,48.21678],[16.4571,48.21659],[16.45685,48.21596],[16.45685,48.21589],[16.45658,48.21519],[16.45637,48.2146],[16.45633,48.21434],[16.45616,48.21335],[16.45605,48.21262],[16.45601,48.21244],[16.45594,48.21207],[16.45593,48.21188],[16.45546,48.21039],[16.45547,48.2103],[16.45498,48.2088],[16.45498,48.20867],[16.45494,48.20853],[16.4548,48.20811],[16.45448,48.20774],[16.45443,48.20769],[16.45452,48.20763],[16.45455,48.2076],[16.45464,48.20752],[16.45455,48.20733],[16.45436,48.20674],[16.45402,48.20559]]}},{"type":"Feature","properties":{"lineId":"97A","name":"97A","longName":"Aspernstraße - Breitenlee Schule","mode":"bus","color":"#0A295D","stops":[{"name":"Breitenlee Schule","lon":16.5016,"lat":48.2526},{"name":"Breitenlee Ort","lon":16.49802,"lat":48.25128},{"name":"Lackenjöchelgasse","lon":16.49283,"lat":48.24322},{"name":"Pfalzgasse","lon":16.49921,"lat":48.23922},{"name":"Kieslerweg","lon":16.50255,"lat":48.23865},{"name":"Mayredergasse","lon":16.5047,"lat":48.23809},{"name":"Fuchsenzeile","lon":16.50251,"lat":48.24018},{"name":"Podhagskygasse","lon":16.49943,"lat":48.24052},{"name":"Pfalzgasse","lon":16.49896,"lat":48.23943},{"name":"Neubreitenlee","lon":16.49191,"lat":48.24048},{"name":"Grete-Zimmer-Gasse","lon":16.48921,"lat":48.24228},{"name":"Berresgasse","lon":16.4861,"lat":48.24114},{"name":"Zanggasse","lon":16.48415,"lat":48.23917},{"name":"Am Heidjöchl","lon":16.48775,"lat":48.23709},{"name":"Hausfeldstraße","lon":16.48713,"lat":48.23368},{"name":"Ostbahnbegleitstraße","lon":16.48894,"lat":48.23343},{"name":"Resedaweg","lon":16.49484,"lat":48.23389},{"name":"Margeritenweg","lon":16.49426,"lat":48.23195},{"name":"Kornblumenweg","lon":16.49296,"lat":48.22908},{"name":"An den alten Schanzen","lon":16.49007,"lat":48.22639},{"name":"Reglergasse","lon":16.48759,"lat":48.22386},{"name":"Aurikelweg","lon":16.48629,"lat":48.22097},{"name":"Soldanellenweg","lon":16.48901,"lat":48.22008},{"name":"Jasmingasse","lon":16.49019,"lat":48.21874},{"name":"Lohwaggasse","lon":16.49231,"lat":48.21741},{"name":"Siegesplatz","lon":16.48542,"lat":48.21771},{"name":"Asperner Heldenplatz","lon":16.48315,"lat":48.21709},{"name":"Aspern, Oberdorfstraße","lon":16.48012,"lat":48.21784},{"name":"Haberlandtgasse","lon":16.48077,"lat":48.22035},{"name":"Aspernstraße","lon":16.4757,"lat":48.22336}],"lengthKm":11.5},"geometry":{"type":"LineString","coordinates":[[16.50168,48.25259],[16.50149,48.25122],[16.50062,48.25124],[16.50028,48.25124],[16.50002,48.25123],[16.49854,48.25124],[16.49802,48.25123],[16.49771,48.25122],[16.49762,48.25121],[16.49756,48.24909],[16.49754,48.24898],[16.4975,48.24884],[16.49746,48.24874],[16.49742,48.24865],[16.49737,48.24855],[16.49723,48.24832],[16.49712,48.24819],[16.49699,48.24804],[16.49692,48.24797],[16.49675,48.24784],[16.49575,48.24713],[16.49557,48.247],[16.49544,48.24689],[16.49532,48.24676],[16.49525,48.24669],[16.4952,48.24662],[16.49462,48.24575],[16.49436,48.24535],[16.4937,48.24434],[16.49321,48.24362],[16.49302,48.24335],[16.49291,48.24319],[16.4927,48.24287],[16.49263,48.24274],[16.49225,48.24199],[16.49165,48.24078],[16.4916,48.24065],[16.49155,48.24051],[16.49157,48.24047],[16.49207,48.24039],[16.49343,48.24016],[16.49884,48.23924],[16.49893,48.23926],[16.499,48.23929],[16.49922,48.23925],[16.50068,48.23901],[16.50179,48.23881],[16.50256,48.23868],[16.5045,48.23835],[16.5045,48.23833],[16.50448,48.23821],[16.50449,48.23814],[16.50448,48.23809],[16.50444,48.23786],[16.50451,48.23793],[16.50454,48.23791],[16.50457,48.23791],[16.5046,48.23791],[16.50463,48.23791],[16.50466,48.23793],[16.50468,48.23795],[16.5047,48.23797],[16.50469,48.23799],[16.50464,48.23807],[16.50457,48.23816],[16.50448,48.23822],[16.5045,48.23833],[16.5045,48.23835],[16.50458,48.23873],[16.50477,48.23975],[16.50249,48.24015],[16.50062,48.24047],[16.50049,48.24048],[16.50032,48.2405],[16.50021,48.24052],[16.49952,48.24064],[16.4995,48.24059],[16.49947,48.24052],[16.4991,48.23966],[16.499,48.23942],[16.49893,48.23926],[16.49884,48.23924],[16.49343,48.24016],[16.49188,48.24042],[16.49157,48.24047],[16.49155,48.24051],[16.4916,48.24065],[16.49165,48.24078],[16.49217,48.24183],[16.49205,48.24185],[16.49062,48.24199],[16.48967,48.24209],[16.48956,48.24211],[16.48918,48.24223],[16.4877,48.24271],[16.48763,48.24271],[16.48761,48.24265],[16.48637,48.24098],[16.48607,48.24109],[16.48584,48.24118],[16.48535,48.24136],[16.48521,48.2412],[16.48499,48.24095],[16.48494,48.24089],[16.48487,48.24083],[16.48481,48.24078],[16.48475,48.24075],[16.48468,48.24071],[16.4846,48.24067],[16.48454,48.24064],[16.48445,48.24061],[16.48438,48.24059],[16.4838,48.24043],[16.48374,48.24041],[16.48371,48.24039],[16.48363,48.24034],[16.48358,48.24027],[16.48422,48.23919],[16.48444,48.23881],[16.48447,48.23876],[16.48464,48.23837],[16.48471,48.2383],[16.48474,48.23827],[16.48479,48.23824],[16.48484,48.23822],[16.48736,48.23728],[16.48778,48.23713],[16.48829,48.23694],[16.48834,48.23688],[16.48841,48.23682],[16.48846,48.23677],[16.4885,48.23672],[16.48852,48.23666],[16.48854,48.23661],[16.48855,48.23655],[16.48855,48.23649],[16.48855,48.23644],[16.48853,48.23636],[16.48848,48.23626],[16.48816,48.23556],[16.48795,48.23518],[16.4875,48.23436],[16.48731,48.23391],[16.48727,48.23384],[16.4872,48.23367],[16.4871,48.23346],[16.48707,48.2334],[16.48702,48.23334],[16.48699,48.23332],[16.48696,48.2333],[16.48694,48.23327],[16.48614,48.23286],[16.48608,48.23283],[16.48615,48.23279],[16.48627,48.23275],[16.48663,48.23268],[16.48694,48.23263],[16.48707,48.23262],[16.48712,48.23262],[16.48716,48.23262],[16.48719,48.23264],[16.48722,48.23265],[16.48724,48.23267],[16.48725,48.23269],[16.4873,48.23281],[16.48733,48.23288],[16.48739,48.23292],[16.48744,48.23296],[16.48799,48.23323],[16.48807,48.23326],[16.48811,48.23327],[16.48818,48.23328],[16.48825,48.23329],[16.48836,48.23332],[16.48848,48.23335],[16.48869,48.23343],[16.48876,48.23344],[16.48892,48.23347],[16.48945,48.23355],[16.48967,48.23358],[16.48987,48.23361],[16.49029,48.23364],[16.49073,48.23368],[16.49129,48.23372],[16.49192,48.23376],[16.49301,48.23382],[16.49484,48.23392],[16.49506,48.23394],[16.49507,48.23389],[16.49509,48.23385],[16.49509,48.23383],[16.4951,48.23379],[16.49509,48.23376],[16.49508,48.23372],[16.49429,48.23194],[16.49302,48.22906],[16.4917,48.22606],[16.49097,48.2262],[16.49087,48.22621],[16.49069,48.22622],[16.49005,48.22635],[16.48884,48.22657],[16.48764,48.22385],[16.48758,48.22371],[16.48756,48.22368],[16.48751,48.22362],[16.4875,48.22359],[16.48633,48.22095],[16.48623,48.22073],[16.48717,48.22052],[16.48732,48.2205],[16.48902,48.22013],[16.49019,48.21987],[16.48973,48.21891],[16.49007,48.21883],[16.49022,48.21879],[16.49047,48.2187],[16.49202,48.21818],[16.49211,48.21815],[16.49217,48.2181],[16.49223,48.21806],[16.49267,48.21773],[16.49276,48.21767],[16.4928,48.21762],[16.4928,48.2176],[16.49281,48.21758],[16.4928,48.21756],[16.4927,48.21735],[16.4927,48.21726],[16.49255,48.21727],[16.49231,48.21729],[16.49211,48.21728],[16.49188,48.21726],[16.49176,48.21724],[16.49104,48.21707],[16.49086,48.21704],[16.49069,48.217],[16.49045,48.21696],[16.49026,48.21693],[16.49012,48.21692],[16.48999,48.21692],[16.48976,48.21692],[16.48951,48.21695],[16.48928,48.217],[16.4891,48.21703],[16.48815,48.21721],[16.488,48.21724],[16.48715,48.21737],[16.48651,48.21746],[16.48539,48.21761],[16.48523,48.21763],[16.48405,48.21782],[16.48371,48.21787],[16.48363,48.2178],[16.4836,48.21777],[16.48357,48.21773],[16.48351,48.2176],[16.48327,48.21707],[16.48317,48.21684],[16.48174,48.21715],[16.48134,48.21723],[16.48112,48.21726],[16.47988,48.21741],[16.47987,48.21747],[16.47988,48.21754],[16.48006,48.21786],[16.4802,48.21811],[16.4803,48.21829],[16.48038,48.21841],[16.48045,48.21854],[16.48065,48.21889],[16.48111,48.21974],[16.48119,48.21984],[16.48105,48.21999],[16.481,48.22007],[16.48097,48.22009],[16.48093,48.22013],[16.48087,48.22017],[16.48071,48.22031],[16.48049,48.2205],[16.48028,48.22069],[16.48023,48.22075],[16.47903,48.22179],[16.47861,48.22217],[16.47833,48.22241],[16.47816,48.22258],[16.47801,48.22272],[16.47767,48.223],[16.47761,48.22305],[16.47746,48.22316],[16.47647,48.22402],[16.47636,48.22408],[16.47578,48.22333]]}},{"type":"Feature","properties":{"lineId":"98A","name":"98A","longName":"Hirschstetten Ort - Eßling, Schippanisiedlung","mode":"bus","color":"#0A295D","stops":[{"name":"Eßling, Schippanisiedlung","lon":16.54431,"lat":48.21925},{"name":"Schoeppelgasse","lon":16.5377,"lat":48.2196},{"name":"Gernotgasse","lon":16.53279,"lat":48.21978},{"name":"Alfred-Pischof-Gasse","lon":16.52915,"lat":48.21967},{"name":"Rosenbergstraße","lon":16.52845,"lat":48.21792},{"name":"Eßling Schule","lon":16.5262,"lat":48.21444},{"name":"Kirschenallee","lon":16.51947,"lat":48.21399},{"name":"Viktor-Wittner-Gasse","lon":16.5191,"lat":48.21108},{"name":"Duchekgasse","lon":16.51878,"lat":48.20867},{"name":"Ultzmanngasse","lon":16.51813,"lat":48.20614},{"name":"Bambergergasse","lon":16.51525,"lat":48.20623},{"name":"Im Gestockert","lon":16.51146,"lat":48.20634},{"name":"Dumreichergasse","lon":16.5106,"lat":48.20731},{"name":"Arztgasse","lon":16.51054,"lat":48.20868},{"name":"Haengasse","lon":16.50711,"lat":48.2093},{"name":"Mühlau","lon":16.50361,"lat":48.2098},{"name":"Auspitzgasse","lon":16.50026,"lat":48.2103},{"name":"Heustadelgasse","lon":16.49743,"lat":48.21071},{"name":"Jägermaiszufahrt","lon":16.49584,"lat":48.21221},{"name":"Hoechlegasse","lon":16.48966,"lat":48.21364},{"name":"Heustadelgasse/Schule","lon":16.48395,"lat":48.21499},{"name":"Asperner Heldenplatz","lon":16.48314,"lat":48.21657},{"name":"Aspern, Oberdorfstraße","lon":16.48012,"lat":48.21784},{"name":"Haberlandtgasse","lon":16.48077,"lat":48.22035},{"name":"Aspernstraße","lon":16.47512,"lat":48.22259}],"lengthKm":8},"geometry":{"type":"LineString","coordinates":[[16.54427,48.21926],[16.54432,48.21937],[16.53769,48.21957],[16.53485,48.21966],[16.5328,48.21974],[16.52928,48.21985],[16.52921,48.21966],[16.529,48.21914],[16.52874,48.21844],[16.52852,48.2179],[16.52848,48.21778],[16.52843,48.21768],[16.52767,48.21576],[16.52764,48.21571],[16.52764,48.21565],[16.52759,48.21568],[16.52755,48.21569],[16.52751,48.2157],[16.52748,48.2157],[16.52744,48.21569],[16.52741,48.21569],[16.52737,48.21567],[16.52734,48.21565],[16.52732,48.21562],[16.52732,48.21558],[16.52732,48.21555],[16.52734,48.21552],[16.52737,48.21549],[16.52741,48.21547],[16.52746,48.21547],[16.52746,48.21543],[16.52744,48.21539],[16.52742,48.21536],[16.52736,48.21531],[16.5273,48.21528],[16.52726,48.21526],[16.5266,48.21508],[16.52624,48.21497],[16.52627,48.21492],[16.52631,48.2148],[16.52633,48.21472],[16.52634,48.21467],[16.52634,48.21459],[16.52632,48.2145],[16.52628,48.21442],[16.52626,48.21439],[16.52612,48.21417],[16.52517,48.2145],[16.52493,48.21458],[16.52477,48.21461],[16.52467,48.21462],[16.52446,48.21464],[16.52274,48.21465],[16.52224,48.21465],[16.52216,48.21465],[16.52183,48.21462],[16.52139,48.21459],[16.52105,48.21458],[16.52058,48.21457],[16.52018,48.21455],[16.51961,48.21452],[16.51954,48.21398],[16.51931,48.2123],[16.51916,48.21108],[16.51902,48.20993],[16.51884,48.20866],[16.51881,48.2085],[16.51867,48.20737],[16.5185,48.20608],[16.51813,48.2061],[16.51719,48.20613],[16.51525,48.20618],[16.51427,48.20621],[16.5131,48.20625],[16.51145,48.2063],[16.51053,48.20633],[16.51053,48.20731],[16.51053,48.20773],[16.5105,48.20868],[16.5105,48.20878],[16.51038,48.20878],[16.5071,48.20926],[16.50359,48.20977],[16.50343,48.2098],[16.50337,48.20981],[16.50025,48.21027],[16.49741,48.21068],[16.49718,48.21071],[16.49733,48.21181],[16.49581,48.21217],[16.49424,48.21255],[16.49415,48.21255],[16.48964,48.2136],[16.48824,48.21392],[16.48817,48.21395],[16.48393,48.21494],[16.4831,48.21513],[16.48265,48.21524],[16.48256,48.21527],[16.48281,48.2159],[16.48308,48.21659],[16.48317,48.21684],[16.48174,48.21715],[16.48134,48.21723],[16.48112,48.21726],[16.47988,48.21741],[16.47987,48.21747],[16.47988,48.21754],[16.48006,48.21786],[16.4802,48.21811],[16.4803,48.21829],[16.48038,48.21841],[16.48045,48.21854],[16.48065,48.21889],[16.48111,48.21974],[16.48119,48.21984],[16.48105,48.21999],[16.481,48.22007],[16.48097,48.22009],[16.48093,48.22013],[16.48087,48.22017],[16.48071,48.22031],[16.48049,48.2205],[16.48028,48.22069],[16.48023,48.22075],[16.47903,48.22179],[16.47861,48.22217],[16.47833,48.22241],[16.47816,48.22258],[16.47801,48.22272],[16.47767,48.223],[16.47761,48.22305],[16.47746,48.22316],[16.47647,48.22402],[16.47636,48.22408],[16.47539,48.22281],[16.47519,48.22256]]}},{"type":"Feature","properties":{"lineId":"99A","name":"99A","longName":"Aspern Nord - Eßling Schule","mode":"bus","color":"#0A295D","stops":[{"name":"Aspern Nord","lon":16.50529,"lat":48.23399},{"name":"Karoline-Perin-Gasse","lon":16.51047,"lat":48.23312},{"name":"Lilly-Dillenz-Straße","lon":16.51319,"lat":48.23178},{"name":"Strigelgasse","lon":16.51814,"lat":48.23103},{"name":"Lehenstraße","lon":16.52246,"lat":48.2309},{"name":"Memlinggasse","lon":16.52166,"lat":48.2284},{"name":"Himmelteich","lon":16.52057,"lat":48.22558},{"name":"Wehrbrücklstraße","lon":16.53169,"lat":48.22479},{"name":"Niklas-Eslarn-Straße","lon":16.53484,"lat":48.22455},{"name":"Dörmanngasse","lon":16.53407,"lat":48.22266},{"name":"Gernotgasse","lon":16.53305,"lat":48.22003},{"name":"Eßling Friedhof","lon":16.53131,"lat":48.21629},{"name":"Simonsgasse","lon":16.52783,"lat":48.21574},{"name":"Eßling Schule","lon":16.5262,"lat":48.21444}],"lengthKm":4.6},"geometry":{"type":"LineString","coordinates":[[16.50529,48.23403],[16.50597,48.23404],[16.50611,48.23403],[16.50619,48.23398],[16.50623,48.23388],[16.50643,48.2339],[16.50842,48.23357],[16.50977,48.23332],[16.51049,48.23317],[16.51151,48.23297],[16.51323,48.2318],[16.51351,48.2316],[16.51382,48.23138],[16.51386,48.23135],[16.51392,48.23132],[16.514,48.23129],[16.51406,48.23127],[16.51412,48.23126],[16.51417,48.23125],[16.51423,48.23124],[16.51429,48.23124],[16.51626,48.23117],[16.51757,48.2311],[16.51765,48.23109],[16.51814,48.23107],[16.51875,48.23105],[16.51927,48.23104],[16.52031,48.231],[16.52185,48.23095],[16.52246,48.23093],[16.52271,48.23092],[16.52207,48.22924],[16.52174,48.22839],[16.52064,48.22556],[16.52054,48.22531],[16.52051,48.22518],[16.52451,48.22506],[16.52451,48.22504],[16.52452,48.22502],[16.52453,48.22501],[16.52454,48.225],[16.52456,48.22499],[16.52458,48.22498],[16.5246,48.22497],[16.52463,48.22497],[16.52465,48.22497],[16.52467,48.22498],[16.5247,48.22499],[16.52471,48.225],[16.52473,48.22501],[16.52474,48.22502],[16.52475,48.22504],[16.52475,48.22505],[16.53168,48.22482],[16.53496,48.22472],[16.5349,48.22454],[16.53415,48.22265],[16.53362,48.2213],[16.53325,48.22037],[16.53312,48.22002],[16.53301,48.21973],[16.53273,48.21902],[16.53247,48.21832],[16.53219,48.21763],[16.53165,48.21626],[16.53133,48.21624],[16.52933,48.21611],[16.52924,48.2161],[16.52913,48.21607],[16.52816,48.21577],[16.52786,48.21569],[16.52776,48.21566],[16.5277,48.21565],[16.52764,48.21565],[16.52759,48.21568],[16.52755,48.21569],[16.52751,48.2157],[16.52748,48.2157],[16.52744,48.21569],[16.52741,48.21569],[16.52737,48.21567],[16.52734,48.21565],[16.52732,48.21562],[16.52732,48.21558],[16.52732,48.21555],[16.52734,48.21552],[16.52737,48.21549],[16.52741,48.21547],[16.52746,48.21547],[16.52746,48.21543],[16.52744,48.21539],[16.52742,48.21536],[16.52736,48.21531],[16.5273,48.21528],[16.52726,48.21526],[16.5266,48.21508],[16.52624,48.21497],[16.52627,48.21492],[16.52631,48.2148],[16.52633,48.21472],[16.52634,48.21467],[16.52634,48.21459],[16.52632,48.2145],[16.52628,48.21442]]}},{"type":"Feature","properties":{"lineId":"99B","name":"99B","longName":"Aspern Nord - Eßling Schule","mode":"bus","color":"#0A295D","stops":[{"name":"Aspern Nord","lon":16.50529,"lat":48.23399},{"name":"Karoline-Perin-Gasse","lon":16.51047,"lat":48.23312},{"name":"Lilly-Dillenz-Straße","lon":16.51319,"lat":48.23178},{"name":"Strigelgasse","lon":16.51814,"lat":48.23103},{"name":"Lehenstraße","lon":16.52246,"lat":48.2309},{"name":"Krautackergasse","lon":16.53364,"lat":48.23054},{"name":"Teiläckergasse","lon":16.5387,"lat":48.23338},{"name":"Hänischgasse","lon":16.5429,"lat":48.2319},{"name":"Wolfgang-Mühlwanger-Straße","lon":16.53698,"lat":48.23008},{"name":"Zifferergasse","lon":16.53584,"lat":48.22718},{"name":"Niklas-Eslarn-Straße","lon":16.53484,"lat":48.22455},{"name":"Dörmanngasse","lon":16.53407,"lat":48.22266},{"name":"Gernotgasse","lon":16.53305,"lat":48.22003},{"name":"Eßling Friedhof","lon":16.53131,"lat":48.21629},{"name":"Simonsgasse","lon":16.52783,"lat":48.21574},{"name":"Eßling Schule","lon":16.5262,"lat":48.21444}],"lengthKm":6.1},"geometry":{"type":"LineString","coordinates":[[16.50529,48.23403],[16.50597,48.23404],[16.50611,48.23403],[16.50619,48.23398],[16.50623,48.23388],[16.50643,48.2339],[16.50842,48.23357],[16.50977,48.23332],[16.51049,48.23317],[16.51151,48.23297],[16.51323,48.2318],[16.51351,48.2316],[16.51382,48.23138],[16.51386,48.23135],[16.51392,48.23132],[16.514,48.23129],[16.51406,48.23127],[16.51412,48.23126],[16.51417,48.23125],[16.51423,48.23124],[16.51429,48.23124],[16.51626,48.23117],[16.51757,48.2311],[16.51765,48.23109],[16.51814,48.23107],[16.51875,48.23105],[16.51927,48.23104],[16.52031,48.231],[16.52185,48.23095],[16.52246,48.23093],[16.52271,48.23092],[16.52356,48.2309],[16.52685,48.2308],[16.53363,48.23058],[16.53471,48.23055],[16.5372,48.23047],[16.53836,48.23345],[16.5387,48.23344],[16.54095,48.23336],[16.54349,48.23328],[16.54295,48.23189],[16.54233,48.2303],[16.5372,48.23047],[16.53704,48.23007],[16.53661,48.22895],[16.53591,48.22717],[16.53555,48.22628],[16.53523,48.22543],[16.53496,48.22472],[16.5349,48.22454],[16.53415,48.22265],[16.53362,48.2213],[16.53325,48.22037],[16.53312,48.22002],[16.53301,48.21973],[16.53273,48.21902],[16.53247,48.21832],[16.53219,48.21763],[16.53165,48.21626],[16.53133,48.21624],[16.52933,48.21611],[16.52924,48.2161],[16.52913,48.21607],[16.52816,48.21577],[16.52786,48.21569],[16.52776,48.21566],[16.5277,48.21565],[16.52764,48.21565],[16.52759,48.21568],[16.52755,48.21569],[16.52751,48.2157],[16.52748,48.2157],[16.52744,48.21569],[16.52741,48.21569],[16.52737,48.21567],[16.52734,48.21565],[16.52732,48.21562],[16.52732,48.21558],[16.52732,48.21555],[16.52734,48.21552],[16.52737,48.21549],[16.52741,48.21547],[16.52746,48.21547],[16.52746,48.21543],[16.52744,48.21539],[16.52742,48.21536],[16.52736,48.21531],[16.5273,48.21528],[16.52726,48.21526],[16.5266,48.21508],[16.52624,48.21497],[16.52627,48.21492],[16.52631,48.2148],[16.52633,48.21472],[16.52634,48.21467],[16.52634,48.21459],[16.52632,48.2145],[16.52628,48.21442]]}},{"type":"Feature","properties":{"lineId":"N6","name":"N6","longName":"Westbahnhof - Enkplatz, Grillgasse","mode":"bus","color":"#0A295D","stops":[{"name":"Westbahnhof","lon":16.33829,"lat":48.19747},{"name":"Gumpendorfer Straße","lon":16.33726,"lat":48.19001},{"name":"Sechshauser Gürtel","lon":16.33804,"lat":48.18891},{"name":"Gaudenzdorfer Gürtel","lon":16.34279,"lat":48.18685},{"name":"Arbeitergasse/Gürtel","lon":16.34561,"lat":48.18362},{"name":"Eichenstraße","lon":16.34767,"lat":48.1812},{"name":"Matzleinsdorfer Platz","lon":16.35716,"lat":48.18008},{"name":"Matzleinsdorfer Platz","lon":16.35811,"lat":48.17881},{"name":"Bernhardtstalgasse","lon":16.36164,"lat":48.1764},{"name":"Neilreichgasse","lon":16.36518,"lat":48.17616},{"name":"Quellenplatz","lon":16.37301,"lat":48.17563},{"name":"Reumannplatz","lon":16.37719,"lat":48.17534},{"name":"Gellertplatz","lon":16.38199,"lat":48.17502},{"name":"Schrankenberggasse","lon":16.3892,"lat":48.17381},{"name":"Absberggasse","lon":16.39047,"lat":48.17562},{"name":"Geiereckstraße","lon":16.39972,"lat":48.175},{"name":"Geiselbergstraße","lon":16.4061,"lat":48.17468},{"name":"Polkorabplatz","lon":16.41314,"lat":48.17444},{"name":"Enkplatz","lon":16.41598,"lat":48.17394}],"lengthKm":9.9},"geometry":{"type":"LineString","coordinates":[[16.33838,48.19748],[16.33876,48.19649],[16.33905,48.19568],[16.33919,48.1953],[16.33923,48.19516],[16.33925,48.19506],[16.33925,48.19495],[16.33922,48.19485],[16.33918,48.19477],[16.33906,48.19453],[16.33866,48.19382],[16.33843,48.19341],[16.33824,48.19309],[16.33803,48.19269],[16.33773,48.19218],[16.33748,48.19174],[16.33717,48.19113],[16.33723,48.19058],[16.33729,48.19026],[16.3373,48.19015],[16.33735,48.19003],[16.3375,48.18969],[16.33756,48.18957],[16.33762,48.18946],[16.33766,48.1894],[16.3377,48.18934],[16.33784,48.18919],[16.3379,48.18913],[16.338,48.18905],[16.33811,48.18896],[16.33819,48.18891],[16.33886,48.18849],[16.33918,48.18805],[16.33925,48.18797],[16.33933,48.18788],[16.33943,48.18779],[16.33951,48.18775],[16.33959,48.18771],[16.33972,48.18767],[16.33981,48.18765],[16.33989,48.18764],[16.33996,48.18763],[16.34005,48.18762],[16.34019,48.18762],[16.34025,48.18762],[16.34034,48.18764],[16.34042,48.18765],[16.3413,48.18793],[16.34139,48.18795],[16.34146,48.18796],[16.34154,48.18797],[16.34167,48.18797],[16.34177,48.18796],[16.34179,48.18795],[16.34185,48.18793],[16.3419,48.18791],[16.34196,48.18788],[16.34203,48.18783],[16.3421,48.18776],[16.34285,48.18688],[16.34341,48.18624],[16.34404,48.18551],[16.34566,48.18364],[16.34616,48.18307],[16.3476,48.18144],[16.34766,48.18136],[16.34776,48.18124],[16.34809,48.18086],[16.34816,48.18079],[16.34835,48.18063],[16.34858,48.18049],[16.34865,48.18045],[16.34873,48.18041],[16.34891,48.18032],[16.3492,48.18022],[16.3496,48.18009],[16.35275,48.17986],[16.35355,48.17982],[16.35384,48.17982],[16.35422,48.17982],[16.35438,48.1798],[16.35499,48.17982],[16.35552,48.17986],[16.35603,48.17992],[16.3566,48.18001],[16.35688,48.18008],[16.35712,48.18014],[16.35723,48.18017],[16.35873,48.18064],[16.35896,48.18085],[16.35912,48.18066],[16.35941,48.18027],[16.35955,48.18014],[16.35938,48.17986],[16.3592,48.17965],[16.35901,48.17946],[16.35856,48.17906],[16.35827,48.17875],[16.35766,48.17809],[16.35732,48.17774],[16.35813,48.17738],[16.35996,48.17658],[16.36003,48.17656],[16.3601,48.17655],[16.36165,48.17644],[16.36362,48.1763],[16.36518,48.17619],[16.36562,48.17616],[16.36635,48.17614],[16.36808,48.17601],[16.36989,48.17588],[16.37077,48.17581],[16.37205,48.17573],[16.373,48.17567],[16.37404,48.17559],[16.37484,48.17553],[16.37555,48.17549],[16.37635,48.17544],[16.37634,48.1754],[16.37613,48.17391],[16.37593,48.17321],[16.37255,48.17343],[16.37286,48.17413],[16.37324,48.175],[16.37339,48.17533],[16.3735,48.17563],[16.37359,48.176],[16.37364,48.17664],[16.37367,48.17726],[16.37375,48.17835],[16.37574,48.17813],[16.37665,48.17804],[16.3768,48.17802],[16.37802,48.17794],[16.38036,48.17778],[16.38051,48.17781],[16.38047,48.17773],[16.38032,48.17679],[16.38021,48.17618],[16.38006,48.17519],[16.38139,48.1751],[16.382,48.17505],[16.38239,48.17502],[16.38238,48.17499],[16.38238,48.17496],[16.38239,48.17494],[16.38241,48.17491],[16.38244,48.17488],[16.38248,48.17485],[16.38251,48.17483],[16.38255,48.17481],[16.38259,48.1748],[16.38264,48.17479],[16.38268,48.17479],[16.38272,48.17479],[16.38275,48.1748],[16.38282,48.17481],[16.38289,48.17484],[16.38293,48.17486],[16.38296,48.17488],[16.38297,48.1749],[16.38299,48.17492],[16.383,48.17495],[16.38689,48.17428],[16.38922,48.17388],[16.38982,48.17377],[16.39048,48.17562],[16.39054,48.1758],[16.39063,48.17602],[16.3942,48.17546],[16.39429,48.17545],[16.39439,48.17544],[16.3945,48.17544],[16.3947,48.17544],[16.39559,48.17547],[16.39569,48.17548],[16.39583,48.17547],[16.39653,48.1754],[16.39665,48.17539],[16.39677,48.17537],[16.39688,48.17534],[16.39742,48.17517],[16.3975,48.17516],[16.39831,48.17509],[16.39855,48.17508],[16.39902,48.17507],[16.39972,48.17503],[16.40311,48.17484],[16.40407,48.1748],[16.4061,48.17472],[16.40662,48.1747],[16.40714,48.17468],[16.40739,48.17467],[16.40976,48.1746],[16.41177,48.17453],[16.41314,48.17447],[16.41341,48.17446],[16.41378,48.17449],[16.41451,48.1738],[16.415,48.17334],[16.41594,48.17397]]}},{"type":"Feature","properties":{"lineId":"N8","name":"N8","longName":"Handelskai - Alterlaa","mode":"bus","color":"#0A295D","stops":[{"name":"Alterlaa","lon":16.3171,"lat":48.15055},{"name":"Steinsee","lon":16.3206,"lat":48.15239},{"name":"Jungnickelweg","lon":16.31941,"lat":48.15673},{"name":"Sagedergasse","lon":16.31816,"lat":48.16097},{"name":"Altmannsdorfer Straße","lon":16.31684,"lat":48.16541},{"name":"Sonnergasse","lon":16.31901,"lat":48.16753},{"name":"Wienerbergbrücke","lon":16.32691,"lat":48.17216},{"name":"Meidling, Schedifkaplatz","lon":16.32974,"lat":48.17308},{"name":"Meidling","lon":16.33185,"lat":48.17507},{"name":"Dörfelstraße","lon":16.33479,"lat":48.17684},{"name":"Flurschützstraße","lon":16.33966,"lat":48.17922},{"name":"Hans-Mandl-Berufsschule","lon":16.33903,"lat":48.1811},{"name":"Längenfeldgasse","lon":16.33545,"lat":48.18527},{"name":"Stiegergasse","lon":16.33379,"lat":48.1881},{"name":"Fünfhausgasse","lon":16.33541,"lat":48.18898},{"name":"Gumpendorfer Straße","lon":16.33811,"lat":48.19122},{"name":"Westbahnhof","lon":16.33972,"lat":48.19681},{"name":"Urban-Loritz-Platz","lon":16.33801,"lat":48.20136},{"name":"Thaliastraße","lon":16.33904,"lat":48.20868},{"name":"Josefstädter Straße","lon":16.33968,"lat":48.21129},{"name":"Alser Straße","lon":16.34216,"lat":48.21653},{"name":"Michelbeuern-AKH","lon":16.34373,"lat":48.22011},{"name":"Währinger Straße-Volksoper","lon":16.34972,"lat":48.22425},{"name":"Nußdorfer Straße","lon":16.35381,"lat":48.23148},{"name":"Liechtenwerder Platz","lon":16.35546,"lat":48.23233},{"name":"Gürtelbrücke","lon":16.36559,"lat":48.23733},{"name":"Dietmayrgasse","lon":16.36876,"lat":48.23917},{"name":"Lorenz-Müller-Gasse","lon":16.37382,"lat":48.24195},{"name":"Friedrich-Engels-Platz","lon":16.38026,"lat":48.24401},{"name":"Handelskai","lon":16.38379,"lat":48.24106}],"lengthKm":14.1},"geometry":{"type":"LineString","coordinates":[[16.31716,48.15054],[16.31714,48.15019],[16.31714,48.15016],[16.31716,48.15013],[16.31721,48.1501],[16.31726,48.15009],[16.31729,48.15009],[16.31731,48.15009],[16.31734,48.1501],[16.31737,48.1501],[16.31738,48.15011],[16.31741,48.15014],[16.31742,48.15015],[16.31743,48.15018],[16.31748,48.15109],[16.31727,48.15114],[16.31754,48.1512],[16.31811,48.15134],[16.32035,48.15194],[16.32053,48.15198],[16.32042,48.15237],[16.31995,48.15399],[16.31987,48.1543],[16.31953,48.15546],[16.31937,48.15603],[16.31916,48.1567],[16.31883,48.15787],[16.31877,48.15805],[16.31845,48.15915],[16.31793,48.16094],[16.31776,48.16153],[16.31746,48.16269],[16.31714,48.16383],[16.31668,48.16539],[16.31662,48.16561],[16.31724,48.16611],[16.31764,48.16644],[16.31799,48.16675],[16.31891,48.16758],[16.31918,48.16782],[16.3199,48.16848],[16.3204,48.16897],[16.32096,48.16954],[16.32109,48.16966],[16.32124,48.16979],[16.32138,48.1699],[16.32157,48.17004],[16.32172,48.17015],[16.32194,48.17028],[16.32207,48.17036],[16.32293,48.17084],[16.32357,48.17118],[16.32402,48.17141],[16.32426,48.17152],[16.3247,48.17169],[16.32501,48.17179],[16.3253,48.17187],[16.32535,48.17189],[16.32573,48.17196],[16.32611,48.17203],[16.32636,48.17208],[16.32667,48.17213],[16.32689,48.17218],[16.32766,48.17235],[16.32785,48.1724],[16.3282,48.17252],[16.32965,48.17315],[16.3298,48.17323],[16.32986,48.17328],[16.32991,48.17334],[16.32996,48.17344],[16.32993,48.17352],[16.32982,48.17402],[16.32982,48.17417],[16.33057,48.17438],[16.33094,48.17445],[16.33176,48.17462],[16.33168,48.17472],[16.33162,48.17488],[16.33161,48.17492],[16.33163,48.17498],[16.33168,48.17503],[16.33179,48.1751],[16.33252,48.17552],[16.33428,48.17662],[16.33473,48.17689],[16.335,48.17706],[16.33702,48.17832],[16.33772,48.17873],[16.33965,48.17925],[16.34007,48.17937],[16.33956,48.18037],[16.33932,48.1807],[16.33898,48.18108],[16.33859,48.18152],[16.3379,48.18234],[16.33579,48.18476],[16.33533,48.18521],[16.33526,48.18528],[16.33513,48.18542],[16.33508,48.18553],[16.3343,48.18633],[16.33378,48.18715],[16.33375,48.18721],[16.33375,48.18725],[16.33341,48.1878],[16.33325,48.18808],[16.33358,48.18813],[16.33375,48.18818],[16.33402,48.18825],[16.3342,48.18831],[16.33436,48.18839],[16.33463,48.18854],[16.33485,48.18867],[16.33537,48.189],[16.3355,48.18909],[16.33556,48.18914],[16.33664,48.18984],[16.3367,48.18988],[16.33729,48.19026],[16.338,48.1906],[16.338,48.19063],[16.33802,48.19095],[16.33803,48.19114],[16.33803,48.19119],[16.33803,48.19122],[16.33804,48.19129],[16.33807,48.19136],[16.33811,48.19144],[16.3382,48.19162],[16.33877,48.19262],[16.33894,48.19291],[16.33934,48.1936],[16.3398,48.19445],[16.33984,48.19457],[16.33996,48.19498],[16.33999,48.19513],[16.34001,48.19523],[16.34003,48.19544],[16.33992,48.19594],[16.33961,48.1968],[16.33904,48.19839],[16.33836,48.20013],[16.33805,48.20092],[16.33795,48.2012],[16.33791,48.20135],[16.33784,48.20164],[16.33776,48.20212],[16.33768,48.20269],[16.33754,48.20421],[16.33742,48.20551],[16.33737,48.20615],[16.33814,48.20731],[16.33891,48.20851],[16.33897,48.20869],[16.33928,48.20954],[16.3393,48.20963],[16.33933,48.20975],[16.33936,48.20991],[16.3394,48.21022],[16.33956,48.21109],[16.33959,48.2113],[16.33972,48.21199],[16.33987,48.21243],[16.34078,48.21413],[16.34133,48.21518],[16.34208,48.21655],[16.34243,48.21722],[16.34356,48.21998],[16.34362,48.22012],[16.34366,48.2202],[16.3438,48.22044],[16.34392,48.22061],[16.34399,48.2207],[16.34416,48.22087],[16.34435,48.22104],[16.34446,48.22113],[16.34467,48.2213],[16.34502,48.22153],[16.3453,48.22169],[16.34552,48.2218],[16.34572,48.22189],[16.34588,48.22196],[16.34607,48.22204],[16.34618,48.22208],[16.34645,48.22216],[16.34774,48.22251],[16.34797,48.22257],[16.34809,48.22261],[16.3482,48.22266],[16.34833,48.22272],[16.34841,48.22276],[16.34855,48.22284],[16.34865,48.22292],[16.34875,48.223],[16.34933,48.22349],[16.34938,48.22354],[16.34945,48.22362],[16.34947,48.22369],[16.34951,48.2238],[16.34961,48.22426],[16.34966,48.22446],[16.34967,48.22456],[16.34978,48.22508],[16.3499,48.22552],[16.35,48.226],[16.35024,48.22707],[16.3507,48.22911],[16.35096,48.23027],[16.35098,48.23034],[16.351,48.23038],[16.35102,48.23041],[16.35105,48.23044],[16.35107,48.23045],[16.35118,48.23051],[16.35128,48.23055],[16.35273,48.23113],[16.35325,48.23133],[16.35376,48.23153],[16.35421,48.23171],[16.35479,48.23197],[16.3549,48.23203],[16.35501,48.2321],[16.35512,48.23217],[16.35522,48.23224],[16.35533,48.23232],[16.35537,48.23237],[16.35543,48.23242],[16.35558,48.23257],[16.35565,48.23264],[16.35571,48.23268],[16.35605,48.23271],[16.3561,48.23291],[16.35618,48.23299],[16.35622,48.23305],[16.35624,48.23311],[16.35624,48.23316],[16.35624,48.23321],[16.35624,48.23335],[16.35626,48.23364],[16.35634,48.23401],[16.35641,48.23425],[16.35647,48.23443],[16.3564,48.23454],[16.35657,48.23461],[16.35664,48.23471],[16.35689,48.23507],[16.35693,48.23515],[16.35697,48.23526],[16.357,48.23539],[16.35701,48.23549],[16.35703,48.23568],[16.35708,48.2358],[16.35713,48.23587],[16.3572,48.23594],[16.35729,48.23601],[16.35739,48.23607],[16.35751,48.2361],[16.35766,48.23613],[16.35778,48.23615],[16.35783,48.23619],[16.35939,48.23623],[16.35984,48.23626],[16.36168,48.23631],[16.36259,48.23636],[16.36296,48.2364],[16.36328,48.23645],[16.36348,48.23649],[16.36365,48.23653],[16.36387,48.23659],[16.36416,48.23669],[16.36434,48.23677],[16.36452,48.23686],[16.36477,48.23699],[16.36516,48.23724],[16.36547,48.23742],[16.3665,48.23803],[16.36746,48.23859],[16.36864,48.23926],[16.37152,48.24092],[16.37293,48.24172],[16.37354,48.242],[16.3737,48.24207],[16.37507,48.24266],[16.37603,48.24308],[16.37734,48.24366],[16.37866,48.24425],[16.37873,48.24419],[16.3788,48.24415],[16.37885,48.24413],[16.37891,48.2441],[16.37897,48.24407],[16.37919,48.24384],[16.37924,48.24375],[16.37945,48.24368],[16.38023,48.24404],[16.38061,48.24421],[16.38291,48.24202],[16.38371,48.24129],[16.38389,48.24111]]}},{"type":"Feature","properties":{"lineId":"N17","name":"N17","longName":"Himberger Straße - Unterlaa","mode":"bus","color":null,"stops":[{"name":"Unterlaa","lon":16.41484,"lat":48.13293},{"name":"Sebastianbrücke","lon":16.41458,"lat":48.13451},{"name":"Unterlaaer Straße","lon":16.41205,"lat":48.13596},{"name":"Johann-Friedl-Gasse","lon":16.40729,"lat":48.1371},{"name":"Oberlaaer Platz","lon":16.40425,"lat":48.13759},{"name":"Leopoldsdorfer Straße","lon":16.39987,"lat":48.13802},{"name":"Bischofgasse","lon":16.39769,"lat":48.13812},{"name":"Hämmerlegasse","lon":16.39467,"lat":48.13876},{"name":"Grundäckergasse","lon":16.39228,"lat":48.13962},{"name":"Kurt-Tichy-Gasse","lon":16.39027,"lat":48.14043},{"name":"Weidelstraße","lon":16.38612,"lat":48.14204},{"name":"Himberger Straße","lon":16.38276,"lat":48.14361},{"name":"Neulaa","lon":16.38259,"lat":48.14678},{"name":"Stockholmer Platz","lon":16.38246,"lat":48.14946},{"name":"Alaudagasse","lon":16.38176,"lat":48.15257}],"lengthKm":3.9},"geometry":{"type":"LineString","coordinates":[[16.41484,48.1329],[16.41477,48.13289],[16.41453,48.13288],[16.41445,48.13288],[16.41435,48.13288],[16.41427,48.1329],[16.41422,48.13291],[16.41415,48.13294],[16.41409,48.13298],[16.41398,48.1331],[16.41388,48.13322],[16.4138,48.1333],[16.41371,48.13338],[16.41386,48.13344],[16.41393,48.13347],[16.414,48.1335],[16.41408,48.13354],[16.41417,48.13361],[16.41426,48.13369],[16.41434,48.13379],[16.41437,48.13383],[16.41443,48.13388],[16.41444,48.13394],[16.41443,48.134],[16.41445,48.13407],[16.41446,48.13414],[16.41449,48.13431],[16.41451,48.1344],[16.41451,48.13447],[16.41451,48.13451],[16.41451,48.13455],[16.41449,48.13458],[16.41446,48.13464],[16.41442,48.13468],[16.41438,48.13473],[16.4143,48.13479],[16.41417,48.13488],[16.41398,48.135],[16.41372,48.13515],[16.41355,48.13524],[16.41336,48.13533],[16.41299,48.13551],[16.41202,48.13593],[16.41126,48.13626],[16.41009,48.13678],[16.40984,48.13688],[16.40976,48.13691],[16.40963,48.13694],[16.40951,48.13697],[16.40934,48.13699],[16.4092,48.13701],[16.40889,48.13703],[16.40798,48.13706],[16.40771,48.13707],[16.40728,48.13707],[16.40721,48.13707],[16.40706,48.13708],[16.40697,48.13709],[16.40665,48.13714],[16.40613,48.13724],[16.40575,48.13732],[16.40555,48.13736],[16.40536,48.1374],[16.40516,48.13743],[16.40484,48.13747],[16.40441,48.13751],[16.40425,48.13752],[16.40412,48.13752],[16.40392,48.13752],[16.40375,48.13751],[16.40348,48.1375],[16.4032,48.13749],[16.40311,48.13749],[16.40285,48.1375],[16.40263,48.13752],[16.40244,48.13754],[16.40102,48.13783],[16.4006,48.1379],[16.40032,48.13794],[16.40014,48.13796],[16.39986,48.13798],[16.39979,48.13798],[16.39971,48.13798],[16.39957,48.13796],[16.39918,48.138],[16.39878,48.13803],[16.39769,48.13808],[16.39765,48.13809],[16.3975,48.13809],[16.39744,48.13809],[16.39734,48.13811],[16.39716,48.13815],[16.39685,48.13822],[16.39667,48.13827],[16.39644,48.1383],[16.39555,48.13847],[16.39538,48.1385],[16.39519,48.13855],[16.39465,48.13872],[16.39426,48.13883],[16.39399,48.13892],[16.39366,48.13903],[16.39276,48.13938],[16.39224,48.13959],[16.39098,48.14008],[16.39022,48.14038],[16.38996,48.14048],[16.38883,48.14092],[16.38706,48.14161],[16.38607,48.14199],[16.38441,48.14265],[16.38349,48.14301],[16.38276,48.1433],[16.38265,48.14333],[16.38264,48.1436],[16.38262,48.1441],[16.38258,48.14498],[16.38252,48.14616],[16.38251,48.14641],[16.38248,48.14657],[16.38248,48.14678],[16.38248,48.14703],[16.38246,48.14754],[16.38245,48.14763],[16.38241,48.14789],[16.3824,48.14801],[16.38238,48.14828],[16.38239,48.14862],[16.38238,48.14893],[16.38237,48.14917],[16.38237,48.14946],[16.38236,48.14963],[16.38234,48.14979],[16.38233,48.1499],[16.38231,48.15048],[16.38232,48.15065],[16.38228,48.15115],[16.38226,48.15156],[16.38224,48.15203],[16.38222,48.1523],[16.38221,48.15244],[16.38209,48.15244],[16.38201,48.15246],[16.38194,48.15248],[16.38187,48.15252],[16.3818,48.15258]]}},{"type":"Feature","properties":{"lineId":"N20","name":"N20","longName":"Kagraner Platz - Strebersdorf,Edmund-Hawranek-Platz","mode":"bus","color":"#0A295D","stops":[{"name":"Strebersdorf Meriangasse","lon":16.38667,"lat":48.29142},{"name":"Rußbergstraße","lon":16.38339,"lat":48.28762},{"name":"Autokaderstraße","lon":16.38807,"lat":48.27721},{"name":"Winkeläckerstraße","lon":16.38977,"lat":48.27346},{"name":"Hopfengasse","lon":16.39204,"lat":48.26854},{"name":"Koloniestraße","lon":16.39306,"lat":48.26629},{"name":"Nordbrücke","lon":16.39566,"lat":48.26018},{"name":"Am Spitz","lon":16.39732,"lat":48.25818},{"name":"Floridsdorf","lon":16.40102,"lat":48.25707},{"name":"Hoßplatz","lon":16.40785,"lat":48.25495},{"name":"Fultonstraße","lon":16.41496,"lat":48.25319},{"name":"Carminweg","lon":16.42073,"lat":48.25314},{"name":"Josef-Baumann-Gasse","lon":16.42964,"lat":48.25141},{"name":"Saikogasse","lon":16.43603,"lat":48.2506},{"name":"Kagraner Platz","lon":16.44292,"lat":48.25005},{"name":"Steigenteschgasse","lon":16.43939,"lat":48.24587},{"name":"Kagran","lon":16.43369,"lat":48.24336},{"name":"Siebeckstraße","lon":16.43485,"lat":48.24135},{"name":"Häußlergasse","lon":16.43962,"lat":48.23793},{"name":"Donaustadtstraße","lon":16.44405,"lat":48.23342},{"name":"Polgarstraße","lon":16.4485,"lat":48.23158},{"name":"Erzherzog-Karl-Straße","lon":16.45299,"lat":48.22962},{"name":"Konstanziagasse","lon":16.45746,"lat":48.22772},{"name":"Langobardenstraße","lon":16.45493,"lat":48.22482},{"name":"Hardeggasse","lon":16.4589,"lat":48.22132},{"name":"Donauspital","lon":16.46529,"lat":48.2193},{"name":"Kapellenweg","lon":16.4697,"lat":48.21868},{"name":"Aspern, Oberdorfstraße","lon":16.48081,"lat":48.21724},{"name":"Siegesplatz","lon":16.48591,"lat":48.21744},{"name":"Lohwaggasse","lon":16.49349,"lat":48.21705},{"name":"Saltenstraße","lon":16.49831,"lat":48.21637},{"name":"Flugfeldstraße","lon":16.50499,"lat":48.21541},{"name":"Lannesstraße","lon":16.50999,"lat":48.21468},{"name":"Kirschenallee","lon":16.51912,"lat":48.21441},{"name":"Eßling Schule","lon":16.52646,"lat":48.21398},{"name":"Seefeldergasse","lon":16.52899,"lat":48.21292},{"name":"Podlahagasse","lon":16.53301,"lat":48.21101},{"name":"Englisch-Feld-Gasse","lon":16.53631,"lat":48.20977},{"name":"Eßling, Stadtgrenze","lon":16.54064,"lat":48.20812}],"lengthKm":19.6},"geometry":{"type":"LineString","coordinates":[[16.38653,48.29147],[16.38623,48.29111],[16.38621,48.29104],[16.38624,48.29095],[16.38603,48.29069],[16.38481,48.28922],[16.38345,48.2876],[16.3833,48.28741],[16.38317,48.28736],[16.38374,48.28651],[16.38406,48.28601],[16.38447,48.28529],[16.38497,48.28433],[16.38518,48.28388],[16.38559,48.28291],[16.38639,48.28112],[16.38688,48.27997],[16.38766,48.27827],[16.38813,48.27723],[16.38874,48.27589],[16.38902,48.27529],[16.38937,48.27448],[16.38966,48.27386],[16.38984,48.27347],[16.38995,48.27323],[16.39037,48.27228],[16.39062,48.2717],[16.39134,48.2701],[16.39174,48.26923],[16.39208,48.26855],[16.39219,48.26834],[16.39298,48.26653],[16.39309,48.2663],[16.39331,48.26585],[16.39431,48.26364],[16.39442,48.26339],[16.39447,48.26324],[16.39459,48.26294],[16.39464,48.26285],[16.39484,48.26243],[16.39489,48.2623],[16.3952,48.26163],[16.39535,48.2612],[16.39556,48.26075],[16.3958,48.26021],[16.3959,48.25998],[16.39645,48.25873],[16.39667,48.25825],[16.39685,48.25829],[16.39708,48.2583],[16.39731,48.2583],[16.39752,48.2583],[16.39781,48.25825],[16.39798,48.25821],[16.39813,48.25842],[16.3984,48.25833],[16.39898,48.25806],[16.39964,48.25776],[16.40105,48.2571],[16.40133,48.25697],[16.40197,48.25667],[16.40342,48.25808],[16.40364,48.25798],[16.40395,48.25783],[16.40412,48.25774],[16.40433,48.2576],[16.40436,48.25758],[16.40434,48.25758],[16.40432,48.25756],[16.4043,48.25753],[16.40429,48.25751],[16.40429,48.25749],[16.40429,48.25746],[16.4043,48.25744],[16.40432,48.25742],[16.40434,48.2574],[16.40437,48.25738],[16.40441,48.25737],[16.40444,48.25736],[16.40448,48.25736],[16.40451,48.25736],[16.40455,48.25737],[16.40459,48.25739],[16.40502,48.25703],[16.40516,48.25693],[16.40665,48.25605],[16.40719,48.25572],[16.40791,48.25529],[16.40805,48.2552],[16.40837,48.25493],[16.40828,48.25493],[16.40822,48.25494],[16.40816,48.25495],[16.40786,48.25499],[16.40816,48.25495],[16.40822,48.25494],[16.40828,48.25493],[16.40837,48.25493],[16.40845,48.25489],[16.40859,48.25484],[16.41358,48.25332],[16.41367,48.25329],[16.41379,48.25327],[16.41392,48.25325],[16.41402,48.25324],[16.41433,48.25322],[16.41496,48.25321],[16.41959,48.25318],[16.42073,48.25317],[16.42091,48.25317],[16.42111,48.25316],[16.4213,48.25315],[16.42146,48.25313],[16.42175,48.25309],[16.42297,48.2529],[16.42525,48.25254],[16.42678,48.25229],[16.42691,48.25227],[16.42704,48.25224],[16.42728,48.25217],[16.428,48.25194],[16.42875,48.2517],[16.42966,48.25144],[16.4301,48.25131],[16.43028,48.25127],[16.43046,48.25124],[16.43135,48.25114],[16.4344,48.25083],[16.43604,48.25065],[16.43633,48.25062],[16.43663,48.25058],[16.43815,48.25043],[16.44038,48.25019],[16.44115,48.25011],[16.44153,48.25009],[16.44203,48.25008],[16.44292,48.25008],[16.44305,48.25008],[16.44312,48.25008],[16.44317,48.25007],[16.44324,48.25006],[16.4433,48.25004],[16.44337,48.25003],[16.44347,48.24999],[16.44306,48.24952],[16.44278,48.24918],[16.44218,48.24856],[16.44127,48.24766],[16.44028,48.24666],[16.43945,48.24584],[16.43841,48.24481],[16.43724,48.24364],[16.43701,48.24374],[16.43543,48.24446],[16.43529,48.24451],[16.43512,48.24432],[16.43493,48.24413],[16.43485,48.24405],[16.43479,48.244],[16.43471,48.24392],[16.4346,48.24383],[16.43382,48.24328],[16.43329,48.2429],[16.43342,48.24281],[16.43458,48.24186],[16.43464,48.24181],[16.43507,48.24147],[16.43652,48.2403],[16.43742,48.23962],[16.43941,48.23829],[16.4398,48.23805],[16.44069,48.23748],[16.44118,48.23709],[16.44163,48.23668],[16.44173,48.23659],[16.44208,48.23622],[16.44243,48.23583],[16.44326,48.23497],[16.44331,48.23487],[16.44338,48.23478],[16.44345,48.23466],[16.44353,48.2345],[16.4436,48.2343],[16.44364,48.23406],[16.44363,48.23375],[16.44416,48.23354],[16.44652,48.23255],[16.44781,48.23204],[16.44861,48.2317],[16.44913,48.23148],[16.4497,48.23123],[16.45059,48.23082],[16.45056,48.23073],[16.45068,48.23068],[16.45081,48.23061],[16.45132,48.23033],[16.45158,48.2302],[16.45177,48.2301],[16.45228,48.22985],[16.45249,48.22976],[16.45283,48.22962],[16.45295,48.22957],[16.45318,48.22948],[16.45337,48.22941],[16.45382,48.22925],[16.45534,48.22877],[16.45551,48.22882],[16.45614,48.22866],[16.45645,48.22857],[16.45768,48.22815],[16.45757,48.22795],[16.45755,48.22789],[16.45751,48.22783],[16.45742,48.22774],[16.4571,48.22737],[16.45688,48.22714],[16.45559,48.22794],[16.45498,48.22814],[16.45491,48.22816],[16.45484,48.22812],[16.45375,48.22666],[16.45342,48.22621],[16.45323,48.22596],[16.45308,48.22579],[16.45304,48.22576],[16.453,48.22574],[16.45292,48.22571],[16.453,48.22564],[16.45375,48.22515],[16.45423,48.22483],[16.45444,48.22466],[16.45467,48.22451],[16.45471,48.22448],[16.45499,48.2248],[16.45538,48.22523],[16.45601,48.22497],[16.45614,48.22484],[16.45681,48.22452],[16.45586,48.22361],[16.45667,48.22304],[16.4575,48.22244],[16.45849,48.22174],[16.45864,48.22161],[16.45871,48.22155],[16.45884,48.22145],[16.45897,48.22137],[16.45914,48.22127],[16.45943,48.2211],[16.45972,48.22096],[16.45993,48.22087],[16.4601,48.22081],[16.46028,48.22074],[16.46042,48.2207],[16.46128,48.22049],[16.46149,48.22044],[16.46162,48.22039],[16.46168,48.22038],[16.46176,48.22035],[16.46222,48.22023],[16.46231,48.2202],[16.46251,48.22011],[16.46298,48.2199],[16.46303,48.21989],[16.46307,48.21986],[16.46347,48.21969],[16.4636,48.21964],[16.4637,48.21961],[16.46383,48.21957],[16.464,48.21954],[16.46411,48.21952],[16.46531,48.21935],[16.46664,48.21917],[16.46803,48.21897],[16.46972,48.21875],[16.47343,48.21825],[16.475,48.21805],[16.47707,48.21777],[16.47874,48.21755],[16.48083,48.2173],[16.48112,48.21726],[16.48134,48.21723],[16.48174,48.21715],[16.48317,48.21684],[16.48351,48.2176],[16.48357,48.21773],[16.4836,48.21777],[16.48363,48.2178],[16.48371,48.21787],[16.48405,48.21782],[16.48523,48.21763],[16.48594,48.21754],[16.48715,48.21737],[16.488,48.21724],[16.48815,48.21721],[16.4891,48.21703],[16.48928,48.217],[16.48951,48.21695],[16.48976,48.21692],[16.48999,48.21692],[16.49012,48.21692],[16.49026,48.21693],[16.49045,48.21696],[16.49069,48.217],[16.49104,48.21707],[16.49176,48.21724],[16.49188,48.21726],[16.49211,48.21728],[16.49231,48.21729],[16.49255,48.21727],[16.4927,48.21726],[16.49351,48.21714],[16.49464,48.21698],[16.49834,48.21647],[16.4999,48.21625],[16.50425,48.21564],[16.50503,48.21552],[16.506,48.21536],[16.50727,48.21517],[16.50944,48.21486],[16.51002,48.21478],[16.5101,48.21477],[16.5104,48.21474],[16.51303,48.21466],[16.51304,48.21466],[16.51639,48.21455],[16.51739,48.21451],[16.51819,48.21448],[16.51847,48.21448],[16.51868,48.21448],[16.51911,48.2145],[16.51961,48.21452],[16.5202,48.21455],[16.52058,48.21457],[16.52105,48.21458],[16.52139,48.21459],[16.52183,48.21462],[16.52216,48.21465],[16.52224,48.21465],[16.52274,48.21465],[16.52446,48.21464],[16.52467,48.21462],[16.52477,48.21461],[16.52493,48.21458],[16.52517,48.2145],[16.5265,48.21404],[16.52715,48.21382],[16.52762,48.21364],[16.52779,48.21357],[16.52804,48.21345],[16.52905,48.21297],[16.52954,48.21273],[16.5297,48.21267],[16.53053,48.21224],[16.53211,48.21148],[16.53262,48.21124],[16.53305,48.21105],[16.53315,48.21101],[16.53333,48.21093],[16.53368,48.21081],[16.5346,48.21047],[16.53487,48.21036],[16.53633,48.2098],[16.53732,48.20943],[16.53999,48.20843],[16.5404,48.20827],[16.54068,48.20817]]}},{"type":"Feature","properties":{"lineId":"N23","name":"N23","longName":"Kagraner Platz - Hausfeldstraße","mode":"bus","color":"#0A295D","stops":[{"name":"Kagraner Platz","lon":16.44336,"lat":48.25056},{"name":"Kraygasse","lon":16.44878,"lat":48.24866},{"name":"Afritschgasse","lon":16.45175,"lat":48.24673},{"name":"Pogrelzstraße","lon":16.45591,"lat":48.24339},{"name":"Süßenbrunner Straße","lon":16.4617,"lat":48.23677},{"name":"Hirschstetten Ort","lon":16.46606,"lat":48.23487},{"name":"Blumengärten Hirschstetten","lon":16.47167,"lat":48.2358},{"name":"Murraygasse","lon":16.47554,"lat":48.23662},{"name":"Gladiolenweg","lon":16.47905,"lat":48.23772},{"name":"Prinzgasse","lon":16.48223,"lat":48.23996},{"name":"Zanggasse","lon":16.48415,"lat":48.23917},{"name":"Am Heidjöchl","lon":16.48775,"lat":48.23709},{"name":"Hausfeldstraße","lon":16.48713,"lat":48.23368}],"lengthKm":5.6},"geometry":{"type":"LineString","coordinates":[[16.44329,48.25059],[16.44366,48.25104],[16.44369,48.25108],[16.44371,48.25114],[16.4438,48.25117],[16.44384,48.25118],[16.4439,48.25118],[16.444,48.25116],[16.44407,48.25114],[16.44414,48.25108],[16.44433,48.25103],[16.44347,48.24999],[16.4436,48.24995],[16.44382,48.24989],[16.44578,48.24944],[16.44588,48.24941],[16.44596,48.24946],[16.44634,48.24936],[16.44658,48.2493],[16.44703,48.24918],[16.44775,48.249],[16.44882,48.24874],[16.44913,48.24867],[16.44932,48.24863],[16.44933,48.24856],[16.44947,48.24853],[16.44977,48.24848],[16.45002,48.24845],[16.45025,48.24843],[16.45046,48.24841],[16.45071,48.2484],[16.45144,48.24838],[16.45159,48.24837],[16.45185,48.24834],[16.45198,48.24831],[16.45161,48.24786],[16.45157,48.24779],[16.45155,48.24775],[16.45153,48.24768],[16.45153,48.24763],[16.45154,48.24754],[16.45156,48.24749],[16.45176,48.24691],[16.45185,48.24677],[16.4519,48.24668],[16.45201,48.24652],[16.45215,48.24636],[16.45234,48.24618],[16.45244,48.24608],[16.45245,48.24606],[16.45247,48.24604],[16.45244,48.24603],[16.45242,48.24601],[16.4524,48.246],[16.45239,48.24598],[16.45238,48.24597],[16.45238,48.24595],[16.45238,48.24593],[16.45239,48.24591],[16.4524,48.2459],[16.45242,48.24588],[16.45244,48.24587],[16.45247,48.24586],[16.45249,48.24585],[16.45252,48.24585],[16.45255,48.24585],[16.45257,48.24586],[16.4526,48.24587],[16.45262,48.24588],[16.45265,48.24587],[16.4527,48.24584],[16.45276,48.24581],[16.45309,48.24554],[16.45332,48.24535],[16.45421,48.24462],[16.4543,48.24455],[16.45476,48.24423],[16.45557,48.24371],[16.45582,48.24356],[16.45599,48.24345],[16.45625,48.24329],[16.45634,48.24324],[16.45774,48.24231],[16.45841,48.24184],[16.45904,48.2414],[16.45988,48.24079],[16.46047,48.2404],[16.46062,48.24032],[16.46072,48.24028],[16.46083,48.24024],[16.46354,48.23933],[16.46376,48.23923],[16.4636,48.23904],[16.46354,48.23898],[16.46342,48.23888],[16.4633,48.23881],[16.46318,48.23875],[16.46256,48.2385],[16.46237,48.23841],[16.46138,48.23789],[16.46122,48.23781],[16.4618,48.23679],[16.46219,48.23611],[16.46228,48.23602],[16.46234,48.23594],[16.46235,48.23586],[16.46236,48.23578],[16.46237,48.2356],[16.46234,48.23556],[16.46252,48.23546],[16.46259,48.23542],[16.46268,48.23538],[16.4628,48.23534],[16.46289,48.23532],[16.46299,48.2353],[16.4631,48.23529],[16.46323,48.23528],[16.46431,48.23526],[16.46458,48.23525],[16.46475,48.23523],[16.46494,48.23521],[16.46517,48.23518],[16.46536,48.23515],[16.46566,48.23509],[16.46581,48.23506],[16.46597,48.235],[16.46602,48.23497],[16.46612,48.23492],[16.46622,48.23486],[16.46633,48.23481],[16.46637,48.2348],[16.46648,48.23478],[16.46699,48.23479],[16.46706,48.2348],[16.46718,48.23482],[16.46722,48.23483],[16.46727,48.23486],[16.46785,48.23515],[16.46791,48.23517],[16.46804,48.23519],[16.46859,48.23528],[16.46944,48.23544],[16.47079,48.23569],[16.47165,48.23585],[16.47202,48.23592],[16.47265,48.23604],[16.47301,48.2361],[16.47329,48.23615],[16.47375,48.23623],[16.47433,48.23635],[16.47493,48.2365],[16.47549,48.23668],[16.4764,48.23699],[16.47663,48.23705],[16.47686,48.23711],[16.4773,48.2372],[16.47855,48.23743],[16.47911,48.23752],[16.47902,48.23754],[16.47896,48.2377],[16.47891,48.23782],[16.47889,48.23786],[16.47889,48.2379],[16.47891,48.23794],[16.47901,48.23806],[16.47907,48.2381],[16.47983,48.23891],[16.48006,48.23915],[16.48017,48.23927],[16.48023,48.23933],[16.48029,48.23938],[16.4804,48.23946],[16.48052,48.23952],[16.48073,48.23961],[16.48082,48.23964],[16.48101,48.23969],[16.4822,48.24001],[16.48317,48.24026],[16.48323,48.24028],[16.48328,48.24028],[16.48335,48.24028],[16.48341,48.24027],[16.48358,48.24027],[16.48422,48.23919],[16.48444,48.23881],[16.48447,48.23876],[16.48464,48.23837],[16.48471,48.2383],[16.48474,48.23827],[16.48479,48.23824],[16.48484,48.23822],[16.48736,48.23728],[16.48778,48.23713],[16.48829,48.23694],[16.48834,48.23688],[16.48841,48.23682],[16.48846,48.23677],[16.4885,48.23672],[16.48852,48.23666],[16.48854,48.23661],[16.48855,48.23655],[16.48855,48.23649],[16.48855,48.23644],[16.48853,48.23636],[16.48848,48.23626],[16.48816,48.23556],[16.48795,48.23518],[16.4875,48.23436],[16.48731,48.23391],[16.48727,48.23384],[16.4872,48.23367]]}},{"type":"Feature","properties":{"lineId":"N24","name":"N24","longName":"Kagraner Platz - Am Heidjöchl","mode":"bus","color":null,"stops":[{"name":"Kagraner Platz","lon":16.44363,"lat":48.25088},{"name":"Kraygasse","lon":16.44878,"lat":48.24866},{"name":"Afritschgasse","lon":16.45175,"lat":48.24673},{"name":"Pogrelzstraße","lon":16.45591,"lat":48.24339},{"name":"Süßenbrunner Straße","lon":16.4617,"lat":48.23677},{"name":"Hirschstetten Ort","lon":16.46606,"lat":48.23487},{"name":"Blumengärten Hirschstetten","lon":16.47167,"lat":48.2358},{"name":"Murraygasse","lon":16.47554,"lat":48.23662},{"name":"Gladiolenweg","lon":16.47905,"lat":48.23772},{"name":"Prinzgasse","lon":16.48223,"lat":48.23996},{"name":"Zanggasse","lon":16.48415,"lat":48.23917},{"name":"Am Heidjöchl","lon":16.48775,"lat":48.23709}],"lengthKm":5.2},"geometry":{"type":"LineString","coordinates":[[16.44356,48.25091],[16.44366,48.25104],[16.44369,48.25108],[16.44371,48.25114],[16.4438,48.25117],[16.44384,48.25118],[16.4439,48.25118],[16.444,48.25116],[16.44407,48.25114],[16.44414,48.25108],[16.44433,48.25103],[16.44347,48.24999],[16.4436,48.24995],[16.44382,48.24989],[16.44578,48.24944],[16.44588,48.24941],[16.44596,48.24946],[16.44634,48.24936],[16.44658,48.2493],[16.44703,48.24918],[16.44775,48.249],[16.44882,48.24874],[16.44913,48.24867],[16.44932,48.24863],[16.44933,48.24856],[16.44947,48.24853],[16.44977,48.24848],[16.45002,48.24845],[16.45025,48.24843],[16.45046,48.24841],[16.45071,48.2484],[16.45144,48.24838],[16.45159,48.24837],[16.45185,48.24834],[16.45198,48.24831],[16.45161,48.24786],[16.45157,48.24779],[16.45155,48.24775],[16.45153,48.24768],[16.45153,48.24763],[16.45154,48.24754],[16.45156,48.24749],[16.45176,48.24691],[16.45185,48.24677],[16.4519,48.24668],[16.45201,48.24652],[16.45215,48.24636],[16.45234,48.24618],[16.45244,48.24608],[16.45245,48.24606],[16.45247,48.24604],[16.45244,48.24603],[16.45242,48.24601],[16.4524,48.246],[16.45239,48.24598],[16.45238,48.24597],[16.45238,48.24595],[16.45238,48.24593],[16.45239,48.24591],[16.4524,48.2459],[16.45242,48.24588],[16.45244,48.24587],[16.45247,48.24586],[16.45249,48.24585],[16.45252,48.24585],[16.45255,48.24585],[16.45257,48.24586],[16.4526,48.24587],[16.45262,48.24588],[16.45265,48.24587],[16.4527,48.24584],[16.45276,48.24581],[16.45309,48.24554],[16.45332,48.24535],[16.45421,48.24462],[16.4543,48.24455],[16.45476,48.24423],[16.45557,48.24371],[16.45582,48.24356],[16.45599,48.24345],[16.45625,48.24329],[16.45634,48.24324],[16.45774,48.24231],[16.45841,48.24184],[16.45904,48.2414],[16.45988,48.24079],[16.46047,48.2404],[16.46062,48.24032],[16.46072,48.24028],[16.46083,48.24024],[16.46354,48.23933],[16.46376,48.23923],[16.4636,48.23904],[16.46354,48.23898],[16.46342,48.23888],[16.4633,48.23881],[16.46318,48.23875],[16.46256,48.2385],[16.46237,48.23841],[16.46138,48.23789],[16.46122,48.23781],[16.4618,48.23679],[16.46219,48.23611],[16.46228,48.23602],[16.46234,48.23594],[16.46235,48.23586],[16.46236,48.23578],[16.46237,48.2356],[16.46234,48.23556],[16.46252,48.23546],[16.46259,48.23542],[16.46268,48.23538],[16.4628,48.23534],[16.46289,48.23532],[16.46299,48.2353],[16.4631,48.23529],[16.46323,48.23528],[16.46431,48.23526],[16.46458,48.23525],[16.46475,48.23523],[16.46494,48.23521],[16.46517,48.23518],[16.46536,48.23515],[16.46566,48.23509],[16.46581,48.23506],[16.46597,48.235],[16.46602,48.23497],[16.46612,48.23492],[16.46622,48.23486],[16.46633,48.23481],[16.46637,48.2348],[16.46648,48.23478],[16.46699,48.23479],[16.46706,48.2348],[16.46718,48.23482],[16.46722,48.23483],[16.46727,48.23486],[16.46785,48.23515],[16.46791,48.23517],[16.46804,48.23519],[16.46859,48.23528],[16.46944,48.23544],[16.47079,48.23569],[16.47165,48.23585],[16.47202,48.23592],[16.47265,48.23604],[16.47301,48.2361],[16.47329,48.23615],[16.47375,48.23623],[16.47433,48.23635],[16.47493,48.2365],[16.47549,48.23668],[16.4764,48.23699],[16.47663,48.23705],[16.47686,48.23711],[16.4773,48.2372],[16.47855,48.23743],[16.47911,48.23752],[16.47902,48.23754],[16.47896,48.2377],[16.47891,48.23782],[16.47889,48.23786],[16.47889,48.2379],[16.47891,48.23794],[16.47901,48.23806],[16.47907,48.2381],[16.47983,48.23891],[16.48006,48.23915],[16.48017,48.23927],[16.48023,48.23933],[16.48029,48.23938],[16.4804,48.23946],[16.48052,48.23952],[16.48073,48.23961],[16.48082,48.23964],[16.48101,48.23969],[16.4822,48.24001],[16.48317,48.24026],[16.48323,48.24028],[16.48328,48.24028],[16.48335,48.24028],[16.48341,48.24027],[16.48358,48.24027],[16.48422,48.23919],[16.48444,48.23881],[16.48447,48.23876],[16.48464,48.23837],[16.48471,48.2383],[16.48474,48.23827],[16.48479,48.23824],[16.48484,48.23822],[16.48736,48.23728],[16.48778,48.23713]]}},{"type":"Feature","properties":{"lineId":"N25","name":"N25","longName":"Schwedenplatz - Großfeldsiedlung","mode":"bus","color":"#0A295D","stops":[{"name":"Schwedenplatz","lon":16.37835,"lat":48.21167},{"name":"Stubentor U","lon":16.38006,"lat":48.2069},{"name":"Schwarzenbergplatz","lon":16.3748,"lat":48.20185},{"name":"Oper/Karlsplatz","lon":16.36856,"lat":48.20266},{"name":"Burgring","lon":16.36417,"lat":48.20376},{"name":"Ring/Volkstheater","lon":16.36007,"lat":48.2068},{"name":"Rathausplatz/Burgtheater","lon":16.36069,"lat":48.21029},{"name":"Schottentor","lon":16.36212,"lat":48.2137},{"name":"Börse","lon":16.36624,"lat":48.21559},{"name":"Schottenring","lon":16.37195,"lat":48.21682},{"name":"Schwedenplatz","lon":16.37749,"lat":48.21186},{"name":"Nestroyplatz","lon":16.38425,"lat":48.21451},{"name":"Praterstern","lon":16.39231,"lat":48.21684},{"name":"Lassallestraße","lon":16.39471,"lat":48.22007},{"name":"Vorgartenstraße","lon":16.40149,"lat":48.22372},{"name":"Donauinsel","lon":16.41001,"lat":48.2283},{"name":"Kaisermühlen-VIC","lon":16.41649,"lat":48.23181},{"name":"Julius-Payer-Gasse","lon":16.42126,"lat":48.23437},{"name":"Alte Donau","lon":16.42488,"lat":48.23633},{"name":"Kagraner Brücke","lon":16.43085,"lat":48.23949},{"name":"Siebeckstraße","lon":16.43441,"lat":48.24229},{"name":"Kagran","lon":16.43326,"lat":48.24363},{"name":"Steigenteschgasse","lon":16.43912,"lat":48.2454},{"name":"Kagraner Platz","lon":16.44289,"lat":48.24908},{"name":"Kagraner Friedhof","lon":16.44628,"lat":48.25331},{"name":"Rennbahnweg","lon":16.44943,"lat":48.25709},{"name":"Franz-Eduard-Matras-Gasse","lon":16.45105,"lat":48.25662},{"name":"Theodor-Kramer-Straße","lon":16.45387,"lat":48.25572},{"name":"Hochmuthgasse","lon":16.45646,"lat":48.25493},{"name":"Senekowitschgasse","lon":16.45891,"lat":48.25414},{"name":"Hosnedlgasse Süd","lon":16.46237,"lat":48.2557},{"name":"Tillmanngasse","lon":16.45736,"lat":48.25914},{"name":"Puchgasse","lon":16.45518,"lat":48.2602},{"name":"Maculangasse","lon":16.45404,"lat":48.26242},{"name":"Martin-Gaunersdorfer-Gasse","lon":16.45126,"lat":48.26107},{"name":"Sebaldgasse","lon":16.44654,"lat":48.26258},{"name":"Leopoldauer Platz","lon":16.44131,"lat":48.26368},{"name":"St.-Michael-Gasse","lon":16.43965,"lat":48.26642},{"name":"Dopschstraße","lon":16.43896,"lat":48.26903},{"name":"Langfeldgasse","lon":16.44351,"lat":48.26977},{"name":"Moritz-Dreger-Gasse","lon":16.44193,"lat":48.27518},{"name":"Kürschnergasse","lon":16.44579,"lat":48.27605},{"name":"Leopoldau","lon":16.45065,"lat":48.27685},{"name":"Adolf-Loos-Gasse","lon":16.4541,"lat":48.27735},{"name":"Oswald-Redlich-Straße","lon":16.4537,"lat":48.27478},{"name":"Doderergasse","lon":16.45328,"lat":48.27186},{"name":"Wassermanngasse","lon":16.45271,"lat":48.26864},{"name":"Uhlirzgasse","lon":16.44865,"lat":48.26846},{"name":"Großfeldsiedlung","lon":16.44816,"lat":48.26997}],"lengthKm":21.5},"geometry":{"type":"LineString","coordinates":[[16.37839,48.21173],[16.37873,48.21164],[16.37944,48.21153],[16.37999,48.21148],[16.38106,48.21144],[16.38215,48.2114],[16.38286,48.21137],[16.38273,48.21077],[16.38249,48.20985],[16.38224,48.2089],[16.38154,48.2082],[16.38016,48.20686],[16.37883,48.20555],[16.37819,48.20495],[16.37771,48.20446],[16.376,48.20278],[16.37508,48.2019],[16.37503,48.20186],[16.3749,48.20179],[16.37485,48.20178],[16.37427,48.20162],[16.37363,48.20147],[16.37354,48.20147],[16.37344,48.20149],[16.36961,48.20235],[16.36952,48.20237],[16.36934,48.20242],[16.36853,48.2026],[16.36809,48.2027],[16.368,48.20271],[16.36605,48.20314],[16.36426,48.20355],[16.36406,48.2037],[16.36199,48.20524],[16.36028,48.20652],[16.35998,48.20675],[16.35975,48.20693],[16.3597,48.20699],[16.35968,48.20704],[16.35966,48.20711],[16.3597,48.20726],[16.35974,48.20738],[16.35982,48.20762],[16.36013,48.20867],[16.36044,48.20967],[16.36062,48.21031],[16.36086,48.21112],[16.36116,48.21213],[16.36127,48.21248],[16.36136,48.21277],[16.36158,48.21353],[16.36206,48.21376],[16.36477,48.21499],[16.36544,48.2153],[16.36618,48.21564],[16.36682,48.21594],[16.36828,48.21661],[16.36866,48.21677],[16.36885,48.21686],[16.37024,48.21749],[16.37055,48.21754],[16.37105,48.21754],[16.37125,48.21745],[16.3714,48.21735],[16.37166,48.21717],[16.37181,48.21705],[16.37203,48.21686],[16.37211,48.21679],[16.37269,48.21622],[16.37304,48.21581],[16.37361,48.21496],[16.37367,48.21485],[16.37379,48.21463],[16.37416,48.21405],[16.37492,48.2133],[16.3752,48.21307],[16.37555,48.21283],[16.37587,48.21263],[16.37628,48.2124],[16.37671,48.21221],[16.37703,48.2121],[16.37734,48.212],[16.37755,48.21194],[16.37783,48.21186],[16.37873,48.21164],[16.37944,48.21153],[16.37999,48.21148],[16.38106,48.21144],[16.38215,48.2114],[16.38286,48.21137],[16.38295,48.21174],[16.38314,48.21243],[16.38299,48.2131],[16.38287,48.21364],[16.38289,48.21372],[16.38292,48.21378],[16.38297,48.21383],[16.38344,48.21413],[16.38417,48.21458],[16.38438,48.2147],[16.38641,48.21579],[16.38695,48.21608],[16.38707,48.21615],[16.38762,48.21642],[16.38889,48.21706],[16.38979,48.21753],[16.3902,48.21773],[16.39035,48.21777],[16.39041,48.21774],[16.39047,48.2177],[16.39128,48.21721],[16.39177,48.217],[16.39214,48.21693],[16.39228,48.21691],[16.39232,48.21691],[16.39239,48.21691],[16.39247,48.21692],[16.39259,48.21693],[16.39277,48.21697],[16.39293,48.21703],[16.39303,48.21708],[16.39311,48.21713],[16.39318,48.21719],[16.39329,48.2173],[16.39338,48.21744],[16.39342,48.21753],[16.39347,48.21763],[16.39349,48.21772],[16.39352,48.21782],[16.39357,48.21794],[16.39354,48.21805],[16.39354,48.21813],[16.39353,48.21831],[16.39352,48.21845],[16.3935,48.21862],[16.39347,48.21879],[16.39344,48.21894],[16.39341,48.21905],[16.39337,48.21913],[16.39332,48.21923],[16.39327,48.21929],[16.39321,48.21935],[16.3937,48.21967],[16.39461,48.22016],[16.39877,48.22241],[16.40032,48.22323],[16.40137,48.22381],[16.40185,48.22407],[16.4031,48.22473],[16.40385,48.22514],[16.40481,48.22566],[16.4099,48.22841],[16.41052,48.22874],[16.41219,48.22968],[16.41408,48.23066],[16.41516,48.23123],[16.41601,48.2317],[16.41638,48.2319],[16.41712,48.2323],[16.42032,48.23404],[16.42079,48.23428],[16.42114,48.23447],[16.42477,48.23642],[16.42529,48.2367],[16.42838,48.23839],[16.42906,48.23875],[16.43012,48.23934],[16.43068,48.23964],[16.43373,48.24127],[16.43464,48.24181],[16.43458,48.24186],[16.4342,48.24217],[16.43342,48.24281],[16.43329,48.2429],[16.43286,48.24313],[16.43299,48.24328],[16.43301,48.24334],[16.43306,48.24339],[16.43313,48.24345],[16.43333,48.24359],[16.43408,48.24412],[16.43419,48.24422],[16.4346,48.24475],[16.43515,48.24456],[16.43529,48.24451],[16.43543,48.24446],[16.43701,48.24374],[16.43724,48.24364],[16.43841,48.24481],[16.43904,48.24543],[16.44028,48.24666],[16.44127,48.24766],[16.44218,48.24856],[16.44275,48.24915],[16.44278,48.24918],[16.44306,48.24952],[16.44347,48.24999],[16.44433,48.25103],[16.44443,48.25112],[16.44517,48.25205],[16.44575,48.25284],[16.44614,48.25336],[16.44637,48.25366],[16.4466,48.25395],[16.44866,48.25673],[16.44906,48.2573],[16.44949,48.25716],[16.45005,48.25698],[16.45058,48.25682],[16.45108,48.25666],[16.4539,48.25578],[16.45502,48.25543],[16.45649,48.25497],[16.45895,48.2542],[16.45911,48.25415],[16.45935,48.25408],[16.46061,48.25368],[16.46068,48.25367],[16.46067,48.25366],[16.46067,48.25364],[16.46067,48.25363],[16.46068,48.25361],[16.46069,48.2536],[16.4607,48.25358],[16.46072,48.25357],[16.46074,48.25357],[16.46076,48.25356],[16.46081,48.25356],[16.46083,48.25357],[16.46086,48.25357],[16.46087,48.25358],[16.46089,48.2536],[16.4609,48.25361],[16.46091,48.25363],[16.46091,48.25364],[16.46091,48.25366],[16.4609,48.25367],[16.46089,48.25369],[16.46087,48.2537],[16.46084,48.25371],[16.46152,48.2546],[16.46231,48.25572],[16.46244,48.2559],[16.46326,48.25718],[16.46188,48.2576],[16.46189,48.25761],[16.46189,48.25763],[16.46188,48.25765],[16.46188,48.25766],[16.46186,48.25768],[16.46184,48.25769],[16.46182,48.2577],[16.46178,48.2577],[16.46174,48.2577],[16.4617,48.25768],[16.46168,48.25766],[16.4608,48.25796],[16.46009,48.25819],[16.45922,48.25846],[16.45855,48.25869],[16.45731,48.25908],[16.45485,48.25985],[16.45511,48.26022],[16.45613,48.26169],[16.454,48.26236],[16.45309,48.26265],[16.453,48.26257],[16.45263,48.26218],[16.45245,48.26198],[16.45227,48.26178],[16.452,48.26143],[16.45161,48.26092],[16.45158,48.26087],[16.45134,48.26096],[16.45122,48.261],[16.4509,48.2611],[16.45076,48.26115],[16.45046,48.26126],[16.45013,48.2614],[16.44991,48.26149],[16.4495,48.26165],[16.44893,48.26186],[16.44885,48.2619],[16.4488,48.26193],[16.44875,48.26197],[16.44873,48.262],[16.44865,48.26211],[16.44849,48.2621],[16.44829,48.26211],[16.44818,48.26212],[16.44803,48.26213],[16.44788,48.26216],[16.44773,48.26218],[16.44746,48.26224],[16.44703,48.26235],[16.4465,48.26251],[16.4457,48.26276],[16.44505,48.26291],[16.44501,48.26297],[16.44487,48.26306],[16.44483,48.26309],[16.44478,48.26312],[16.44463,48.26319],[16.44449,48.26325],[16.44443,48.26328],[16.44369,48.26351],[16.44355,48.26355],[16.44337,48.26359],[16.44323,48.26362],[16.44296,48.26366],[16.44278,48.26369],[16.44267,48.2637],[16.44256,48.26371],[16.44242,48.26371],[16.44228,48.26371],[16.44214,48.26371],[16.44194,48.26369],[16.44155,48.26365],[16.44141,48.26364],[16.44132,48.26363],[16.44124,48.26362],[16.44097,48.26357],[16.4409,48.26354],[16.4405,48.2648],[16.44028,48.26516],[16.43998,48.26541],[16.43974,48.26568],[16.43955,48.26641],[16.43898,48.26862],[16.43887,48.26902],[16.43881,48.26926],[16.44095,48.26952],[16.44247,48.2697],[16.44349,48.26983],[16.44387,48.26987],[16.44386,48.26995],[16.44336,48.27094],[16.44268,48.2724],[16.44215,48.27344],[16.44135,48.2751],[16.4419,48.27522],[16.44577,48.27609],[16.44724,48.27641],[16.44781,48.27655],[16.44786,48.27655],[16.44789,48.27656],[16.44792,48.27655],[16.44798,48.27654],[16.44824,48.27644],[16.44831,48.27643],[16.44834,48.27642],[16.44838,48.27641],[16.44841,48.27641],[16.44846,48.27642],[16.44856,48.27644],[16.44873,48.27648],[16.45062,48.27691],[16.45395,48.27766],[16.45399,48.27766],[16.45403,48.27766],[16.45408,48.27766],[16.45413,48.27764],[16.45418,48.27761],[16.45421,48.27757],[16.45423,48.27753],[16.45419,48.27734],[16.45408,48.27664],[16.45396,48.27582],[16.45383,48.27505],[16.45379,48.27477],[16.45369,48.27417],[16.45365,48.27391],[16.45353,48.27303],[16.45341,48.27205],[16.45337,48.27185],[16.45321,48.27091],[16.4531,48.27034],[16.45281,48.26863],[16.45277,48.26838],[16.45126,48.26849],[16.45103,48.2685],[16.45081,48.26851],[16.45057,48.26851],[16.4503,48.2685],[16.45002,48.26848],[16.4498,48.26846],[16.44898,48.26841],[16.44865,48.26839],[16.44832,48.26837],[16.44828,48.26837],[16.44817,48.26913],[16.44806,48.26997]]}},{"type":"Feature","properties":{"lineId":"N29","name":"N29","longName":"Wittelsbachstraße - Floridsdorf","mode":"bus","color":"#0A295D","stops":[{"name":"Wittelsbachstraße","lon":16.39881,"lat":48.20634},{"name":"Löwengasse","lon":16.39578,"lat":48.20588},{"name":"Hetzgasse","lon":16.39317,"lat":48.20822},{"name":"Radetzkyplatz","lon":16.39067,"lat":48.21041},{"name":"Hintere Zollamtsstraße","lon":16.38746,"lat":48.21119},{"name":"Julius-Raab-Platz","lon":16.38318,"lat":48.21128},{"name":"Schwedenplatz","lon":16.37782,"lat":48.21171},{"name":"Gredlerstraße","lon":16.3794,"lat":48.21388},{"name":"Karmeliterplatz","lon":16.38035,"lat":48.2155},{"name":"Taborstraße","lon":16.38086,"lat":48.21876},{"name":"Heinestraße","lon":16.38225,"lat":48.22187},{"name":"Am Tabor","lon":16.38401,"lat":48.22561},{"name":"Rebhanngasse","lon":16.38792,"lat":48.22764},{"name":"Innstraße","lon":16.38626,"lat":48.23105},{"name":"Traisengasse","lon":16.38294,"lat":48.23399},{"name":"Dresdner Straße","lon":16.37896,"lat":48.23753},{"name":"Höchstädtplatz","lon":16.37642,"lat":48.23987},{"name":"Dr.-Adolf-Schärf-Heim","lon":16.36924,"lat":48.24512},{"name":"Forsthausgasse","lon":16.37498,"lat":48.2452},{"name":"Leystraße","lon":16.37688,"lat":48.24404},{"name":"Friedrich-Engels-Platz","lon":16.37919,"lat":48.24433},{"name":"Matthäus-Jiszda-Straße","lon":16.39453,"lat":48.25414},{"name":"Am Spitz","lon":16.39757,"lat":48.25739},{"name":"Floridsdorf","lon":16.39904,"lat":48.25709}],"lengthKm":11.5},"geometry":{"type":"LineString","coordinates":[[16.3989,48.20635],[16.39896,48.20611],[16.39687,48.20593],[16.39605,48.20587],[16.39579,48.20583],[16.39478,48.20569],[16.39469,48.20569],[16.39469,48.20578],[16.39404,48.20677],[16.39398,48.20687],[16.39393,48.20695],[16.39354,48.20755],[16.39329,48.20794],[16.39311,48.2082],[16.39298,48.20839],[16.39281,48.20857],[16.39224,48.20904],[16.39183,48.20935],[16.39141,48.20969],[16.39112,48.20993],[16.3908,48.21021],[16.39063,48.2104],[16.39045,48.21058],[16.39028,48.21076],[16.39018,48.21085],[16.39014,48.21088],[16.39009,48.21091],[16.38997,48.21098],[16.38829,48.21109],[16.38785,48.21111],[16.38746,48.21114],[16.38705,48.21117],[16.38713,48.21186],[16.3871,48.21196],[16.387,48.21215],[16.38701,48.2122],[16.3869,48.2124],[16.38686,48.21246],[16.38697,48.21254],[16.38704,48.21257],[16.38726,48.21265],[16.38766,48.21276],[16.38804,48.21285],[16.38826,48.21289],[16.38849,48.21292],[16.38868,48.21294],[16.38893,48.21296],[16.3891,48.21296],[16.38925,48.21296],[16.39014,48.2129],[16.39112,48.21274],[16.39151,48.21364],[16.39044,48.21382],[16.38954,48.21397],[16.38873,48.21394],[16.38867,48.21392],[16.38795,48.21384],[16.38782,48.21381],[16.38773,48.21379],[16.3876,48.21374],[16.38749,48.21378],[16.3875,48.2137],[16.38699,48.21349],[16.3859,48.21305],[16.38564,48.21296],[16.38532,48.21286],[16.38525,48.21287],[16.38522,48.21283],[16.38481,48.21272],[16.38445,48.21265],[16.38364,48.2125],[16.38351,48.21248],[16.38314,48.21243],[16.38295,48.21174],[16.38286,48.21137],[16.38319,48.21135],[16.38286,48.21137],[16.38295,48.21174],[16.38314,48.21243],[16.38278,48.21239],[16.38254,48.21237],[16.38249,48.21239],[16.38243,48.21236],[16.38212,48.21235],[16.38182,48.21234],[16.3816,48.21234],[16.38133,48.21234],[16.38099,48.21235],[16.38037,48.21238],[16.3803,48.21239],[16.38005,48.2124],[16.37978,48.21243],[16.37914,48.21252],[16.37902,48.21253],[16.37887,48.21256],[16.3785,48.21263],[16.37831,48.21267],[16.37802,48.21274],[16.37784,48.21281],[16.37767,48.21286],[16.37739,48.21297],[16.37726,48.21303],[16.37658,48.21226],[16.37671,48.21221],[16.37703,48.2121],[16.37734,48.212],[16.37746,48.21196],[16.37783,48.21186],[16.3779,48.21185],[16.37873,48.21164],[16.37914,48.21252],[16.37966,48.2134],[16.37993,48.21405],[16.37938,48.21391],[16.37993,48.21405],[16.38005,48.21446],[16.3802,48.21502],[16.38031,48.2155],[16.38036,48.21572],[16.38065,48.21631],[16.3807,48.21644],[16.38073,48.21654],[16.38075,48.21663],[16.38077,48.21673],[16.38079,48.2168],[16.3808,48.21692],[16.3808,48.21703],[16.38079,48.21722],[16.3808,48.21758],[16.38083,48.21848],[16.38084,48.21876],[16.38085,48.21898],[16.38121,48.21972],[16.38156,48.22045],[16.38217,48.22188],[16.38277,48.22328],[16.38302,48.22389],[16.38349,48.2251],[16.38358,48.22525],[16.38367,48.22536],[16.38373,48.22542],[16.38381,48.22548],[16.38388,48.22553],[16.38386,48.22559],[16.38397,48.22564],[16.38435,48.22581],[16.38507,48.22616],[16.38666,48.227],[16.3879,48.22766],[16.38804,48.22773],[16.38842,48.22792],[16.38823,48.22871],[16.38813,48.22916],[16.38812,48.22923],[16.3881,48.22927],[16.38808,48.22933],[16.38806,48.22936],[16.38802,48.22942],[16.38796,48.22948],[16.38793,48.22951],[16.38622,48.23103],[16.3829,48.23397],[16.38051,48.2361],[16.37952,48.23696],[16.37891,48.23751],[16.37839,48.23798],[16.37822,48.23812],[16.3771,48.23911],[16.37694,48.23925],[16.37678,48.2394],[16.37635,48.23976],[16.3763,48.23981],[16.37531,48.24075],[16.37467,48.24169],[16.37423,48.2423],[16.37408,48.24238],[16.37404,48.24241],[16.37398,48.24244],[16.37394,48.24246],[16.37388,48.24248],[16.37378,48.24249],[16.37366,48.2425],[16.37301,48.2425],[16.37292,48.2425],[16.37267,48.24256],[16.37253,48.24261],[16.37052,48.24341],[16.36841,48.24425],[16.36829,48.24428],[16.36842,48.24446],[16.36911,48.24518],[16.36958,48.24568],[16.36961,48.24571],[16.36965,48.24574],[16.36969,48.24576],[16.36974,48.24579],[16.3698,48.24581],[16.36988,48.24582],[16.37018,48.24587],[16.37021,48.24583],[16.37027,48.24577],[16.37031,48.24575],[16.3729,48.24542],[16.37359,48.24537],[16.37457,48.24528],[16.37498,48.24525],[16.37547,48.24521],[16.37548,48.2452],[16.3755,48.24517],[16.37553,48.24516],[16.37556,48.24515],[16.37559,48.24514],[16.37563,48.24514],[16.37567,48.24514],[16.3757,48.24515],[16.37572,48.24516],[16.37576,48.24518],[16.37595,48.24508],[16.37694,48.24407],[16.37734,48.24366],[16.37866,48.24425],[16.37908,48.24444],[16.37993,48.24481],[16.3801,48.24491],[16.3802,48.24497],[16.38049,48.24515],[16.38147,48.24581],[16.38176,48.24599],[16.38193,48.24608],[16.38227,48.24625],[16.38265,48.24642],[16.38578,48.24782],[16.38733,48.2485],[16.39078,48.25007],[16.3913,48.25029],[16.39166,48.2505],[16.39178,48.25059],[16.3919,48.25068],[16.39204,48.25082],[16.39214,48.25095],[16.39234,48.25126],[16.39305,48.25246],[16.39313,48.25259],[16.39323,48.25274],[16.39341,48.25299],[16.39369,48.25336],[16.39397,48.25371],[16.39428,48.25407],[16.39441,48.2542],[16.39498,48.25475],[16.39571,48.25547],[16.39616,48.25593],[16.39659,48.25639],[16.39681,48.25663],[16.39725,48.25718],[16.39735,48.25728],[16.39747,48.25743],[16.39759,48.25758],[16.39774,48.2578],[16.39798,48.25821],[16.39813,48.25842],[16.3984,48.25833],[16.39898,48.25806],[16.39964,48.25776],[16.39912,48.25706]]}},{"type":"Feature","properties":{"lineId":"N30","name":"N30","longName":"Floridsdorf - Neu Leopoldau","mode":"bus","color":null,"stops":[{"name":"Neu Leopoldau","lon":16.42638,"lat":48.27293},{"name":"Siemensstraße","lon":16.4211,"lat":48.27131},{"name":"Kaisergrund","lon":16.41976,"lat":48.26788},{"name":"Ferdinand-Platzer-Gasse","lon":16.42069,"lat":48.26493},{"name":"Leopoldine-Padaurek-Straße","lon":16.42364,"lat":48.26339},{"name":"Töllergasse","lon":16.42177,"lat":48.26181},{"name":"Hawlicekgasse","lon":16.41599,"lat":48.26042},{"name":"Sebastian-Kohl-Gasse","lon":16.40994,"lat":48.25896},{"name":"Patrizigasse","lon":16.40394,"lat":48.2572},{"name":"Floridsdorf","lon":16.39919,"lat":48.25701}],"lengthKm":4.8},"geometry":{"type":"LineString","coordinates":[[16.42634,48.27293],[16.42627,48.27307],[16.42619,48.27314],[16.42613,48.27309],[16.42607,48.27305],[16.42558,48.27278],[16.42554,48.27274],[16.42553,48.27271],[16.4255,48.27266],[16.42547,48.27262],[16.42512,48.27265],[16.42486,48.27266],[16.4247,48.27266],[16.42456,48.27266],[16.42436,48.27266],[16.42419,48.27265],[16.42398,48.27263],[16.42379,48.2726],[16.42359,48.27257],[16.42328,48.27251],[16.42295,48.27243],[16.42268,48.27234],[16.42252,48.27229],[16.42137,48.27181],[16.4208,48.27157],[16.42061,48.27149],[16.42053,48.27147],[16.4205,48.27147],[16.42046,48.27147],[16.42052,48.2714],[16.42069,48.27132],[16.42075,48.2713],[16.4208,48.27129],[16.42087,48.27129],[16.42099,48.27132],[16.42108,48.27134],[16.42131,48.2714],[16.42127,48.27146],[16.42107,48.27168],[16.4208,48.27157],[16.42059,48.27149],[16.42053,48.27147],[16.4205,48.27147],[16.42046,48.27147],[16.4204,48.27148],[16.42033,48.2715],[16.42008,48.27161],[16.42,48.27163],[16.41991,48.27166],[16.4198,48.27166],[16.41962,48.27166],[16.41942,48.27168],[16.41931,48.27172],[16.41831,48.27218],[16.41823,48.27209],[16.41775,48.27164],[16.41771,48.2716],[16.4177,48.27156],[16.41766,48.27148],[16.41769,48.27138],[16.41778,48.27138],[16.41786,48.27138],[16.41795,48.27138],[16.41871,48.27132],[16.41912,48.27128],[16.41973,48.27122],[16.4199,48.2712],[16.42012,48.27116],[16.42022,48.27113],[16.4203,48.27111],[16.42043,48.27107],[16.42052,48.27103],[16.4206,48.271],[16.42257,48.26997],[16.42137,48.26897],[16.42131,48.26891],[16.42124,48.26886],[16.42119,48.26884],[16.42115,48.26882],[16.42108,48.26879],[16.42099,48.26876],[16.42092,48.26873],[16.42084,48.26867],[16.42068,48.26854],[16.41983,48.26784],[16.41845,48.2667],[16.41837,48.26664],[16.41828,48.26659],[16.41826,48.26657],[16.41823,48.26653],[16.4182,48.26649],[16.41819,48.26646],[16.41819,48.26644],[16.41819,48.26641],[16.41819,48.26639],[16.4182,48.26636],[16.41821,48.26633],[16.41823,48.26631],[16.41825,48.26629],[16.41827,48.26627],[16.41831,48.26625],[16.41837,48.26622],[16.41848,48.26618],[16.41851,48.26616],[16.41939,48.26569],[16.42074,48.26496],[16.42196,48.26432],[16.42202,48.26429],[16.42215,48.26423],[16.42223,48.2642],[16.42368,48.26342],[16.42381,48.26335],[16.42391,48.26332],[16.4238,48.26314],[16.42375,48.26305],[16.42367,48.26283],[16.42365,48.26273],[16.42364,48.26264],[16.42363,48.26257],[16.42363,48.26246],[16.42364,48.26235],[16.42368,48.26213],[16.42331,48.26207],[16.42309,48.26203],[16.42279,48.26196],[16.42181,48.26172],[16.42131,48.26161],[16.4193,48.26114],[16.41602,48.26035],[16.41446,48.25998],[16.41404,48.25989],[16.41323,48.25969],[16.4129,48.2596],[16.4112,48.2592],[16.40996,48.2589],[16.4082,48.25848],[16.40719,48.25825],[16.40623,48.25802],[16.40508,48.25775],[16.40497,48.25771],[16.40492,48.25769],[16.40481,48.25765],[16.40463,48.25756],[16.40461,48.25758],[16.40458,48.25759],[16.40455,48.2576],[16.40451,48.25761],[16.40448,48.25761],[16.40444,48.25761],[16.40441,48.2576],[16.40437,48.25759],[16.40434,48.25758],[16.40432,48.25756],[16.4043,48.25753],[16.40429,48.25751],[16.40429,48.25749],[16.40429,48.25746],[16.4043,48.25744],[16.40432,48.25742],[16.40434,48.2574],[16.40431,48.25738],[16.40417,48.25727],[16.40404,48.25715],[16.40385,48.25697],[16.40313,48.25626],[16.40302,48.25621],[16.40197,48.25667],[16.40133,48.25697],[16.40129,48.25692],[16.40033,48.25571],[16.40028,48.25566],[16.39931,48.25604],[16.39857,48.25632],[16.39911,48.25704]]}},{"type":"Feature","properties":{"lineId":"N31","name":"N31","longName":"Schwedenplatz - Stammersdorf","mode":"bus","color":"#0A295D","stops":[{"name":"Schwedenplatz","lon":16.37705,"lat":48.21199},{"name":"Schottenring","lon":16.37349,"lat":48.21734},{"name":"Obere Augartenstraße","lon":16.37464,"lat":48.22212},{"name":"Gaußplatz","lon":16.37021,"lat":48.22667},{"name":"Wallensteinplatz","lon":16.37118,"lat":48.22967},{"name":"Brigittaplatz","lon":16.37048,"lat":48.23252},{"name":"Jägerstraße","lon":16.37031,"lat":48.23535},{"name":"Höchstädtplatz","lon":16.37642,"lat":48.23987},{"name":"Friedrich-Engels-Platz","lon":16.37919,"lat":48.24433},{"name":"Matthäus-Jiszda-Straße","lon":16.39453,"lat":48.25414},{"name":"Floridsdorf","lon":16.40102,"lat":48.25707},{"name":"Floridsdorf","lon":16.40047,"lat":48.25597},{"name":"Floridsdorfer Markt","lon":16.40011,"lat":48.2617},{"name":"Bahnsteggasse","lon":16.40198,"lat":48.26483},{"name":"Brünner Straße","lon":16.40421,"lat":48.26865},{"name":"Shuttleworthstraße","lon":16.40568,"lat":48.27119},{"name":"Großjedlersdorf","lon":16.40886,"lat":48.27681},{"name":"Carabelligasse","lon":16.41076,"lat":48.27996},{"name":"Hanreitergasse","lon":16.41342,"lat":48.2843},{"name":"Empergergasse","lon":16.41438,"lat":48.28601},{"name":"Anton-Schall-Gasse","lon":16.41609,"lat":48.289},{"name":"Van-Swieten-Kaserne","lon":16.41857,"lat":48.29331},{"name":"Stammersdorf","lon":16.42031,"lat":48.29788}],"lengthKm":13.2},"geometry":{"type":"LineString","coordinates":[[16.37711,48.21207],[16.37734,48.212],[16.37746,48.21196],[16.37783,48.21186],[16.37873,48.21164],[16.37914,48.21252],[16.37902,48.21253],[16.37887,48.21256],[16.3785,48.21263],[16.37831,48.21267],[16.37802,48.21274],[16.37784,48.21281],[16.37767,48.21286],[16.37739,48.21297],[16.37726,48.21303],[16.37704,48.21312],[16.37671,48.21327],[16.37632,48.21347],[16.37619,48.21354],[16.3761,48.21363],[16.37597,48.21378],[16.3759,48.2139],[16.37586,48.21397],[16.37584,48.21405],[16.3758,48.21419],[16.37578,48.21439],[16.37577,48.21458],[16.37499,48.21565],[16.37459,48.21612],[16.37384,48.21689],[16.37344,48.21731],[16.37341,48.21734],[16.37311,48.21769],[16.37306,48.21777],[16.37296,48.21797],[16.37288,48.21809],[16.37273,48.21825],[16.37263,48.21833],[16.37251,48.21842],[16.37232,48.21852],[16.37162,48.21892],[16.37096,48.21932],[16.37208,48.2202],[16.37401,48.22174],[16.37455,48.22216],[16.37545,48.22287],[16.37423,48.22377],[16.37344,48.22435],[16.37241,48.22509],[16.37232,48.22514],[16.37225,48.22518],[16.37217,48.22523],[16.37203,48.22528],[16.37195,48.22531],[16.37184,48.22534],[16.37135,48.22548],[16.37113,48.22553],[16.37101,48.22556],[16.37086,48.22562],[16.37072,48.22567],[16.37056,48.22574],[16.37048,48.22578],[16.37039,48.22584],[16.37034,48.22587],[16.3703,48.2259],[16.37023,48.22595],[16.37018,48.226],[16.37009,48.22612],[16.37012,48.22613],[16.37015,48.22615],[16.37019,48.22617],[16.37021,48.22619],[16.37022,48.22621],[16.37023,48.22625],[16.37023,48.22629],[16.37023,48.22631],[16.37022,48.22634],[16.37019,48.22637],[16.37018,48.22639],[16.37014,48.22641],[16.37012,48.22642],[16.37006,48.22644],[16.37016,48.22668],[16.37056,48.22772],[16.37075,48.22821],[16.37098,48.22878],[16.3712,48.22934],[16.3712,48.22937],[16.37113,48.22966],[16.37105,48.22994],[16.37081,48.23085],[16.37062,48.23157],[16.37038,48.2325],[16.3703,48.23285],[16.37028,48.23298],[16.3702,48.23386],[16.3702,48.23392],[16.37025,48.23514],[16.37027,48.23535],[16.37029,48.23547],[16.37045,48.23632],[16.37063,48.23635],[16.37073,48.23638],[16.37291,48.23739],[16.37359,48.2377],[16.37459,48.23816],[16.37577,48.2387],[16.37694,48.23925],[16.37678,48.2394],[16.37635,48.23976],[16.3763,48.23981],[16.37531,48.24075],[16.37467,48.24169],[16.37423,48.2423],[16.37507,48.24266],[16.37603,48.24308],[16.37734,48.24366],[16.37866,48.24425],[16.37908,48.24444],[16.37993,48.24481],[16.3801,48.24491],[16.3802,48.24497],[16.38049,48.24515],[16.38147,48.24581],[16.38176,48.24599],[16.38193,48.24608],[16.38227,48.24625],[16.38265,48.24642],[16.38578,48.24782],[16.38733,48.2485],[16.39078,48.25007],[16.3913,48.25029],[16.39166,48.2505],[16.39178,48.25059],[16.3919,48.25068],[16.39204,48.25082],[16.39214,48.25095],[16.39234,48.25126],[16.39305,48.25246],[16.39313,48.25259],[16.39323,48.25274],[16.39341,48.25299],[16.39369,48.25336],[16.39397,48.25371],[16.39428,48.25407],[16.39441,48.2542],[16.39498,48.25475],[16.39571,48.25547],[16.39616,48.25593],[16.39659,48.25639],[16.39681,48.25663],[16.39725,48.25718],[16.39735,48.25728],[16.39759,48.25758],[16.39774,48.2578],[16.39798,48.25821],[16.39813,48.25842],[16.3984,48.25833],[16.39898,48.25806],[16.39964,48.25776],[16.40105,48.2571],[16.40133,48.25697],[16.40129,48.25692],[16.40052,48.25596],[16.40033,48.25571],[16.40028,48.25566],[16.39931,48.25604],[16.39857,48.25632],[16.39964,48.25776],[16.39898,48.25806],[16.3984,48.25833],[16.39813,48.25842],[16.39909,48.26002],[16.39956,48.26083],[16.40007,48.26171],[16.40036,48.26219],[16.40075,48.26281],[16.40094,48.26316],[16.40156,48.26423],[16.40173,48.2645],[16.40193,48.26485],[16.40228,48.26546],[16.40322,48.26715],[16.40376,48.26805],[16.40415,48.26867],[16.40458,48.26934],[16.40511,48.27022],[16.40569,48.27119],[16.40586,48.27149],[16.40641,48.27246],[16.40669,48.27294],[16.40706,48.27362],[16.40726,48.27398],[16.4078,48.27499],[16.4079,48.27518],[16.40838,48.27609],[16.40862,48.27652],[16.4088,48.27682],[16.40931,48.27766],[16.40941,48.27781],[16.4096,48.27808],[16.40969,48.2782],[16.40982,48.27841],[16.41069,48.27992],[16.41072,48.27997],[16.4109,48.28026],[16.41097,48.28037],[16.41164,48.28154],[16.4119,48.282],[16.41224,48.2826],[16.41285,48.28363],[16.41326,48.28434],[16.41423,48.28606],[16.41434,48.28625],[16.41595,48.28905],[16.4161,48.2893],[16.41644,48.28991],[16.41664,48.2903],[16.41689,48.29074],[16.41744,48.29169],[16.41798,48.29259],[16.41827,48.29314],[16.41836,48.29327],[16.4184,48.29335],[16.41909,48.29456],[16.41916,48.29468],[16.41922,48.29482],[16.41929,48.29501],[16.41936,48.29522],[16.4194,48.29529],[16.41948,48.29546],[16.41974,48.2959],[16.41978,48.29595],[16.41983,48.29603],[16.42035,48.29698],[16.42062,48.29745],[16.42111,48.29824],[16.42129,48.29854],[16.42106,48.2986],[16.4209,48.29866],[16.4207,48.29875],[16.41985,48.29925],[16.41945,48.29841],[16.41897,48.29758],[16.41995,48.29747],[16.42003,48.29748],[16.42006,48.29755],[16.42025,48.29789]]}},{"type":"Feature","properties":{"lineId":"N35","name":"N35","longName":"Spittelau - Salmannsdorf","mode":"bus","color":"#0A295D","stops":[{"name":"Spittelau","lon":16.35771,"lat":48.23319},{"name":"Nußdorfer Straße","lon":16.35181,"lat":48.2314},{"name":"Weitlofgasse","lon":16.34809,"lat":48.23024},{"name":"Währinger Park","lon":16.34697,"lat":48.23247},{"name":"Hardtgasse","lon":16.34899,"lat":48.23617},{"name":"Gatterburggasse","lon":16.3494,"lat":48.2389},{"name":"Krottenbachstraße","lon":16.34156,"lat":48.24054},{"name":"Flotowgasse","lon":16.33803,"lat":48.24068},{"name":"Rodlergasse","lon":16.33455,"lat":48.24081},{"name":"Kratzlgasse","lon":16.3304,"lat":48.24136},{"name":"Gustav-Pick-Gasse","lon":16.32633,"lat":48.24205},{"name":"Glanzing","lon":16.32173,"lat":48.24326},{"name":"Kammerergasse","lon":16.31888,"lat":48.24461},{"name":"Strehlgasse","lon":16.31463,"lat":48.24658},{"name":"Kleingartenverein Hackenberg","lon":16.31191,"lat":48.24788},{"name":"Neustift, Agnesgasse","lon":16.30804,"lat":48.25021},{"name":"Neustift am Walde","lon":16.30183,"lat":48.25107},{"name":"Celtesgasse","lon":16.29698,"lat":48.25183},{"name":"Salmannsdorf","lon":16.29338,"lat":48.25213}],"lengthKm":6.9},"geometry":{"type":"LineString","coordinates":[[16.35775,48.23307],[16.3571,48.23296],[16.35647,48.23285],[16.35638,48.23278],[16.35605,48.23271],[16.35571,48.23268],[16.3556,48.23272],[16.35495,48.23304],[16.35485,48.23307],[16.35477,48.2331],[16.35446,48.23315],[16.35442,48.23305],[16.35437,48.23294],[16.3543,48.23277],[16.35427,48.23269],[16.35421,48.2326],[16.35415,48.23252],[16.35402,48.23237],[16.35398,48.23233],[16.35385,48.23225],[16.35342,48.23195],[16.35289,48.23174],[16.35249,48.23159],[16.35186,48.23134],[16.35084,48.23093],[16.35066,48.23085],[16.35054,48.23079],[16.35041,48.23071],[16.35034,48.23065],[16.35029,48.23061],[16.35024,48.23052],[16.35021,48.23045],[16.35019,48.23036],[16.35008,48.22987],[16.3493,48.22995],[16.34807,48.23021],[16.34617,48.2306],[16.34548,48.23075],[16.34599,48.23128],[16.34637,48.23168],[16.34643,48.23175],[16.34649,48.23182],[16.34654,48.23191],[16.34688,48.23249],[16.34713,48.23292],[16.34715,48.23295],[16.34717,48.23304],[16.3472,48.23304],[16.34722,48.23305],[16.34723,48.23306],[16.34725,48.23307],[16.34725,48.23309],[16.34725,48.2331],[16.34724,48.23311],[16.34723,48.23312],[16.34727,48.23316],[16.34736,48.23327],[16.34783,48.23395],[16.34844,48.23482],[16.34848,48.23488],[16.3485,48.23493],[16.34866,48.23543],[16.34875,48.2357],[16.34876,48.23574],[16.3489,48.23618],[16.34894,48.23631],[16.34897,48.23633],[16.34923,48.23643],[16.34918,48.23651],[16.3491,48.23671],[16.34907,48.23681],[16.34905,48.2369],[16.34903,48.23697],[16.34901,48.23707],[16.34928,48.23878],[16.34927,48.2389],[16.34926,48.23918],[16.34918,48.23948],[16.34887,48.2403],[16.34884,48.24091],[16.34854,48.24091],[16.34801,48.2409],[16.34786,48.24089],[16.3477,48.24088],[16.3475,48.24086],[16.34672,48.24075],[16.34614,48.24067],[16.34564,48.24062],[16.34536,48.24059],[16.34468,48.24057],[16.34418,48.24057],[16.34387,48.24057],[16.3437,48.2406],[16.34351,48.24062],[16.34324,48.24064],[16.34306,48.24064],[16.34277,48.24063],[16.34157,48.24048],[16.3413,48.24045],[16.33977,48.24053],[16.33803,48.2406],[16.33753,48.24062],[16.33645,48.24066],[16.33523,48.24072],[16.33454,48.24075],[16.33416,48.24077],[16.3329,48.2408],[16.33281,48.24081],[16.33271,48.24082],[16.33237,48.24087],[16.33227,48.24089],[16.33208,48.24093],[16.33039,48.24132],[16.33006,48.2414],[16.32889,48.24166],[16.32862,48.24171],[16.32838,48.24175],[16.32801,48.2418],[16.32741,48.24185],[16.32682,48.24191],[16.32664,48.24192],[16.32642,48.24195],[16.3263,48.24197],[16.32604,48.242],[16.32555,48.24208],[16.32516,48.24216],[16.32438,48.24233],[16.32388,48.24245],[16.32364,48.24252],[16.32343,48.24258],[16.32304,48.2427],[16.32249,48.24289],[16.32202,48.24307],[16.32188,48.24313],[16.32169,48.24321],[16.32137,48.24335],[16.32068,48.24367],[16.31882,48.24455],[16.31774,48.24506],[16.31725,48.24528],[16.31716,48.24532],[16.31702,48.24538],[16.31569,48.24601],[16.31564,48.24603],[16.31486,48.2464],[16.31484,48.24641],[16.31458,48.24654],[16.3123,48.24761],[16.31205,48.24774],[16.31186,48.24783],[16.31147,48.24805],[16.31028,48.24877],[16.30908,48.2495],[16.30797,48.25018],[16.3079,48.25023],[16.30779,48.25029],[16.30766,48.25038],[16.30767,48.2504],[16.30769,48.25041],[16.30769,48.25043],[16.30769,48.25044],[16.30769,48.25046],[16.30769,48.25047],[16.30767,48.25049],[16.30766,48.2505],[16.30764,48.25051],[16.30762,48.25052],[16.3076,48.25052],[16.30757,48.25052],[16.30755,48.25052],[16.30753,48.25052],[16.30751,48.25051],[16.30749,48.2505],[16.30747,48.25049],[16.30746,48.25047],[16.30745,48.25046],[16.30745,48.25045],[16.30719,48.25046],[16.30442,48.25082],[16.30361,48.25091],[16.3035,48.25092],[16.30343,48.25092],[16.30334,48.25092],[16.30301,48.25094],[16.30241,48.25099],[16.30207,48.251],[16.30183,48.251],[16.30153,48.251],[16.3008,48.25113],[16.30018,48.25131],[16.2986,48.25141],[16.29799,48.25159],[16.29769,48.25167],[16.29743,48.25173],[16.29697,48.25177],[16.29614,48.25183],[16.29502,48.25191],[16.29352,48.25201],[16.29324,48.25203],[16.29325,48.25211],[16.29325,48.25217],[16.29326,48.2522],[16.29328,48.25222],[16.2933,48.25223],[16.29334,48.25223],[16.29338,48.25222],[16.29342,48.2522],[16.29344,48.25216],[16.29344,48.25214]]}},{"type":"Feature","properties":{"lineId":"N36","name":"N36","longName":"Nußdorfer Straße - Nußdorf","mode":"bus","color":null,"stops":[{"name":"Nußdorfer Straße","lon":16.35304,"lat":48.23151},{"name":"Liechtenwerder Platz","lon":16.35546,"lat":48.23233},{"name":"Spittelau","lon":16.35688,"lat":48.23604},{"name":"Rampengasse","lon":16.36053,"lat":48.24081},{"name":"Gunoldstraße","lon":16.36173,"lat":48.24439},{"name":"Heiligenstadt/12.-Februar-Platz","lon":16.36274,"lat":48.24875},{"name":"Heiligenstadt","lon":16.3646,"lat":48.24894},{"name":"Halteraugasse","lon":16.3639,"lat":48.25172},{"name":"Grinzinger Straße","lon":16.36534,"lat":48.25448},{"name":"Sickenberggasse","lon":16.36699,"lat":48.2578},{"name":"Nußdorf","lon":16.36717,"lat":48.25983}],"lengthKm":4},"geometry":{"type":"LineString","coordinates":[[16.35308,48.23152],[16.35325,48.23133],[16.35421,48.23171],[16.35479,48.23197],[16.3549,48.23203],[16.35501,48.2321],[16.35512,48.23217],[16.35522,48.23224],[16.35533,48.23232],[16.35537,48.23237],[16.35543,48.23242],[16.35558,48.23257],[16.35565,48.23264],[16.35571,48.23268],[16.35605,48.23271],[16.3561,48.23291],[16.35618,48.23299],[16.35622,48.23305],[16.35624,48.23311],[16.35624,48.23316],[16.35624,48.23321],[16.35624,48.23335],[16.35626,48.23364],[16.35634,48.23401],[16.35641,48.23425],[16.35647,48.23443],[16.3564,48.23454],[16.35658,48.23521],[16.35664,48.2354],[16.35677,48.23588],[16.35681,48.23598],[16.35684,48.23604],[16.35686,48.23611],[16.35692,48.2362],[16.35715,48.23656],[16.35808,48.23797],[16.36048,48.24083],[16.36064,48.24102],[16.36087,48.2413],[16.36092,48.24137],[16.36099,48.24147],[16.36104,48.24157],[16.36109,48.24166],[16.36114,48.2418],[16.36117,48.2419],[16.36156,48.24367],[16.36161,48.24389],[16.36167,48.24425],[16.36168,48.24439],[16.36171,48.24466],[16.36178,48.24522],[16.3617,48.24543],[16.36174,48.2457],[16.36177,48.2459],[16.36181,48.24615],[16.36184,48.24631],[16.36194,48.24673],[16.36215,48.24767],[16.36223,48.24792],[16.36257,48.24879],[16.36263,48.24896],[16.36401,48.24872],[16.36439,48.24865],[16.36443,48.24871],[16.36452,48.24896],[16.36489,48.2499],[16.36491,48.24994],[16.36342,48.2502],[16.36314,48.25025],[16.36338,48.25025],[16.36395,48.25172],[16.36428,48.25257],[16.36433,48.25265],[16.36505,48.25394],[16.36493,48.25407],[16.36505,48.25413],[16.36529,48.25449],[16.36541,48.25468],[16.36547,48.25479],[16.36611,48.2561],[16.3667,48.2573],[16.36695,48.25781],[16.36705,48.25802],[16.36726,48.25875],[16.36741,48.25927],[16.36742,48.25937],[16.36742,48.25946],[16.36739,48.25956],[16.36738,48.25963],[16.36724,48.26003],[16.36725,48.26034],[16.36711,48.26034],[16.36672,48.2603],[16.36668,48.2603],[16.36664,48.26028],[16.3666,48.26026],[16.36657,48.26024],[16.36655,48.26021],[16.36654,48.26018],[16.36655,48.26011],[16.3665,48.26007],[16.36655,48.26001],[16.36712,48.26008],[16.36724,48.2601],[16.36724,48.26003],[16.3673,48.25985]]}},{"type":"Feature","properties":{"lineId":"N38","name":"N38","longName":"Schottentor - Grinzing","mode":"bus","color":"#0A295D","stops":[{"name":"Schottentor","lon":16.36196,"lat":48.21435},{"name":"Börse","lon":16.36624,"lat":48.21559},{"name":"Schottenring","lon":16.37195,"lat":48.21682},{"name":"Schwedenplatz","lon":16.37835,"lat":48.21167},{"name":"Stubentor U","lon":16.38006,"lat":48.2069},{"name":"Schwarzenbergplatz","lon":16.3748,"lat":48.20185},{"name":"Oper/Karlsplatz","lon":16.36882,"lat":48.2026},{"name":"Burgring","lon":16.36417,"lat":48.20376},{"name":"Ring/Volkstheater","lon":16.36007,"lat":48.2068},{"name":"Rathausplatz/Burgtheater","lon":16.36069,"lat":48.21029},{"name":"Schottentor","lon":16.36212,"lat":48.2137},{"name":"Börse","lon":16.36624,"lat":48.21559},{"name":"Schlickgasse","lon":16.3644,"lat":48.21863},{"name":"Bauernfeldplatz","lon":16.36091,"lat":48.22068},{"name":"Seegasse","lon":16.36138,"lat":48.22285},{"name":"Franz-Josefs-Bahnhof","lon":16.36181,"lat":48.22507},{"name":"Alserbachstraße","lon":16.35569,"lat":48.22505},{"name":"Canisiusgasse","lon":16.35501,"lat":48.22798},{"name":"Nußdorfer Straße","lon":16.3544,"lat":48.23134},{"name":"Glatzgasse","lon":16.35343,"lat":48.23302},{"name":"Hardtgasse","lon":16.3491,"lat":48.23675},{"name":"Gatterburggasse","lon":16.3494,"lat":48.2389},{"name":"Silbergasse","lon":16.34842,"lat":48.24298},{"name":"Oberdöbling","lon":16.34426,"lat":48.2449},{"name":"Sieveringer Straße","lon":16.34267,"lat":48.2464},{"name":"Paradisgasse","lon":16.34213,"lat":48.24853},{"name":"An den langen Lüssen","lon":16.34198,"lat":48.25244},{"name":"Grinzing","lon":16.34184,"lat":48.25511}],"lengthKm":13.2},"geometry":{"type":"LineString","coordinates":[[16.36203,48.21438],[16.36249,48.21395],[16.36544,48.2153],[16.36618,48.21564],[16.36682,48.21594],[16.36828,48.21661],[16.36866,48.21677],[16.36885,48.21686],[16.37024,48.21749],[16.37055,48.21754],[16.37105,48.21754],[16.37125,48.21745],[16.3714,48.21735],[16.37166,48.21717],[16.37181,48.21705],[16.37203,48.21686],[16.37211,48.21679],[16.37269,48.21622],[16.37304,48.21581],[16.37361,48.21496],[16.37367,48.21485],[16.37379,48.21463],[16.37416,48.21405],[16.37492,48.2133],[16.3752,48.21307],[16.37555,48.21283],[16.37587,48.21263],[16.37628,48.2124],[16.37658,48.21226],[16.37671,48.21221],[16.37703,48.2121],[16.37734,48.212],[16.37783,48.21186],[16.37839,48.21173],[16.37873,48.21164],[16.37944,48.21153],[16.37999,48.21148],[16.38106,48.21144],[16.38215,48.2114],[16.38286,48.21137],[16.38273,48.21077],[16.38249,48.20985],[16.38224,48.2089],[16.38154,48.2082],[16.38016,48.20686],[16.37883,48.20555],[16.37819,48.20495],[16.37771,48.20446],[16.376,48.20278],[16.37508,48.2019],[16.37503,48.20186],[16.3749,48.20179],[16.37485,48.20178],[16.37427,48.20162],[16.37363,48.20147],[16.37354,48.20147],[16.37344,48.20149],[16.36961,48.20235],[16.36952,48.20237],[16.36934,48.20242],[16.36879,48.20255],[16.36809,48.2027],[16.368,48.20271],[16.36605,48.20314],[16.36426,48.20355],[16.36406,48.2037],[16.36199,48.20524],[16.36028,48.20652],[16.35998,48.20675],[16.35975,48.20693],[16.3597,48.20699],[16.35968,48.20704],[16.35966,48.20711],[16.3597,48.20726],[16.35974,48.20738],[16.35982,48.20762],[16.36013,48.20867],[16.36044,48.20967],[16.36062,48.21031],[16.36086,48.21112],[16.36116,48.21213],[16.36127,48.21248],[16.36136,48.21277],[16.36158,48.21353],[16.36206,48.21376],[16.36477,48.21499],[16.36544,48.2153],[16.36618,48.21564],[16.36682,48.21594],[16.36794,48.21486],[16.36772,48.21487],[16.36674,48.21443],[16.36668,48.21441],[16.36644,48.21437],[16.36641,48.21436],[16.36529,48.21546],[16.3646,48.21515],[16.36345,48.21624],[16.3628,48.21683],[16.36231,48.21728],[16.36175,48.21807],[16.36405,48.21883],[16.36419,48.2189],[16.36439,48.21863],[16.36476,48.21812],[16.36479,48.21805],[16.36486,48.21779],[16.36429,48.21753],[16.3628,48.21683],[16.36231,48.21728],[16.36175,48.21807],[16.36094,48.21918],[16.36076,48.21957],[16.36057,48.21997],[16.36036,48.22048],[16.36027,48.22065],[16.36025,48.22069],[16.36023,48.22071],[16.36019,48.22076],[16.36008,48.22087],[16.35942,48.22157],[16.35934,48.22168],[16.35927,48.22175],[16.35938,48.22177],[16.3597,48.22181],[16.35979,48.22183],[16.36042,48.22201],[16.36048,48.22202],[16.3606,48.22204],[16.36084,48.22206],[16.36097,48.22206],[16.36073,48.22151],[16.36074,48.22089],[16.36074,48.22085],[16.36076,48.22079],[16.36077,48.22076],[16.36079,48.22073],[16.36081,48.22071],[16.36086,48.22066],[16.36081,48.22071],[16.36079,48.22073],[16.36077,48.22076],[16.36076,48.22079],[16.36074,48.22085],[16.36074,48.22089],[16.36073,48.22151],[16.36134,48.22286],[16.36147,48.22316],[16.3615,48.22323],[16.36152,48.22331],[16.36158,48.22384],[16.36172,48.22498],[16.36171,48.225],[16.36172,48.22508],[16.36177,48.22551],[16.36177,48.22555],[16.36176,48.22559],[16.36174,48.22563],[16.36171,48.22568],[16.36083,48.2254],[16.36063,48.22535],[16.35976,48.22516],[16.35963,48.22514],[16.35862,48.22496],[16.35842,48.22494],[16.3573,48.22489],[16.35721,48.2249],[16.35651,48.22496],[16.35631,48.22496],[16.35616,48.22496],[16.356,48.22495],[16.35587,48.22494],[16.35575,48.22492],[16.35499,48.22478],[16.35491,48.22485],[16.35476,48.22491],[16.35457,48.22496],[16.35488,48.22531],[16.35511,48.22564],[16.35518,48.22576],[16.35521,48.22584],[16.35523,48.22589],[16.35524,48.22594],[16.35526,48.22603],[16.35528,48.22649],[16.35528,48.22654],[16.35527,48.22659],[16.35526,48.22671],[16.35525,48.22678],[16.3551,48.22733],[16.35489,48.22796],[16.35485,48.22808],[16.35462,48.22911],[16.35451,48.22963],[16.3545,48.22969],[16.35444,48.22984],[16.35443,48.22988],[16.3544,48.2302],[16.35439,48.23055],[16.35436,48.23134],[16.35435,48.23146],[16.35421,48.23171],[16.35393,48.23212],[16.35385,48.23225],[16.35353,48.23278],[16.35339,48.23301],[16.35318,48.23334],[16.35237,48.23363],[16.35215,48.23377],[16.35146,48.23424],[16.35097,48.23469],[16.35074,48.23492],[16.35064,48.23503],[16.35032,48.23543],[16.35003,48.23574],[16.34923,48.23643],[16.34918,48.23651],[16.3491,48.23671],[16.34909,48.23674],[16.34907,48.23681],[16.34905,48.2369],[16.34903,48.23697],[16.34901,48.23707],[16.34928,48.23878],[16.34927,48.2389],[16.34926,48.23918],[16.34918,48.23948],[16.34887,48.2403],[16.34884,48.24091],[16.34883,48.24114],[16.34878,48.24225],[16.34876,48.24252],[16.34873,48.24264],[16.3487,48.24269],[16.34866,48.24274],[16.34858,48.24278],[16.34843,48.24284],[16.34834,48.24287],[16.3483,48.24288],[16.34814,48.24291],[16.34797,48.24294],[16.34772,48.24297],[16.34752,48.243],[16.3473,48.24304],[16.34695,48.24312],[16.34677,48.24317],[16.34648,48.24327],[16.34629,48.24335],[16.34613,48.24342],[16.3458,48.24361],[16.34554,48.2438],[16.34522,48.24405],[16.34483,48.24437],[16.34458,48.24457],[16.34418,48.24485],[16.34399,48.24499],[16.34318,48.24558],[16.34272,48.2459],[16.3426,48.24639],[16.34227,48.24765],[16.34206,48.24852],[16.34197,48.24889],[16.34183,48.24943],[16.34158,48.2504],[16.34154,48.25061],[16.34151,48.25076],[16.3415,48.25084],[16.3415,48.251],[16.34151,48.25108],[16.34151,48.25115],[16.34152,48.2512],[16.34159,48.25148],[16.34174,48.25199],[16.34181,48.2522],[16.34189,48.25246],[16.34195,48.25267],[16.34244,48.25362],[16.34251,48.25379],[16.34255,48.25392],[16.34257,48.25403],[16.34258,48.25414],[16.34257,48.25472],[16.34267,48.25558],[16.34272,48.25571],[16.3426,48.25561],[16.34255,48.25564],[16.34248,48.25567],[16.34237,48.25569],[16.3423,48.2557],[16.34225,48.2557],[16.34221,48.25569],[16.34216,48.25568],[16.3421,48.25565],[16.34208,48.25563],[16.34205,48.2556],[16.34202,48.25554],[16.34189,48.25511]]}},{"type":"Feature","properties":{"lineId":"N41","name":"N41","longName":"Schottentor - Pötzleinsdorf","mode":"bus","color":"#0A295D","stops":[{"name":"Pötzleinsdorf","lon":16.31095,"lat":48.24074},{"name":"Scheibenbergstraße","lon":16.3179,"lat":48.23893},{"name":"Erndtgasse","lon":16.32331,"lat":48.23715},{"name":"Türkenschanzplatz","lon":16.32699,"lat":48.23518},{"name":"Gersthof","lon":16.32901,"lat":48.23152},{"name":"Weinhauser Gasse","lon":16.33242,"lat":48.2298},{"name":"Aumannplatz","lon":16.33611,"lat":48.22845},{"name":"Martinstraße","lon":16.34169,"lat":48.22665},{"name":"Kutschkergasse","lon":16.34457,"lat":48.22621},{"name":"Währinger Straße-Volksoper","lon":16.34939,"lat":48.22476},{"name":"Spitalgasse","lon":16.35294,"lat":48.22243},{"name":"Sensengasse","lon":16.35512,"lat":48.22091},{"name":"Schwarzspanierstraße","lon":16.35896,"lat":48.21748},{"name":"Schottentor","lon":16.36276,"lat":48.21337}],"lengthKm":6.4},"geometry":{"type":"LineString","coordinates":[[16.3111,48.24065],[16.31139,48.24085],[16.31326,48.2403],[16.31792,48.23896],[16.31818,48.23888],[16.31829,48.23885],[16.31886,48.23861],[16.31916,48.23849],[16.32048,48.23798],[16.32066,48.23792],[16.32084,48.23786],[16.32106,48.2378],[16.32168,48.23764],[16.32269,48.23736],[16.32332,48.23718],[16.32389,48.23702],[16.32424,48.23692],[16.32448,48.23684],[16.32479,48.23672],[16.32552,48.23639],[16.32589,48.23623],[16.32617,48.23608],[16.32633,48.23599],[16.32646,48.2359],[16.32651,48.23585],[16.32659,48.23578],[16.32665,48.23572],[16.3269,48.2354],[16.32705,48.2352],[16.32727,48.23492],[16.32731,48.23485],[16.32735,48.23477],[16.32745,48.23456],[16.32758,48.23424],[16.328,48.23318],[16.32831,48.23247],[16.3286,48.23177],[16.32864,48.23108],[16.32869,48.23037],[16.32881,48.23033],[16.32954,48.23001],[16.32944,48.23135],[16.32909,48.23158],[16.32897,48.23166],[16.3287,48.23176],[16.3286,48.23177],[16.32864,48.23108],[16.32869,48.23037],[16.32881,48.23033],[16.32954,48.23001],[16.32992,48.22976],[16.33032,48.22945],[16.33043,48.22938],[16.33056,48.22932],[16.33077,48.22925],[16.33191,48.22885],[16.33215,48.22877],[16.33228,48.22874],[16.33233,48.22872],[16.33245,48.2287],[16.33266,48.22866],[16.3331,48.22859],[16.33359,48.2294],[16.33245,48.22984],[16.33507,48.22883],[16.3351,48.22877],[16.33496,48.22844],[16.33501,48.22837],[16.33643,48.22807],[16.33651,48.22807],[16.33679,48.22832],[16.33614,48.22851],[16.33507,48.22883],[16.3351,48.22877],[16.33496,48.22844],[16.33501,48.22837],[16.33643,48.22807],[16.33651,48.22807],[16.3366,48.22802],[16.33669,48.22799],[16.33694,48.22791],[16.33721,48.22782],[16.33734,48.22779],[16.33746,48.22776],[16.33892,48.22746],[16.33901,48.22743],[16.33917,48.22739],[16.34053,48.22689],[16.34065,48.22686],[16.34069,48.22685],[16.34171,48.22669],[16.34225,48.22661],[16.34356,48.2265],[16.34437,48.22632],[16.34446,48.22629],[16.34456,48.22626],[16.3446,48.22624],[16.34471,48.2262],[16.34479,48.22616],[16.3454,48.22579],[16.34546,48.22576],[16.34553,48.22574],[16.34735,48.22544],[16.34809,48.2253],[16.34904,48.22514],[16.34908,48.22504],[16.34943,48.22478],[16.34962,48.22464],[16.34967,48.22456],[16.34975,48.22452],[16.35116,48.22364],[16.35298,48.22245],[16.3533,48.22224],[16.35458,48.2214],[16.35521,48.22097],[16.35579,48.22057],[16.35589,48.22052],[16.35611,48.22037],[16.35624,48.22028],[16.35637,48.22017],[16.35651,48.22004],[16.3569,48.21966],[16.35741,48.21917],[16.3576,48.21897],[16.35778,48.21878],[16.35842,48.21809],[16.35898,48.2175],[16.35924,48.21723],[16.35997,48.21651],[16.36008,48.21638],[16.36048,48.21595],[16.36056,48.21586],[16.36058,48.21582],[16.36183,48.21457],[16.36266,48.21378],[16.3626,48.21371],[16.36258,48.21368],[16.36257,48.21366],[16.36257,48.21365],[16.36258,48.21363],[16.36283,48.2134]]}},{"type":"Feature","properties":{"lineId":"N43","name":"N43","longName":"Schottentor - Neuwaldegg","mode":"bus","color":"#0A295D","stops":[{"name":"Neuwaldegg","lon":16.29052,"lat":48.23423},{"name":"Himmelmutterweg","lon":16.2958,"lat":48.23067},{"name":"Dornbacher Straße","lon":16.30179,"lat":48.22838},{"name":"Dornbach","lon":16.30838,"lat":48.22608},{"name":"Hernals","lon":16.31495,"lat":48.22356},{"name":"Hernals, Wattgasse","lon":16.32175,"lat":48.22136},{"name":"Rosensteingasse","lon":16.32721,"lat":48.21907},{"name":"Elterleinplatz","lon":16.33289,"lat":48.21807},{"name":"Palffygasse","lon":16.33662,"lat":48.21756},{"name":"Alser Straße","lon":16.34207,"lat":48.21714},{"name":"Brünnlbadgasse","lon":16.34534,"lat":48.2155},{"name":"Skodagasse","lon":16.34881,"lat":48.21513},{"name":"Lange Gasse","lon":16.35045,"lat":48.21499},{"name":"Landesgerichtsstraße","lon":16.35549,"lat":48.21466},{"name":"Schottentor","lon":16.36276,"lat":48.21337}],"lengthKm":8.7},"geometry":{"type":"LineString","coordinates":[[16.29054,48.23427],[16.29072,48.23422],[16.2908,48.23423],[16.29087,48.23406],[16.29099,48.23368],[16.29102,48.23364],[16.2911,48.23352],[16.29122,48.23338],[16.29134,48.23323],[16.29152,48.23307],[16.29157,48.23304],[16.29175,48.23289],[16.2919,48.23279],[16.292,48.23274],[16.29278,48.23237],[16.29297,48.23226],[16.29394,48.23166],[16.29424,48.23147],[16.29486,48.23105],[16.29494,48.231],[16.29499,48.23097],[16.29505,48.23094],[16.29512,48.23092],[16.29582,48.23071],[16.29659,48.23048],[16.29673,48.23044],[16.29835,48.23012],[16.30131,48.22952],[16.30142,48.2295],[16.30147,48.22948],[16.30151,48.22947],[16.30155,48.22945],[16.30158,48.22942],[16.30161,48.22939],[16.30164,48.22936],[16.30185,48.22879],[16.30187,48.22868],[16.30188,48.22862],[16.30188,48.22855],[16.30185,48.22838],[16.30183,48.22831],[16.30184,48.22827],[16.30185,48.22823],[16.30187,48.2282],[16.3019,48.22818],[16.30193,48.22815],[16.30196,48.22813],[16.30202,48.22811],[16.30718,48.22655],[16.30737,48.22649],[16.30763,48.2264],[16.3084,48.22612],[16.31002,48.22552],[16.31119,48.22509],[16.31233,48.22466],[16.31448,48.22389],[16.31451,48.22379],[16.31453,48.22377],[16.31458,48.22374],[16.31465,48.22371],[16.31498,48.22359],[16.31527,48.22349],[16.31535,48.22346],[16.31544,48.22345],[16.31557,48.22351],[16.31746,48.22288],[16.31951,48.2222],[16.32052,48.22186],[16.32139,48.22154],[16.32178,48.22139],[16.32209,48.22128],[16.32285,48.22099],[16.32334,48.22081],[16.32366,48.22068],[16.32542,48.21991],[16.32655,48.21937],[16.32723,48.21909],[16.32761,48.21893],[16.32819,48.2187],[16.32829,48.21866],[16.32836,48.21864],[16.32854,48.21858],[16.3288,48.21851],[16.32896,48.21847],[16.32924,48.21841],[16.32956,48.21835],[16.33,48.21827],[16.33025,48.21823],[16.33037,48.21822],[16.33054,48.2182],[16.33095,48.21818],[16.33171,48.21814],[16.33235,48.21808],[16.3324,48.21805],[16.3332,48.21778],[16.33331,48.21776],[16.33449,48.21757],[16.3346,48.21755],[16.33488,48.21745],[16.33493,48.21743],[16.33494,48.21749],[16.3353,48.21781],[16.33533,48.21786],[16.33527,48.21789],[16.33482,48.21808],[16.33476,48.21809],[16.3347,48.21811],[16.33458,48.21813],[16.33445,48.21815],[16.33422,48.21816],[16.3341,48.21816],[16.33288,48.21812],[16.33264,48.21811],[16.33243,48.21811],[16.33235,48.21808],[16.3324,48.21805],[16.3332,48.21778],[16.33331,48.21776],[16.33449,48.21757],[16.3346,48.21755],[16.33488,48.21745],[16.33493,48.21743],[16.33498,48.21741],[16.33552,48.21717],[16.33558,48.21715],[16.33575,48.2171],[16.33602,48.21704],[16.33611,48.21702],[16.33619,48.21701],[16.33654,48.217],[16.33668,48.21701],[16.33678,48.21702],[16.33719,48.2171],[16.33724,48.21712],[16.33736,48.21714],[16.33754,48.21716],[16.33764,48.21717],[16.33774,48.21717],[16.33791,48.21715],[16.339,48.21697],[16.33923,48.21764],[16.33917,48.21764],[16.33884,48.21767],[16.33809,48.21773],[16.33802,48.21774],[16.33795,48.21774],[16.33785,48.21772],[16.33763,48.21769],[16.33756,48.21767],[16.33699,48.21759],[16.33693,48.21758],[16.33686,48.21759],[16.33679,48.21759],[16.33665,48.21762],[16.33543,48.21783],[16.33533,48.21786],[16.33527,48.21789],[16.33482,48.21808],[16.33476,48.21809],[16.3347,48.21811],[16.33458,48.21813],[16.33445,48.21815],[16.33422,48.21816],[16.3341,48.21816],[16.33264,48.21811],[16.33243,48.21811],[16.33235,48.21808],[16.3324,48.21805],[16.3332,48.21778],[16.33331,48.21776],[16.33449,48.21757],[16.3346,48.21755],[16.33488,48.21745],[16.33493,48.21743],[16.33498,48.21741],[16.33552,48.21717],[16.33558,48.21715],[16.33575,48.2171],[16.33602,48.21704],[16.33611,48.21702],[16.33619,48.21701],[16.33654,48.217],[16.33668,48.21701],[16.33678,48.21702],[16.33719,48.2171],[16.33724,48.21712],[16.33736,48.21714],[16.33754,48.21716],[16.33764,48.21717],[16.33774,48.21717],[16.33791,48.21715],[16.339,48.21697],[16.34013,48.21675],[16.34123,48.2165],[16.34196,48.21634],[16.34243,48.21722],[16.3421,48.21726],[16.34166,48.21733],[16.34123,48.2165],[16.34087,48.21583],[16.3405,48.21515],[16.34124,48.21516],[16.34133,48.21518],[16.34276,48.21522],[16.34376,48.21524],[16.34544,48.21529],[16.34562,48.21532],[16.34571,48.2154],[16.34561,48.21549],[16.34537,48.21555],[16.34479,48.21568],[16.34371,48.21596],[16.34376,48.21524],[16.34544,48.21529],[16.34562,48.21532],[16.34571,48.2154],[16.34588,48.21541],[16.34607,48.21542],[16.34616,48.21542],[16.34805,48.21525],[16.34849,48.21522],[16.34882,48.21519],[16.34895,48.21518],[16.34949,48.21512],[16.35046,48.21503],[16.351,48.21498],[16.35307,48.21484],[16.35378,48.2148],[16.35398,48.21479],[16.35416,48.21479],[16.35426,48.21479],[16.3545,48.21481],[16.35469,48.21482],[16.3555,48.21478],[16.35568,48.21477],[16.35585,48.21476],[16.35593,48.21475],[16.35618,48.21468],[16.35639,48.21463],[16.35742,48.21447],[16.35828,48.21435],[16.35922,48.21423],[16.36043,48.21406],[16.36052,48.21405],[16.36066,48.21406],[16.36081,48.21408],[16.36088,48.21411],[16.36183,48.21457],[16.36266,48.21378],[16.3626,48.21371],[16.36258,48.21368],[16.36257,48.21366],[16.36257,48.21365],[16.36258,48.21363],[16.36283,48.2134]]}},{"type":"Feature","properties":{"lineId":"N46","name":"N46","longName":"Oper/Karlsplatz - Otto-Wagner-Areal","mode":"bus","color":"#0A295D","stops":[{"name":"Oper/Karlsplatz","lon":16.36877,"lat":48.20242},{"name":"Ring/Volkstheater","lon":16.35963,"lat":48.20679},{"name":"Auerspergstraße","lon":16.35619,"lat":48.20704},{"name":"Strozzigasse","lon":16.3497,"lat":48.20642},{"name":"Schottenfeldgasse","lon":16.34414,"lat":48.20746},{"name":"Thaliastraße","lon":16.33846,"lat":48.20861},{"name":"Brunnengasse","lon":16.33576,"lat":48.20904},{"name":"Thaliastraße/Haberlgasse","lon":16.33037,"lat":48.20986},{"name":"Feßtgasse","lon":16.32609,"lat":48.21051},{"name":"Schuhmeierplatz","lon":16.31979,"lat":48.21147},{"name":"Ottakring","lon":16.3115,"lat":48.21275},{"name":"Maroltingergasse","lon":16.30709,"lat":48.21345},{"name":"Rankgasse","lon":16.30564,"lat":48.21115},{"name":"Joachimsthalerplatz","lon":16.30511,"lat":48.20933},{"name":"Klinik Ottakring","lon":16.30042,"lat":48.20836},{"name":"Waidäckergasse","lon":16.29404,"lat":48.20741},{"name":"Schrekergasse","lon":16.28877,"lat":48.20646},{"name":"Reichmanngasse","lon":16.28517,"lat":48.20686},{"name":"Otto-Wagner-Areal","lon":16.28034,"lat":48.20662}],"lengthKm":8},"geometry":{"type":"LineString","coordinates":[[16.36874,48.20237],[16.36822,48.20248],[16.368,48.2025],[16.36791,48.20252],[16.36731,48.20132],[16.3672,48.20113],[16.36711,48.20103],[16.36691,48.20084],[16.36685,48.20076],[16.36662,48.20069],[16.36651,48.2007],[16.36632,48.20073],[16.36582,48.20083],[16.36575,48.20085],[16.36565,48.20086],[16.36441,48.20113],[16.36412,48.20121],[16.36403,48.20124],[16.36397,48.20126],[16.36394,48.20127],[16.36387,48.20127],[16.36287,48.20179],[16.36139,48.20255],[16.3613,48.20261],[16.35967,48.20386],[16.35823,48.20493],[16.35796,48.20514],[16.36008,48.2064],[16.35983,48.20658],[16.35958,48.20676],[16.3594,48.20689],[16.35927,48.20681],[16.35852,48.20636],[16.35844,48.20629],[16.3583,48.20644],[16.35809,48.20661],[16.35746,48.20709],[16.35735,48.20717],[16.35737,48.2072],[16.35737,48.20724],[16.35738,48.20734],[16.35736,48.20737],[16.35734,48.2074],[16.35731,48.20742],[16.35726,48.20743],[16.35722,48.20743],[16.35719,48.20743],[16.35715,48.20741],[16.3571,48.2074],[16.35705,48.20737],[16.35698,48.20734],[16.35615,48.2071],[16.35603,48.20707],[16.35579,48.20698],[16.35573,48.20686],[16.35554,48.20683],[16.35495,48.20675],[16.35481,48.20674],[16.35465,48.20674],[16.35435,48.20671],[16.35393,48.20665],[16.35307,48.20652],[16.35169,48.20633],[16.35157,48.20632],[16.35144,48.20632],[16.34969,48.20639],[16.34954,48.2064],[16.34936,48.20641],[16.34905,48.20645],[16.3481,48.2066],[16.34784,48.20665],[16.34519,48.2072],[16.34412,48.20742],[16.34346,48.20756],[16.3422,48.20782],[16.34141,48.20799],[16.33929,48.20843],[16.33891,48.20851],[16.33845,48.20858],[16.33574,48.20899],[16.3339,48.20927],[16.33196,48.20957],[16.33036,48.20982],[16.32608,48.21047],[16.32416,48.21076],[16.32374,48.21083],[16.32274,48.21098],[16.32208,48.21108],[16.32104,48.21124],[16.32,48.2114],[16.31978,48.21143],[16.31894,48.21157],[16.3179,48.21172],[16.31685,48.21188],[16.31549,48.21209],[16.31439,48.21226],[16.31324,48.21243],[16.31149,48.2127],[16.31111,48.21276],[16.3089,48.2131],[16.30774,48.21328],[16.30707,48.21338],[16.30655,48.21346],[16.30633,48.21282],[16.30613,48.21218],[16.30578,48.21112],[16.3057,48.21089],[16.30517,48.20932],[16.30501,48.20887],[16.30487,48.20843],[16.30368,48.20862],[16.3032,48.20869],[16.30046,48.20827],[16.29929,48.2081],[16.29433,48.20736],[16.29407,48.20733],[16.29344,48.20724],[16.29248,48.20709],[16.29238,48.20707],[16.29227,48.20706],[16.29176,48.20696],[16.29131,48.20686],[16.29008,48.20654],[16.29001,48.20655],[16.28982,48.20651],[16.28967,48.20648],[16.28954,48.20646],[16.28938,48.20644],[16.28925,48.20643],[16.28894,48.20643],[16.28886,48.20642],[16.28882,48.2064],[16.28878,48.2064],[16.28846,48.20641],[16.28818,48.20642],[16.28805,48.20643],[16.28782,48.20645],[16.28756,48.20647],[16.28697,48.20654],[16.28601,48.20666],[16.2853,48.20677],[16.28527,48.20678],[16.28516,48.2068],[16.28448,48.2069],[16.2823,48.20732],[16.28027,48.2069],[16.2804,48.20662]]}},{"type":"Feature","properties":{"lineId":"N49","name":"N49","longName":"Oper/Karlsplatz - Hütteldorf, Bujattigasse","mode":"bus","color":"#0A295D","stops":[{"name":"Hütteldorfer Straße","lon":16.31208,"lat":48.19963},{"name":"Breitensee","lon":16.30741,"lat":48.19903},{"name":"Leyserstraße","lon":16.30291,"lat":48.19825},{"name":"Lützowgasse","lon":16.29544,"lat":48.19734},{"name":"Seckendorfstraße","lon":16.28753,"lat":48.19689},{"name":"Waidhausenstraße","lon":16.28142,"lat":48.19754},{"name":"Hochsatzengasse","lon":16.27782,"lat":48.19797},{"name":"Baumgarten","lon":16.2723,"lat":48.19896},{"name":"Deutschordenstraße","lon":16.2675,"lat":48.20001},{"name":"Bahnhofstraße","lon":16.264,"lat":48.201},{"name":"Hütteldorf","lon":16.25987,"lat":48.1981},{"name":"Bergmillergasse","lon":16.25678,"lat":48.20114},{"name":"Wolfersberggasse","lon":16.25192,"lat":48.20422},{"name":"Utendorfgasse","lon":16.24879,"lat":48.20378},{"name":"Samptwandnergasse","lon":16.24453,"lat":48.20343},{"name":"Wolf in der Au","lon":16.23709,"lat":48.20485},{"name":"Wienflussaufsicht","lon":16.23311,"lat":48.2065},{"name":"Mariabrunn Kirche","lon":16.23091,"lat":48.20785},{"name":"Badgasse","lon":16.22482,"lat":48.20883},{"name":"Albert-Schweitzer-Gasse","lon":16.22232,"lat":48.20739},{"name":"Herzmanskystraße","lon":16.21486,"lat":48.20945}],"lengthKm":10.1},"geometry":{"type":"LineString","coordinates":[[16.31211,48.19964],[16.31264,48.19933],[16.31261,48.19926],[16.31245,48.19909],[16.31243,48.19903],[16.31025,48.19901],[16.30809,48.19899],[16.30741,48.19898],[16.30716,48.19898],[16.30705,48.19897],[16.30697,48.19896],[16.30689,48.19895],[16.30551,48.19867],[16.3043,48.19843],[16.30393,48.19836],[16.30292,48.19821],[16.30242,48.19814],[16.29996,48.19775],[16.29751,48.19747],[16.297,48.19742],[16.29544,48.1973],[16.29336,48.19713],[16.29056,48.19695],[16.28854,48.19682],[16.28753,48.19686],[16.2871,48.19687],[16.28639,48.19691],[16.28427,48.19715],[16.28236,48.19738],[16.2814,48.1975],[16.27956,48.19772],[16.27781,48.19793],[16.27582,48.19817],[16.2742,48.19851],[16.27228,48.19893],[16.27186,48.19902],[16.27163,48.19905],[16.27148,48.19906],[16.27043,48.19927],[16.26899,48.19955],[16.26833,48.19969],[16.26827,48.19969],[16.26792,48.19977],[16.26778,48.19982],[16.26745,48.19995],[16.26542,48.20072],[16.26417,48.20115],[16.26408,48.20098],[16.26367,48.20023],[16.26333,48.19964],[16.26321,48.19944],[16.26295,48.19903],[16.26276,48.19874],[16.26226,48.19796],[16.26223,48.19792],[16.26218,48.19794],[16.26113,48.1982],[16.26101,48.19822],[16.26095,48.19822],[16.26088,48.19822],[16.26081,48.19821],[16.26072,48.1982],[16.26063,48.19817],[16.26053,48.19814],[16.26041,48.19807],[16.26028,48.19801],[16.26023,48.198],[16.26019,48.198],[16.26013,48.19799],[16.26003,48.198],[16.25985,48.19804],[16.25914,48.19818],[16.25909,48.1982],[16.25898,48.19821],[16.25886,48.19823],[16.2587,48.19827],[16.25855,48.19831],[16.25723,48.19874],[16.25692,48.19886],[16.25545,48.19959],[16.2554,48.19963],[16.25536,48.19966],[16.25532,48.19969],[16.25534,48.19971],[16.25535,48.19972],[16.25536,48.19974],[16.25536,48.19975],[16.25536,48.19977],[16.25535,48.19979],[16.25534,48.1998],[16.25532,48.19981],[16.2553,48.19982],[16.25532,48.19986],[16.25538,48.19996],[16.25545,48.20004],[16.25552,48.20012],[16.25576,48.20034],[16.25599,48.20054],[16.25609,48.20061],[16.25633,48.20083],[16.25641,48.20091],[16.25651,48.20102],[16.25666,48.20119],[16.25683,48.20141],[16.25689,48.20148],[16.25694,48.20157],[16.25706,48.2018],[16.25713,48.20201],[16.25719,48.20211],[16.25722,48.20229],[16.25741,48.2035],[16.25687,48.20533],[16.25577,48.20682],[16.25568,48.20697],[16.25564,48.20706],[16.25563,48.20713],[16.25562,48.20726],[16.25582,48.20885],[16.25582,48.20896],[16.25582,48.20904],[16.2558,48.20913],[16.25574,48.20935],[16.25565,48.20956],[16.25536,48.20995],[16.2551,48.21017],[16.25502,48.21003],[16.25502,48.20976],[16.25493,48.20965],[16.25459,48.20904],[16.25443,48.20873],[16.25439,48.20868],[16.25435,48.20863],[16.25429,48.20858],[16.25424,48.20855],[16.25416,48.2085],[16.25403,48.20844],[16.25375,48.20833],[16.25367,48.2083],[16.25345,48.20818],[16.25337,48.20813],[16.25329,48.20807],[16.25316,48.20795],[16.25304,48.20782],[16.253,48.20779],[16.25296,48.20746],[16.25294,48.20736],[16.25274,48.2064],[16.2526,48.20594],[16.25201,48.2042],[16.25193,48.20398],[16.2514,48.20399],[16.2488,48.20373],[16.24512,48.20338],[16.24489,48.20337],[16.24453,48.20335],[16.24419,48.20335],[16.24401,48.20335],[16.24388,48.20336],[16.24348,48.20339],[16.24304,48.20344],[16.24232,48.20351],[16.24216,48.20353],[16.24169,48.20361],[16.24032,48.20386],[16.23996,48.20393],[16.23969,48.20399],[16.23942,48.20405],[16.23926,48.2041],[16.23912,48.20414],[16.23901,48.20419],[16.23883,48.20426],[16.23858,48.20438],[16.23849,48.20442],[16.23842,48.20444],[16.23812,48.20454],[16.23794,48.2046],[16.23775,48.20465],[16.23753,48.2047],[16.23746,48.20471],[16.23737,48.20472],[16.23721,48.20474],[16.23709,48.20474],[16.2369,48.20474],[16.23671,48.20474],[16.23616,48.20472],[16.23608,48.20472],[16.23596,48.20473],[16.23583,48.20475],[16.23564,48.20479],[16.23551,48.20484],[16.2351,48.20504],[16.23364,48.20577],[16.23345,48.2059],[16.233,48.20646],[16.23236,48.20726],[16.23228,48.20736],[16.23221,48.20742],[16.23212,48.2075],[16.23204,48.20755],[16.23195,48.2076],[16.23183,48.20765],[16.23178,48.20767],[16.23169,48.2077],[16.23158,48.20772],[16.23143,48.20775],[16.23091,48.20777],[16.22927,48.20782],[16.22908,48.20782],[16.2289,48.20782],[16.22843,48.20774],[16.22827,48.20772],[16.228,48.2077],[16.22776,48.2077],[16.22763,48.20771],[16.22743,48.20774],[16.22728,48.20777],[16.22712,48.20782],[16.22689,48.2079],[16.22562,48.20845],[16.22535,48.20857],[16.2252,48.20863],[16.22498,48.20871],[16.22478,48.20877],[16.22417,48.20895],[16.22399,48.20899],[16.22395,48.20892],[16.22335,48.20822],[16.22329,48.20815],[16.22308,48.2078],[16.22302,48.20767],[16.22299,48.20761],[16.22293,48.20754],[16.2229,48.20751],[16.22285,48.20748],[16.22276,48.20743],[16.2227,48.20741],[16.2226,48.20738],[16.22236,48.20732],[16.22193,48.20721],[16.22184,48.20722],[16.22176,48.20731],[16.2216,48.20753],[16.22149,48.20767],[16.22138,48.20779],[16.22125,48.2079],[16.22114,48.20799],[16.22102,48.20808],[16.22086,48.20818],[16.22073,48.20825],[16.22059,48.20832],[16.22037,48.20842],[16.22022,48.20848],[16.22008,48.20852],[16.21985,48.20859],[16.21946,48.20869],[16.21924,48.20873],[16.21904,48.20877],[16.21877,48.20881],[16.21849,48.20884],[16.21824,48.20886],[16.21791,48.20888],[16.21767,48.20889],[16.21751,48.20889],[16.21716,48.20889],[16.21582,48.20884],[16.21544,48.20883],[16.21516,48.20885],[16.21485,48.20888],[16.21459,48.20893],[16.21441,48.20897],[16.21407,48.20907],[16.21386,48.20914],[16.21366,48.20919],[16.21348,48.20923],[16.2134,48.20924],[16.21343,48.2093],[16.21344,48.20933],[16.21349,48.20936],[16.21352,48.20938],[16.21425,48.20948],[16.21447,48.20951],[16.21454,48.20951],[16.21486,48.20951]]}},{"type":"Feature","properties":{"lineId":"N54","name":"N54","longName":"Westbahnhof - Ober St. Veit","mode":"bus","color":null,"stops":[{"name":"Ober St. Veit","lon":16.27637,"lat":48.19201},{"name":"Mantlergasse","lon":16.28155,"lat":48.19156},{"name":"Unter St. Veit","lon":16.28716,"lat":48.19163},{"name":"Weinzierlgasse","lon":16.29576,"lat":48.19211},{"name":"Hietzing","lon":16.30397,"lat":48.1884},{"name":"Phillipsgasse","lon":16.30899,"lat":48.18952},{"name":"Penzinger Straße","lon":16.31434,"lat":48.19006},{"name":"Rudolfsheim, Anschützgasse","lon":16.32265,"lat":48.19023},{"name":"Rustengasse","lon":16.32712,"lat":48.19128},{"name":"Geibelgasse","lon":16.33014,"lat":48.19184},{"name":"Grenzgasse","lon":16.32981,"lat":48.19308},{"name":"Westbahnhof","lon":16.33823,"lat":48.19679}],"lengthKm":6.8},"geometry":{"type":"LineString","coordinates":[[16.27638,48.19209],[16.2772,48.19201],[16.27784,48.19197],[16.27872,48.19192],[16.28078,48.19173],[16.28089,48.19171],[16.28112,48.19169],[16.28118,48.19165],[16.28128,48.19162],[16.28155,48.19159],[16.28196,48.19154],[16.28213,48.19152],[16.28221,48.19158],[16.28245,48.19156],[16.28294,48.19149],[16.28329,48.19144],[16.28376,48.19135],[16.28416,48.19126],[16.28462,48.19118],[16.28478,48.19115],[16.28492,48.19114],[16.28616,48.19096],[16.28712,48.19083],[16.28719,48.19105],[16.28727,48.19131],[16.28726,48.19136],[16.28721,48.1914],[16.28708,48.1916],[16.28667,48.19219],[16.28659,48.19226],[16.28673,48.1923],[16.28679,48.19231],[16.28685,48.19232],[16.28911,48.19235],[16.28916,48.19235],[16.2892,48.19234],[16.29065,48.19237],[16.29072,48.19238],[16.2916,48.19235],[16.29522,48.19226],[16.2955,48.19219],[16.29569,48.19221],[16.29576,48.19221],[16.29587,48.19221],[16.29605,48.19222],[16.29653,48.19227],[16.2966,48.19229],[16.29682,48.19233],[16.29686,48.19234],[16.2982,48.19258],[16.29837,48.1926],[16.2987,48.19262],[16.2989,48.19263],[16.29918,48.19263],[16.29935,48.19263],[16.29946,48.19263],[16.29955,48.19262],[16.30012,48.19259],[16.30071,48.19257],[16.30173,48.19252],[16.30176,48.19251],[16.30179,48.1925],[16.30185,48.19246],[16.30187,48.19244],[16.30187,48.19242],[16.30186,48.19214],[16.30186,48.19214],[16.30186,48.192],[16.30186,48.19194],[16.30186,48.19173],[16.30187,48.19152],[16.30163,48.18973],[16.30164,48.18967],[16.30231,48.1896],[16.30371,48.18966],[16.30469,48.18984],[16.30405,48.18838],[16.30399,48.18823],[16.30346,48.18822],[16.30322,48.18824],[16.30311,48.18826],[16.30296,48.18828],[16.30275,48.18832],[16.30144,48.1886],[16.30146,48.18866],[16.30164,48.18967],[16.30231,48.1896],[16.30371,48.18966],[16.30492,48.18988],[16.30563,48.18982],[16.30637,48.18969],[16.30717,48.18969],[16.30787,48.18963],[16.30894,48.18957],[16.30898,48.18957],[16.30961,48.18959],[16.31156,48.1898],[16.31277,48.18971],[16.31431,48.19011],[16.31522,48.19033],[16.31533,48.19036],[16.31545,48.19036],[16.31562,48.19036],[16.31608,48.19034],[16.3193,48.19013],[16.31957,48.19011],[16.31977,48.19011],[16.31994,48.19012],[16.32033,48.19014],[16.32264,48.19032],[16.32276,48.19033],[16.32288,48.19034],[16.32393,48.19055],[16.3264,48.19115],[16.32708,48.19131],[16.32712,48.19131],[16.32749,48.19134],[16.3288,48.19143],[16.32992,48.19151],[16.33014,48.19152],[16.33006,48.19183],[16.32993,48.1923],[16.32989,48.1925],[16.32976,48.19299],[16.32974,48.19307],[16.32959,48.19368],[16.3296,48.19372],[16.32962,48.19376],[16.32966,48.1938],[16.32971,48.19383],[16.32975,48.19384],[16.32999,48.19392],[16.33004,48.19394],[16.3301,48.19398],[16.33012,48.19399],[16.33016,48.19404],[16.33019,48.19408],[16.33047,48.19454],[16.33049,48.19458],[16.3305,48.19461],[16.33049,48.19465],[16.33048,48.19469],[16.33044,48.19477],[16.3297,48.19592],[16.33064,48.19617],[16.33167,48.19645],[16.33375,48.19702],[16.33479,48.19731],[16.33496,48.19735],[16.33519,48.19737],[16.33664,48.19776],[16.33674,48.19779],[16.33685,48.19783],[16.33739,48.19798],[16.33783,48.1981],[16.33788,48.19802],[16.33792,48.19802],[16.33796,48.19802],[16.338,48.19802],[16.33803,48.19801],[16.33809,48.19799],[16.33812,48.19797],[16.33819,48.19793],[16.33828,48.19792],[16.33829,48.19779],[16.33831,48.19767],[16.33849,48.19719],[16.33876,48.19649],[16.33865,48.19655],[16.33841,48.1965],[16.33831,48.19649],[16.33827,48.19649],[16.33824,48.19652],[16.33814,48.19677]]}},{"type":"Feature","properties":{"lineId":"N60","name":"N60","longName":"Oper/Karlsplatz - Rodaun","mode":"bus","color":"#0A295D","stops":[{"name":"Oper/Karlsplatz","lon":16.3683,"lat":48.20272},{"name":"Burgring","lon":16.36417,"lat":48.20376},{"name":"Ring/Volkstheater","lon":16.36007,"lat":48.2068},{"name":"Rathausplatz/Burgtheater","lon":16.36069,"lat":48.21029},{"name":"Schottentor","lon":16.36212,"lat":48.2137},{"name":"Börse","lon":16.36624,"lat":48.21559},{"name":"Schottenring","lon":16.37195,"lat":48.21682},{"name":"Schwedenplatz","lon":16.37813,"lat":48.21171},{"name":"Stubentor U","lon":16.38006,"lat":48.2069},{"name":"Schwarzenbergplatz","lon":16.3748,"lat":48.20185},{"name":"Oper/Karlsplatz","lon":16.36908,"lat":48.20254},{"name":"Karlsplatz","lon":16.36599,"lat":48.20034},{"name":"Kettenbrückengasse","lon":16.35832,"lat":48.19719},{"name":"Pilgramgasse","lon":16.35391,"lat":48.19277},{"name":"Brückengasse","lon":16.34829,"lat":48.18951},{"name":"Margaretengürtel","lon":16.34257,"lat":48.18887},{"name":"Sechshauser Gürtel","lon":16.33812,"lat":48.18833},{"name":"Längenfeldgasse","lon":16.33539,"lat":48.18586},{"name":"Meidling Hauptstraße","lon":16.32986,"lat":48.18406},{"name":"Schönbrunn","lon":16.3197,"lat":48.18633},{"name":"Hietzing","lon":16.30349,"lat":48.18776},{"name":"Dommayergasse","lon":16.29898,"lat":48.18645},{"name":"Gloriettegasse","lon":16.29132,"lat":48.18302},{"name":"Stadlergasse","lon":16.28588,"lat":48.18175},{"name":"Jagdschloßgasse","lon":16.28369,"lat":48.17732},{"name":"Preyergasse","lon":16.28522,"lat":48.17382},{"name":"Hofwiesengasse","lon":16.28712,"lat":48.17058},{"name":"Speising, Hermesstraße","lon":16.28421,"lat":48.16846},{"name":"Riedelgasse","lon":16.27937,"lat":48.16304},{"name":"Sillerplatz","lon":16.27628,"lat":48.1596},{"name":"Franz-Asenbauer-Gasse","lon":16.27118,"lat":48.15475},{"name":"Gebirgsgasse","lon":16.26418,"lat":48.15187},{"name":"Maurer Hauptplatz","lon":16.26845,"lat":48.1506}],"lengthKm":17.8},"geometry":{"type":"LineString","coordinates":[[16.36826,48.20266],[16.36809,48.2027],[16.368,48.20271],[16.36605,48.20314],[16.36426,48.20355],[16.36406,48.2037],[16.36199,48.20524],[16.36028,48.20652],[16.35998,48.20675],[16.35975,48.20693],[16.3597,48.20699],[16.35968,48.20704],[16.35966,48.20711],[16.3597,48.20726],[16.35974,48.20738],[16.35982,48.20762],[16.36013,48.20867],[16.36044,48.20967],[16.36062,48.21031],[16.36086,48.21112],[16.36116,48.21213],[16.36127,48.21248],[16.36136,48.21277],[16.36158,48.21353],[16.36206,48.21376],[16.36477,48.21499],[16.36544,48.2153],[16.36618,48.21564],[16.36682,48.21594],[16.36828,48.21661],[16.36866,48.21677],[16.36885,48.21686],[16.37024,48.21749],[16.37055,48.21754],[16.37105,48.21754],[16.37125,48.21745],[16.3714,48.21735],[16.37166,48.21717],[16.37181,48.21705],[16.37203,48.21686],[16.37211,48.21679],[16.37269,48.21622],[16.37304,48.21581],[16.37361,48.21496],[16.37367,48.21485],[16.37379,48.21463],[16.37416,48.21405],[16.37492,48.2133],[16.3752,48.21307],[16.37555,48.21283],[16.37587,48.21263],[16.37628,48.2124],[16.37671,48.21221],[16.37703,48.2121],[16.37734,48.212],[16.37746,48.21196],[16.37783,48.21186],[16.37817,48.21178],[16.37873,48.21164],[16.37944,48.21153],[16.37999,48.21148],[16.38106,48.21144],[16.38215,48.2114],[16.38286,48.21137],[16.38273,48.21077],[16.38249,48.20985],[16.38224,48.2089],[16.38154,48.2082],[16.38016,48.20686],[16.37883,48.20555],[16.37819,48.20495],[16.37771,48.20446],[16.376,48.20278],[16.37508,48.2019],[16.37503,48.20186],[16.3749,48.20179],[16.37485,48.20178],[16.37427,48.20162],[16.37363,48.20147],[16.37354,48.20147],[16.37344,48.20149],[16.36961,48.20235],[16.36952,48.20237],[16.36934,48.20242],[16.36906,48.20249],[16.36809,48.2027],[16.368,48.20271],[16.36731,48.20132],[16.3672,48.20113],[16.36711,48.20103],[16.36691,48.20084],[16.36685,48.20076],[16.36665,48.20067],[16.36655,48.2006],[16.36606,48.2003],[16.36574,48.20011],[16.36566,48.20004],[16.36555,48.19997],[16.36462,48.19947],[16.36341,48.19881],[16.36204,48.19814],[16.36183,48.19804],[16.36173,48.19799],[16.3615,48.19788],[16.36126,48.19777],[16.3612,48.19775],[16.36104,48.1977],[16.36096,48.19767],[16.36087,48.19765],[16.35992,48.19745],[16.35927,48.19732],[16.35869,48.19719],[16.35835,48.19712],[16.35763,48.19699],[16.35738,48.19693],[16.3572,48.19689],[16.35627,48.19664],[16.35615,48.1966],[16.35596,48.19653],[16.35575,48.19644],[16.35561,48.19637],[16.35541,48.19627],[16.35521,48.19615],[16.35504,48.19605],[16.35489,48.19596],[16.35482,48.19591],[16.3547,48.19583],[16.35459,48.19574],[16.35453,48.19569],[16.35445,48.19561],[16.35433,48.19548],[16.35422,48.19533],[16.35412,48.19518],[16.35404,48.195],[16.35402,48.19492],[16.35397,48.19474],[16.35395,48.19464],[16.35394,48.19446],[16.35394,48.19436],[16.35396,48.19422],[16.35404,48.19357],[16.35406,48.19339],[16.35405,48.19316],[16.35405,48.19303],[16.35399,48.19277],[16.35393,48.19254],[16.3539,48.19242],[16.35384,48.19228],[16.35376,48.19212],[16.35365,48.19194],[16.35348,48.19171],[16.35336,48.19154],[16.3532,48.19135],[16.35306,48.19119],[16.35288,48.19101],[16.35267,48.19082],[16.35243,48.19062],[16.35229,48.19051],[16.35221,48.19046],[16.35187,48.19026],[16.35168,48.19017],[16.35151,48.1901],[16.35134,48.19004],[16.35121,48.19],[16.35108,48.18997],[16.34864,48.1895],[16.34857,48.1895],[16.34831,48.18946],[16.34699,48.18925],[16.34695,48.18925],[16.3459,48.18907],[16.34553,48.18902],[16.34522,48.18898],[16.34477,48.18894],[16.3447,48.18893],[16.34317,48.18882],[16.34259,48.18879],[16.34125,48.18871],[16.34037,48.18866],[16.33937,48.18858],[16.33875,48.18846],[16.33847,48.18839],[16.33832,48.18834],[16.33817,48.18828],[16.33801,48.1882],[16.33789,48.18814],[16.33779,48.18809],[16.33765,48.188],[16.33711,48.1876],[16.337,48.18751],[16.3369,48.18743],[16.33673,48.18726],[16.33651,48.187],[16.33581,48.18614],[16.33563,48.18595],[16.33549,48.18583],[16.33547,48.18581],[16.33435,48.18499],[16.33419,48.18489],[16.33399,48.18478],[16.33373,48.18465],[16.33343,48.18453],[16.33304,48.1844],[16.33262,48.18427],[16.33235,48.18419],[16.332,48.18412],[16.33176,48.18409],[16.3308,48.18401],[16.33055,48.184],[16.32986,48.184],[16.32855,48.18401],[16.32766,48.184],[16.32758,48.18402],[16.3274,48.18403],[16.32723,48.18406],[16.327,48.1841],[16.3267,48.18416],[16.32644,48.18423],[16.32587,48.1844],[16.32523,48.18461],[16.32428,48.18488],[16.3217,48.18568],[16.32029,48.18607],[16.31989,48.18618],[16.31966,48.18625],[16.31441,48.18783],[16.31343,48.18806],[16.31324,48.18809],[16.31312,48.18811],[16.31302,48.18812],[16.3129,48.18813],[16.31279,48.18814],[16.31244,48.18814],[16.3122,48.18813],[16.3117,48.18811],[16.3107,48.18803],[16.31046,48.18802],[16.31035,48.18801],[16.31005,48.18801],[16.30849,48.18804],[16.30502,48.18819],[16.30441,48.18822],[16.30399,48.18823],[16.30379,48.1882],[16.30371,48.18818],[16.30365,48.18815],[16.30359,48.18811],[16.30354,48.18808],[16.3035,48.18804],[16.30347,48.188],[16.30336,48.18779],[16.30328,48.18763],[16.30325,48.18757],[16.30326,48.18754],[16.30318,48.18743],[16.30306,48.18727],[16.30306,48.18724],[16.30303,48.1872],[16.30255,48.18659],[16.30241,48.18636],[16.30234,48.18627],[16.30226,48.18621],[16.30214,48.18615],[16.30203,48.18612],[16.30192,48.1861],[16.30179,48.1861],[16.3015,48.18613],[16.29931,48.18637],[16.29932,48.18643],[16.29905,48.18662],[16.29893,48.18674],[16.29889,48.18678],[16.29885,48.18681],[16.2988,48.18677],[16.29864,48.18662],[16.29857,48.18652],[16.29865,48.18647],[16.29897,48.18643],[16.29918,48.18641],[16.29931,48.18637],[16.29932,48.18643],[16.29905,48.18662],[16.29893,48.18674],[16.29889,48.18678],[16.29885,48.18681],[16.2988,48.18677],[16.29864,48.18662],[16.29848,48.18638],[16.29842,48.18632],[16.29834,48.18628],[16.29832,48.18621],[16.29795,48.18605],[16.29764,48.18594],[16.29729,48.1858],[16.29694,48.18565],[16.29617,48.1853],[16.2953,48.1849],[16.29386,48.18412],[16.29327,48.18368],[16.29259,48.18308],[16.29234,48.18301],[16.29157,48.18298],[16.29133,48.18298],[16.2899,48.18294],[16.28948,48.1829],[16.28834,48.18272],[16.28776,48.18263],[16.28766,48.18261],[16.28756,48.18258],[16.28661,48.18222],[16.28652,48.18219],[16.28645,48.18216],[16.28639,48.18212],[16.2863,48.18207],[16.28618,48.18196],[16.28593,48.18172],[16.28572,48.18151],[16.28568,48.1815],[16.28523,48.18105],[16.28521,48.18104],[16.28406,48.17991],[16.2841,48.17963],[16.28418,48.17901],[16.28418,48.17898],[16.28416,48.17886],[16.28414,48.17876],[16.28412,48.17868],[16.28397,48.17797],[16.28386,48.17758],[16.28383,48.1775],[16.28375,48.17731],[16.28365,48.1771],[16.28364,48.17701],[16.28365,48.17691],[16.28367,48.17684],[16.2837,48.17679],[16.28373,48.17674],[16.28387,48.17647],[16.28391,48.17636],[16.28394,48.17624],[16.28403,48.17581],[16.28404,48.17576],[16.28405,48.17567],[16.28407,48.17551],[16.2841,48.1752],[16.28411,48.17511],[16.28413,48.17505],[16.28418,48.17491],[16.28451,48.17401],[16.28475,48.17395],[16.28523,48.17386],[16.28619,48.17366],[16.28631,48.17363],[16.28643,48.17358],[16.28649,48.17351],[16.28668,48.17312],[16.28673,48.173],[16.28708,48.17188],[16.28711,48.17177],[16.28715,48.17155],[16.28716,48.1714],[16.28721,48.17058],[16.28723,48.1704],[16.28724,48.17035],[16.2873,48.17019],[16.2872,48.17017],[16.2863,48.17001],[16.2862,48.16998],[16.28614,48.16995],[16.28609,48.16992],[16.2859,48.16979],[16.28565,48.16962],[16.28535,48.1694],[16.28508,48.16918],[16.28479,48.16894],[16.2845,48.16867],[16.28428,48.16847],[16.28425,48.16844],[16.28394,48.16811],[16.28184,48.16575],[16.28044,48.1642],[16.27961,48.16325],[16.27941,48.16302],[16.27926,48.16285],[16.27873,48.16226],[16.27839,48.16188],[16.27697,48.1603],[16.27674,48.16003],[16.27633,48.15958],[16.27594,48.15914],[16.27526,48.15838],[16.27456,48.1576],[16.27329,48.15617],[16.27301,48.15587],[16.27281,48.1557],[16.27267,48.15559],[16.27182,48.15507],[16.27122,48.15472],[16.27101,48.1546],[16.26958,48.1551],[16.26864,48.15475],[16.2676,48.15436],[16.26636,48.15389],[16.26443,48.15318],[16.26413,48.15306],[16.26403,48.15299],[16.26393,48.15196],[16.26419,48.15194],[16.2652,48.15185],[16.26533,48.15185],[16.26539,48.15184],[16.2661,48.15166],[16.26625,48.15161],[16.26636,48.15156],[16.2668,48.15137],[16.267,48.15128],[16.26765,48.151],[16.26801,48.15083],[16.2682,48.15076],[16.2685,48.15068]]}},{"type":"Feature","properties":{"lineId":"N61","name":"N61","longName":"Liesing - Kalksburg, Lodererweg","mode":"bus","color":null,"stops":[{"name":"Liesing","lon":16.28333,"lat":48.13478},{"name":"Löwenthalgasse","lon":16.27824,"lat":48.13603},{"name":"Korbgasse","lon":16.2747,"lat":48.13699},{"name":"Pumgasse","lon":16.27199,"lat":48.13606},{"name":"Kaiser-Franz-Josef-Straße","lon":16.26643,"lat":48.13594},{"name":"Maireckergasse","lon":16.26314,"lat":48.13588},{"name":"Rodaun","lon":16.26171,"lat":48.13355},{"name":"Willergasse/Schule","lon":16.25727,"lat":48.13396},{"name":"Willerbrücke","lon":16.25784,"lat":48.13747},{"name":"Rodauner Straße","lon":16.26024,"lat":48.13889},{"name":"Rudolf-Waisenhorn-Gasse","lon":16.26167,"lat":48.14305},{"name":"Maurer Berg","lon":16.26199,"lat":48.14458},{"name":"Lindauergasse","lon":16.25809,"lat":48.14498},{"name":"Kaserngasse","lon":16.25928,"lat":48.14928},{"name":"Gebirgsgasse","lon":16.26418,"lat":48.15187},{"name":"Maurer Hauptplatz","lon":16.26845,"lat":48.1506}],"lengthKm":5.7},"geometry":{"type":"LineString","coordinates":[[16.28325,48.13482],[16.28356,48.13511],[16.28358,48.13511],[16.28361,48.1351],[16.28363,48.13511],[16.28365,48.13511],[16.28367,48.13512],[16.28369,48.13513],[16.28371,48.13514],[16.28372,48.13515],[16.28372,48.13517],[16.28373,48.13519],[16.28372,48.1352],[16.28372,48.13522],[16.2837,48.13523],[16.28369,48.13524],[16.28367,48.13525],[16.28365,48.13526],[16.28363,48.13527],[16.28361,48.13527],[16.28358,48.13527],[16.28356,48.13526],[16.28354,48.13525],[16.28351,48.13524],[16.28346,48.13525],[16.28317,48.13526],[16.28309,48.13527],[16.2829,48.13532],[16.28255,48.13505],[16.28209,48.13462],[16.28205,48.13458],[16.282,48.13466],[16.28197,48.13467],[16.28193,48.1347],[16.28188,48.13471],[16.2812,48.13492],[16.2805,48.13513],[16.27989,48.13532],[16.27845,48.13591],[16.27821,48.13599],[16.27683,48.13647],[16.27603,48.13674],[16.27468,48.13695],[16.27435,48.137],[16.27394,48.13707],[16.27386,48.13708],[16.27332,48.13705],[16.27326,48.13703],[16.27322,48.137],[16.27304,48.13702],[16.27294,48.13669],[16.2727,48.13598],[16.27263,48.136],[16.2724,48.13601],[16.272,48.136],[16.26644,48.1359],[16.26315,48.13584],[16.26269,48.13583],[16.2626,48.13543],[16.26258,48.13524],[16.26258,48.13441],[16.26259,48.13395],[16.26258,48.13375],[16.26256,48.13366],[16.26255,48.13361],[16.26231,48.13358],[16.26184,48.13351],[16.26172,48.13349],[16.26163,48.13348],[16.26119,48.13337],[16.261,48.13334],[16.25996,48.13322],[16.25955,48.13319],[16.2587,48.1332],[16.25848,48.13322],[16.25828,48.13326],[16.25772,48.13338],[16.25718,48.1335],[16.25713,48.13352],[16.25709,48.13354],[16.25707,48.1336],[16.25714,48.13382],[16.25717,48.13397],[16.25721,48.13418],[16.25736,48.13474],[16.25739,48.13485],[16.25745,48.13497],[16.2575,48.13507],[16.25759,48.13522],[16.25777,48.13553],[16.25787,48.13574],[16.2579,48.13581],[16.25791,48.13587],[16.25791,48.13601],[16.2579,48.13611],[16.2579,48.13616],[16.25787,48.13628],[16.25786,48.13631],[16.2577,48.13669],[16.25767,48.13683],[16.25766,48.13689],[16.25766,48.13695],[16.25767,48.13705],[16.25769,48.13718],[16.25775,48.13747],[16.25786,48.13802],[16.25785,48.13807],[16.25792,48.13809],[16.26016,48.1384],[16.26015,48.13843],[16.2602,48.13889],[16.26021,48.13895],[16.2602,48.13898],[16.26025,48.13942],[16.26027,48.13948],[16.26048,48.14138],[16.26052,48.14178],[16.26053,48.14183],[16.26055,48.14188],[16.26058,48.14194],[16.26061,48.142],[16.26065,48.14206],[16.26069,48.14211],[16.2608,48.14222],[16.26084,48.14226],[16.26137,48.14275],[16.26143,48.14281],[16.2615,48.1429],[16.26161,48.14307],[16.26172,48.14322],[16.2618,48.14335],[16.26193,48.14358],[16.26208,48.14387],[16.26213,48.144],[16.26222,48.14425],[16.26229,48.14451],[16.26222,48.14453],[16.26199,48.14454],[16.26043,48.14462],[16.25988,48.14465],[16.259,48.1448],[16.25807,48.14495],[16.25772,48.14501],[16.25772,48.14506],[16.25774,48.14572],[16.25774,48.14583],[16.25768,48.1464],[16.25751,48.14798],[16.25908,48.14807],[16.2593,48.14876],[16.25904,48.1488],[16.25922,48.1493],[16.25935,48.14964],[16.25945,48.14974],[16.25957,48.14982],[16.26035,48.15024],[16.2609,48.15053],[16.26115,48.15066],[16.26197,48.15105],[16.26254,48.15133],[16.26303,48.15158],[16.26329,48.15172],[16.26352,48.15185],[16.26359,48.15193],[16.26393,48.15196],[16.26419,48.15194],[16.2652,48.15185],[16.26533,48.15185],[16.26539,48.15184],[16.2661,48.15166],[16.26625,48.15161],[16.26636,48.15156],[16.2668,48.15137],[16.267,48.15128],[16.26765,48.151],[16.26801,48.15083],[16.2682,48.15076],[16.2685,48.15068]]}},{"type":"Feature","properties":{"lineId":"N62","name":"N62","longName":"Oper/Karlsplatz - Speising, Hermesstraße","mode":"bus","color":"#0A295D","stops":[{"name":"Lainzer Tor","lon":16.25711,"lat":48.16695},{"name":"Kleiner Ring","lon":16.25953,"lat":48.16685},{"name":"Jenbachgasse","lon":16.26499,"lat":48.1668},{"name":"Dr.-Schober-Straße","lon":16.2729,"lat":48.16667},{"name":"Strampfergasse","lon":16.27766,"lat":48.16729},{"name":"Speising, Hermesstraße","lon":16.28229,"lat":48.16789},{"name":"Hofwiesengasse","lon":16.28671,"lat":48.17004},{"name":"Wattmanngasse","lon":16.29088,"lat":48.17089},{"name":"Atzgersdorfer Straße","lon":16.29592,"lat":48.1705},{"name":"Rosenhügelstraße","lon":16.30207,"lat":48.16896},{"name":"Schloss Hetzendorf","lon":16.30934,"lat":48.16765},{"name":"Edelsinnstraße","lon":16.31126,"lat":48.17068},{"name":"Schwenkgasse","lon":16.31916,"lat":48.17205},{"name":"Meidling, Schedifkaplatz","lon":16.32974,"lat":48.17308},{"name":"Wienerbergbrücke","lon":16.32773,"lat":48.17209},{"name":"Am Europlatz","lon":16.33328,"lat":48.17133},{"name":"Eibesbrunnergasse","lon":16.33774,"lat":48.17089},{"name":"Gesundheitszentrum Süd","lon":16.34547,"lat":48.16967},{"name":"Clemens-Holzmeister-Straße","lon":16.34734,"lat":48.16916},{"name":"Spinnerin am Kreuz","lon":16.35057,"lat":48.17037},{"name":"Kundratstraße","lon":16.35577,"lat":48.17596},{"name":"Matzleinsdorfer Platz","lon":16.35853,"lat":48.17881},{"name":"Laurenzgasse","lon":16.36332,"lat":48.18602},{"name":"Johann-Strauß-Gasse","lon":16.3657,"lat":48.18928},{"name":"Mayerhofgasse","lon":16.36703,"lat":48.19266},{"name":"Paulanergasse","lon":16.36713,"lat":48.19545},{"name":"Resselgasse","lon":16.36767,"lat":48.19779},{"name":"Karlsplatz","lon":16.3691,"lat":48.20155},{"name":"Oper/Karlsplatz","lon":16.36877,"lat":48.20242}],"lengthKm":12.5},"geometry":{"type":"LineString","coordinates":[[16.25711,48.1669],[16.25704,48.1669],[16.25702,48.1669],[16.25699,48.16688],[16.25698,48.16687],[16.25697,48.16686],[16.25696,48.16685],[16.25696,48.16683],[16.25696,48.16682],[16.25697,48.16681],[16.25698,48.1668],[16.25699,48.16679],[16.25702,48.16677],[16.25706,48.16677],[16.2571,48.16677],[16.25723,48.16681],[16.25723,48.16683],[16.25723,48.16684],[16.25724,48.16686],[16.25725,48.16687],[16.25727,48.16689],[16.25729,48.1669],[16.25732,48.16691],[16.25735,48.16691],[16.2587,48.1669],[16.25954,48.16689],[16.25989,48.16689],[16.26499,48.16685],[16.26637,48.16684],[16.26721,48.16683],[16.27102,48.16679],[16.27156,48.16678],[16.27238,48.16676],[16.27254,48.16675],[16.27271,48.16674],[16.27292,48.16673],[16.27299,48.16673],[16.27311,48.16673],[16.2733,48.16675],[16.27419,48.16687],[16.27562,48.16706],[16.27764,48.16733],[16.28088,48.16777],[16.28095,48.16778],[16.28226,48.16794],[16.28297,48.16804],[16.28301,48.16818],[16.28394,48.16811],[16.28424,48.16843],[16.28428,48.16847],[16.2845,48.16867],[16.28479,48.16894],[16.28508,48.16918],[16.28535,48.1694],[16.28561,48.16959],[16.2859,48.16979],[16.28609,48.16992],[16.28614,48.16995],[16.2862,48.16998],[16.2863,48.17001],[16.28669,48.17008],[16.2872,48.17017],[16.2873,48.17019],[16.28747,48.17022],[16.28848,48.17041],[16.28856,48.17043],[16.28871,48.17046],[16.28881,48.17048],[16.28937,48.17064],[16.28954,48.17069],[16.28964,48.17072],[16.28982,48.17076],[16.28995,48.17079],[16.29015,48.17083],[16.2904,48.17088],[16.29068,48.17091],[16.29088,48.17092],[16.29096,48.17093],[16.29125,48.17093],[16.29148,48.17092],[16.2917,48.1709],[16.29593,48.17056],[16.29744,48.17044],[16.29861,48.17033],[16.29935,48.17025],[16.2994,48.17024],[16.29951,48.17022],[16.29962,48.17018],[16.29972,48.17014],[16.30211,48.169],[16.30243,48.16884],[16.30294,48.16859],[16.3032,48.16847],[16.30339,48.1684],[16.30369,48.16828],[16.30427,48.16809],[16.30485,48.16793],[16.3057,48.1677],[16.3064,48.16755],[16.30714,48.16744],[16.30774,48.16738],[16.30902,48.16728],[16.30927,48.16768],[16.31009,48.169],[16.31027,48.16929],[16.31067,48.16993],[16.31115,48.17071],[16.31124,48.17087],[16.31468,48.17146],[16.31636,48.17173],[16.31914,48.17213],[16.32121,48.17243],[16.32506,48.17298],[16.32547,48.17304],[16.32573,48.17309],[16.32582,48.17311],[16.32601,48.17316],[16.32611,48.1732],[16.32627,48.17327],[16.32637,48.1732],[16.32732,48.17236],[16.32744,48.1723],[16.32766,48.17235],[16.32785,48.1724],[16.3282,48.17252],[16.32965,48.17315],[16.3298,48.17323],[16.32986,48.17328],[16.32991,48.17334],[16.32996,48.17344],[16.32993,48.17352],[16.32982,48.17402],[16.32982,48.17417],[16.32921,48.17409],[16.32906,48.17406],[16.32836,48.17386],[16.32783,48.1737],[16.32746,48.17361],[16.32726,48.17358],[16.3265,48.17337],[16.32627,48.17327],[16.32637,48.1732],[16.32732,48.17236],[16.32744,48.1723],[16.3278,48.17222],[16.3292,48.17194],[16.32957,48.17186],[16.32965,48.17185],[16.33025,48.17174],[16.33106,48.17162],[16.33213,48.17151],[16.33277,48.17145],[16.33295,48.17144],[16.33329,48.17142],[16.33352,48.1714],[16.33365,48.17139],[16.33391,48.17136],[16.33412,48.17133],[16.33449,48.17129],[16.33481,48.17126],[16.33617,48.17114],[16.33759,48.17101],[16.33778,48.17099],[16.34112,48.17056],[16.34118,48.17055],[16.34176,48.17048],[16.34315,48.1703],[16.34363,48.17022],[16.34396,48.17016],[16.34423,48.1701],[16.34457,48.17003],[16.34502,48.16992],[16.34512,48.1699],[16.34553,48.16978],[16.3465,48.16951],[16.34741,48.16926],[16.34795,48.16911],[16.34808,48.16907],[16.34937,48.1687],[16.34988,48.1695],[16.35031,48.1702],[16.35044,48.1704],[16.35062,48.17067],[16.35079,48.1709],[16.35108,48.17125],[16.35115,48.17133],[16.35145,48.17165],[16.35288,48.17314],[16.35363,48.17391],[16.35417,48.17448],[16.35565,48.17601],[16.35606,48.17643],[16.35678,48.17719],[16.35766,48.17809],[16.35838,48.17887],[16.35856,48.17906],[16.35901,48.17946],[16.3592,48.17965],[16.35938,48.17986],[16.35955,48.18014],[16.35941,48.18027],[16.35912,48.18066],[16.35896,48.18085],[16.35869,48.18119],[16.35862,48.18127],[16.35848,48.18143],[16.3584,48.18153],[16.35842,48.18161],[16.35845,48.18164],[16.35882,48.18196],[16.35887,48.182],[16.35982,48.18281],[16.36024,48.18322],[16.36047,48.18345],[16.36116,48.1841],[16.3612,48.18415],[16.36163,48.18448],[16.36186,48.18467],[16.36213,48.18494],[16.36223,48.18502],[16.36279,48.18566],[16.36315,48.18609],[16.36386,48.18693],[16.36427,48.18751],[16.36458,48.18807],[16.36471,48.1883],[16.36482,48.18846],[16.36499,48.18869],[16.36509,48.18882],[16.36557,48.18933],[16.36586,48.18964],[16.36592,48.1897],[16.36603,48.18982],[16.36615,48.18996],[16.36623,48.19007],[16.36634,48.19024],[16.36638,48.19031],[16.36644,48.19043],[16.36655,48.19072],[16.36674,48.19135],[16.36677,48.19145],[16.36678,48.19152],[16.36698,48.19266],[16.36714,48.1936],[16.36718,48.19397],[16.36716,48.19439],[16.36711,48.19477],[16.3671,48.19488],[16.3671,48.19511],[16.3671,48.19545],[16.3671,48.19582],[16.3671,48.19587],[16.36712,48.196],[16.36718,48.19626],[16.36721,48.19635],[16.36721,48.19639],[16.36724,48.19644],[16.36732,48.19666],[16.36736,48.1967],[16.36737,48.19675],[16.36742,48.19693],[16.36745,48.19707],[16.36751,48.19754],[16.36753,48.1976],[16.36757,48.1978],[16.36766,48.19824],[16.36784,48.19882],[16.36802,48.19921],[16.36821,48.19954],[16.36867,48.20044],[16.3689,48.20092],[16.36902,48.20117],[16.36895,48.2012],[16.36893,48.20121],[16.36892,48.20123],[16.36906,48.20156],[16.36911,48.20167],[16.36935,48.20212],[16.36935,48.20217],[16.36927,48.20222],[16.36907,48.20229],[16.36874,48.20237]]}},{"type":"Feature","properties":{"lineId":"N64","name":"N64","longName":"Alterlaa - Siebenhirten","mode":"bus","color":null,"stops":[{"name":"Alterlaa","lon":16.31708,"lat":48.15029},{"name":"Steinsee","lon":16.32046,"lat":48.15154},{"name":"Rossakgasse","lon":16.32161,"lat":48.14771},{"name":"Goldhammergasse","lon":16.32251,"lat":48.14463},{"name":"Meischlgasse","lon":16.32354,"lat":48.14138},{"name":"Erlaaer Spitz","lon":16.32397,"lat":48.13789},{"name":"Zouvalgasse","lon":16.32153,"lat":48.13801},{"name":"Hetmanekgasse","lon":16.31758,"lat":48.1375},{"name":"Perfektastraße","lon":16.31198,"lat":48.13606},{"name":"Talpagasse","lon":16.30961,"lat":48.13226},{"name":"Lemböckgasse","lon":16.30734,"lat":48.1281},{"name":"Siebenhirten","lon":16.3097,"lat":48.12934}],"lengthKm":4.5},"geometry":{"type":"LineString","coordinates":[[16.31715,48.15028],[16.31714,48.15019],[16.31714,48.15016],[16.31716,48.15013],[16.3172,48.1501],[16.31721,48.1501],[16.31726,48.15009],[16.31731,48.15009],[16.31734,48.1501],[16.31737,48.1501],[16.31738,48.15011],[16.31741,48.15014],[16.31742,48.15015],[16.31743,48.15018],[16.31748,48.15109],[16.31727,48.15114],[16.31754,48.1512],[16.31811,48.15134],[16.32035,48.15194],[16.32053,48.15198],[16.32065,48.15157],[16.32095,48.15057],[16.32123,48.14957],[16.32177,48.14773],[16.32205,48.14674],[16.32267,48.14465],[16.32306,48.14329],[16.32312,48.14312],[16.32331,48.14259],[16.32352,48.1419],[16.32368,48.1414],[16.32373,48.14122],[16.3241,48.13991],[16.32428,48.1393],[16.32469,48.13786],[16.32427,48.13781],[16.32418,48.1378],[16.32397,48.1378],[16.32374,48.13781],[16.32272,48.13789],[16.32216,48.13794],[16.32194,48.13795],[16.32182,48.13795],[16.32153,48.13793],[16.32017,48.13785],[16.31988,48.13781],[16.31901,48.13767],[16.31871,48.13762],[16.31772,48.13746],[16.31761,48.13744],[16.31734,48.13737],[16.31696,48.13727],[16.31681,48.13723],[16.31599,48.13708],[16.31549,48.13701],[16.31459,48.13688],[16.31433,48.13685],[16.31417,48.13685],[16.31392,48.13683],[16.31384,48.13682],[16.31325,48.13674],[16.31267,48.13668],[16.31251,48.13668],[16.31238,48.13668],[16.31241,48.13657],[16.3124,48.13647],[16.31239,48.13641],[16.31238,48.13638],[16.31235,48.13631],[16.31233,48.13628],[16.3123,48.13625],[16.31217,48.13613],[16.31205,48.13602],[16.31171,48.13574],[16.31151,48.13555],[16.31138,48.1354],[16.31135,48.13536],[16.31126,48.13525],[16.31122,48.13518],[16.31112,48.13501],[16.31023,48.13328],[16.30977,48.13239],[16.30975,48.13235],[16.3097,48.13224],[16.30941,48.13168],[16.30922,48.1314],[16.30877,48.13074],[16.30862,48.13051],[16.30856,48.1304],[16.3085,48.13029],[16.30843,48.13015],[16.30838,48.13005],[16.30741,48.12809],[16.3073,48.12787],[16.30729,48.12778],[16.30791,48.12775],[16.3083,48.12771],[16.30854,48.12769],[16.30926,48.12767],[16.30958,48.12763],[16.30976,48.1281],[16.30983,48.12826],[16.30998,48.12858],[16.30992,48.1286],[16.30984,48.12866],[16.30986,48.12866],[16.30988,48.12868],[16.3099,48.12869],[16.30991,48.12872],[16.30988,48.12878],[16.30988,48.12881],[16.31015,48.12937],[16.31016,48.1294],[16.31016,48.12943],[16.31015,48.12946],[16.31013,48.12949],[16.3101,48.12951],[16.31007,48.12952],[16.31,48.12953],[16.30996,48.12954],[16.30991,48.12953],[16.30986,48.1295],[16.30983,48.12948],[16.30981,48.12945],[16.3098,48.12941],[16.30978,48.12934]]}},{"type":"Feature","properties":{"lineId":"N65","name":"N65","longName":"Reumannplatz - Liesing","mode":"bus","color":"#0A295D","stops":[{"name":"Quellenplatz","lon":16.3734,"lat":48.17525},{"name":"Reumannplatz","lon":16.37719,"lat":48.17534},{"name":"Reumannplatz","lon":16.37748,"lat":48.17315},{"name":"Arthaberplatz","lon":16.37208,"lat":48.17278},{"name":"Laxenburger Straße/Troststraße","lon":16.36884,"lat":48.1694},{"name":"Troststraße/Neilreichgasse","lon":16.36491,"lat":48.16997},{"name":"Raxstraße","lon":16.36347,"lat":48.16592},{"name":"Sahulkastraße","lon":16.36206,"lat":48.16229},{"name":"Wienerfeldgasse","lon":16.36014,"lat":48.15843},{"name":"Frödenplatz","lon":16.35832,"lat":48.15555},{"name":"Otto-Probst-Straße","lon":16.35482,"lat":48.15631},{"name":"Otto-Probst-Platz","lon":16.34888,"lat":48.15393},{"name":"Jungbauerweg","lon":16.34509,"lat":48.15539},{"name":"Grohnergasse","lon":16.34325,"lat":48.15692},{"name":"Triester Straße/Computerstraße","lon":16.34166,"lat":48.15788},{"name":"Computerstraße/Gutheil-Schoder-Gasse","lon":16.33729,"lat":48.15986},{"name":"Gutheil-Schoder-Gasse","lon":16.33576,"lat":48.15951},{"name":"Am Schöpfwerk/Eibesbrunnergasse","lon":16.32976,"lat":48.16063},{"name":"Am Schöpfwerk","lon":16.32503,"lat":48.16154},{"name":"Khleslplatz","lon":16.32218,"lat":48.16259},{"name":"Sagedergasse","lon":16.31736,"lat":48.16244},{"name":"Stachegasse","lon":16.312,"lat":48.16222},{"name":"Kirchfeldgasse","lon":16.30807,"lat":48.15927},{"name":"Gregorygasse","lon":16.30512,"lat":48.15716},{"name":"Kunerolgasse","lon":16.30179,"lat":48.1542},{"name":"Atzgersdorf, Bildungscampus","lon":16.30051,"lat":48.15173},{"name":"Gerbergasse","lon":16.29898,"lat":48.14931},{"name":"Brunner Straße/Erlaaer Straße","lon":16.29577,"lat":48.14609},{"name":"Leopoldigasse","lon":16.29172,"lat":48.1419},{"name":"Dr.-Neumann-Gasse","lon":16.28837,"lat":48.13838},{"name":"Liesing","lon":16.28327,"lat":48.13504}],"lengthKm":13.4},"geometry":{"type":"LineString","coordinates":[[16.37336,48.17526],[16.37339,48.17533],[16.3735,48.17563],[16.37404,48.17559],[16.37484,48.17553],[16.37555,48.17549],[16.37635,48.17544],[16.37634,48.1754],[16.37613,48.17391],[16.37593,48.17321],[16.37566,48.17225],[16.37508,48.17085],[16.37585,48.17069],[16.37648,48.17056],[16.37656,48.17054],[16.37729,48.17037],[16.37743,48.17035],[16.37788,48.17029],[16.37817,48.17027],[16.37842,48.17026],[16.37865,48.17027],[16.37897,48.17029],[16.37905,48.1703],[16.37979,48.17036],[16.37977,48.17041],[16.37976,48.17045],[16.37976,48.17048],[16.37974,48.17055],[16.3796,48.17087],[16.37941,48.17135],[16.37905,48.1722],[16.37864,48.17321],[16.37852,48.17318],[16.37834,48.17314],[16.37824,48.17312],[16.37804,48.1731],[16.37783,48.17309],[16.37772,48.17309],[16.37764,48.17309],[16.37748,48.1731],[16.37724,48.17312],[16.3771,48.17313],[16.37593,48.17321],[16.37255,48.17343],[16.37226,48.17274],[16.37215,48.17248],[16.37141,48.17082],[16.37109,48.17017],[16.37057,48.16909],[16.3693,48.16928],[16.36883,48.16935],[16.36767,48.16953],[16.36664,48.16968],[16.36561,48.16982],[16.36489,48.16993],[16.36439,48.17001],[16.36423,48.16901],[16.3639,48.16681],[16.3636,48.1659],[16.36354,48.16574],[16.36353,48.16566],[16.36352,48.16555],[16.363,48.16404],[16.36288,48.16369],[16.36291,48.16356],[16.3627,48.16348],[16.36253,48.16303],[16.36253,48.16298],[16.36253,48.16297],[16.36258,48.16291],[16.36233,48.16255],[16.36217,48.16235],[16.36211,48.16226],[16.36201,48.16212],[16.36195,48.16202],[16.36188,48.16188],[16.36133,48.16076],[16.36116,48.1604],[16.36086,48.15971],[16.36082,48.15963],[16.36077,48.15954],[16.36055,48.1591],[16.36033,48.15864],[16.36022,48.15841],[16.36008,48.1581],[16.35988,48.15772],[16.35977,48.15751],[16.35947,48.15701],[16.35893,48.15613],[16.35867,48.15578],[16.35848,48.1555],[16.35829,48.15522],[16.35824,48.15521],[16.35821,48.15521],[16.35815,48.15522],[16.35807,48.15524],[16.35784,48.15531],[16.35775,48.15534],[16.35762,48.1554],[16.35756,48.15542],[16.35746,48.15545],[16.35642,48.15577],[16.35635,48.15579],[16.35479,48.15626],[16.35272,48.15689],[16.35265,48.15691],[16.35255,48.15693],[16.35248,48.15694],[16.35242,48.15694],[16.35235,48.15695],[16.35222,48.15693],[16.35214,48.15692],[16.35206,48.15691],[16.35197,48.15688],[16.35191,48.15686],[16.35185,48.15683],[16.3518,48.15681],[16.35173,48.15676],[16.35169,48.15673],[16.35166,48.1567],[16.35161,48.15664],[16.35116,48.15597],[16.35085,48.15551],[16.35082,48.15547],[16.35077,48.15543],[16.35075,48.15542],[16.35066,48.15537],[16.35059,48.15533],[16.35057,48.15531],[16.35055,48.15528],[16.35051,48.15523],[16.35034,48.15497],[16.34992,48.15435],[16.34985,48.15426],[16.34982,48.15423],[16.34976,48.15418],[16.34972,48.15416],[16.34966,48.15413],[16.34957,48.1541],[16.3495,48.15407],[16.34942,48.15406],[16.34935,48.15405],[16.34928,48.15405],[16.3492,48.15405],[16.34913,48.15406],[16.34905,48.15407],[16.34892,48.15411],[16.34889,48.15405],[16.34872,48.1538],[16.34867,48.15375],[16.34863,48.1537],[16.34855,48.15355],[16.34851,48.15346],[16.34849,48.15342],[16.34859,48.15335],[16.34875,48.1533],[16.34886,48.15328],[16.34895,48.15327],[16.34904,48.15326],[16.34913,48.15327],[16.3492,48.15328],[16.34925,48.15331],[16.3493,48.15334],[16.34935,48.15339],[16.34938,48.15346],[16.34939,48.15351],[16.34938,48.15356],[16.34935,48.1536],[16.34931,48.15363],[16.34927,48.15365],[16.34873,48.15381],[16.34882,48.15395],[16.34889,48.15405],[16.34892,48.15411],[16.34888,48.15413],[16.34813,48.15436],[16.34716,48.15467],[16.34532,48.15525],[16.34505,48.15534],[16.3442,48.15562],[16.34362,48.15581],[16.34327,48.15593],[16.3432,48.15596],[16.34314,48.15599],[16.34307,48.15603],[16.34301,48.15608],[16.34298,48.15611],[16.34295,48.15615],[16.34289,48.15627],[16.34288,48.15629],[16.34288,48.15632],[16.34287,48.15637],[16.34288,48.15643],[16.3429,48.1565],[16.34293,48.15657],[16.34319,48.15694],[16.3432,48.15696],[16.34323,48.157],[16.34324,48.15704],[16.34326,48.15708],[16.34326,48.15714],[16.34329,48.15723],[16.34313,48.15728],[16.3422,48.15759],[16.34203,48.15764],[16.34159,48.15776],[16.3408,48.15798],[16.33973,48.15829],[16.33907,48.15848],[16.33885,48.15856],[16.33868,48.15863],[16.33853,48.15869],[16.33839,48.15877],[16.33821,48.15887],[16.3381,48.15895],[16.33801,48.15903],[16.33791,48.15911],[16.33733,48.1597],[16.33726,48.15976],[16.33719,48.15982],[16.33718,48.15983],[16.33709,48.15988],[16.33696,48.15996],[16.33676,48.16007],[16.33666,48.16012],[16.33609,48.15964],[16.33587,48.15945],[16.3351,48.15881],[16.33435,48.15909],[16.3337,48.15937],[16.33314,48.15957],[16.33303,48.15959],[16.33293,48.15963],[16.33277,48.15969],[16.33226,48.15987],[16.33184,48.16001],[16.3312,48.1602],[16.33092,48.16028],[16.33,48.16052],[16.32973,48.16058],[16.32952,48.16063],[16.3291,48.16072],[16.32859,48.16082],[16.32837,48.16086],[16.32781,48.16097],[16.32761,48.16101],[16.32723,48.16109],[16.32647,48.16123],[16.32634,48.16125],[16.325,48.16149],[16.32416,48.16164],[16.32399,48.16169],[16.323,48.16205],[16.32289,48.1621],[16.32284,48.16214],[16.32263,48.16235],[16.32259,48.16238],[16.32245,48.16245],[16.3223,48.1625],[16.32215,48.16254],[16.32177,48.16265],[16.32167,48.16267],[16.32159,48.16268],[16.32149,48.16269],[16.32068,48.16268],[16.3206,48.16269],[16.31902,48.16311],[16.31731,48.16381],[16.31714,48.16383],[16.31746,48.16269],[16.31752,48.16247],[16.31776,48.16153],[16.31757,48.16157],[16.31634,48.1619],[16.3162,48.16195],[16.31603,48.16201],[16.31595,48.16204],[16.31513,48.16226],[16.31494,48.16233],[16.31468,48.1624],[16.31412,48.16256],[16.31367,48.16268],[16.31359,48.16271],[16.31344,48.16277],[16.31334,48.16281],[16.31323,48.16287],[16.31309,48.16293],[16.31208,48.16217],[16.31165,48.16185],[16.31057,48.161],[16.30955,48.16025],[16.30856,48.15949],[16.30818,48.15921],[16.30652,48.15802],[16.30522,48.15709],[16.30452,48.1566],[16.30412,48.15631],[16.30387,48.15603],[16.30345,48.15573],[16.30333,48.15564],[16.30321,48.15554],[16.30295,48.1553],[16.30242,48.15476],[16.30217,48.1545],[16.30212,48.15444],[16.30209,48.1544],[16.30204,48.15434],[16.30196,48.15417],[16.30144,48.15309],[16.30139,48.15301],[16.3012,48.15262],[16.30118,48.1526],[16.30105,48.15246],[16.30099,48.15238],[16.3009,48.15225],[16.30058,48.15171],[16.30039,48.15139],[16.29985,48.15051],[16.29916,48.14939],[16.29909,48.14927],[16.29876,48.14871],[16.2987,48.14859],[16.29859,48.14841],[16.29842,48.14819],[16.29814,48.14789],[16.29801,48.14782],[16.29792,48.1478],[16.29751,48.14755],[16.29743,48.1475],[16.29733,48.14743],[16.29647,48.14668],[16.29615,48.14639],[16.29605,48.1463],[16.29596,48.1462],[16.29585,48.14607],[16.29575,48.14595],[16.29576,48.14588],[16.29515,48.14576],[16.29492,48.1457],[16.29478,48.14564],[16.29465,48.14559],[16.29405,48.14532],[16.29402,48.1453],[16.29398,48.14527],[16.29327,48.14431],[16.29282,48.14369],[16.29245,48.14311],[16.29203,48.14237],[16.29181,48.14189],[16.29126,48.14059],[16.29121,48.14051],[16.29118,48.14046],[16.29114,48.14041],[16.29105,48.1403],[16.29094,48.14019],[16.2907,48.13997],[16.29047,48.1398],[16.28927,48.13893],[16.28844,48.13833],[16.28564,48.13635],[16.28552,48.13629],[16.28546,48.13627],[16.28535,48.13624],[16.28528,48.13622],[16.28522,48.13622],[16.28512,48.13621],[16.28473,48.13622],[16.28429,48.13625],[16.28423,48.13624],[16.28414,48.13623],[16.28402,48.1362],[16.28392,48.13616],[16.28386,48.13612],[16.2838,48.13608],[16.28376,48.13603],[16.28372,48.13599],[16.28359,48.13583],[16.28341,48.13568],[16.28328,48.13558],[16.28314,48.13549],[16.2829,48.13532],[16.28284,48.13528],[16.28255,48.13505],[16.28246,48.13497],[16.28251,48.13488],[16.28259,48.13485],[16.28267,48.13493],[16.28287,48.13508],[16.28289,48.13507],[16.28327,48.13506]]}},{"type":"Feature","properties":{"lineId":"N66","name":"N66","longName":"Oper/Karlsplatz - Liesing","mode":"bus","color":"#0A295D","stops":[{"name":"Oper/Karlsplatz","lon":16.36856,"lat":48.20266},{"name":"Burgring","lon":16.36417,"lat":48.20376},{"name":"Ring/Volkstheater","lon":16.36007,"lat":48.2068},{"name":"Rathausplatz/Burgtheater","lon":16.36069,"lat":48.21029},{"name":"Schottentor","lon":16.36212,"lat":48.2137},{"name":"Börse","lon":16.36624,"lat":48.21559},{"name":"Schottenring","lon":16.37195,"lat":48.21682},{"name":"Schwedenplatz","lon":16.37792,"lat":48.21177},{"name":"Stubentor U","lon":16.38006,"lat":48.2069},{"name":"Schwarzenbergplatz","lon":16.3748,"lat":48.20185},{"name":"Oper/Karlsplatz","lon":16.36931,"lat":48.2025},{"name":"Bärenmühldurchgang","lon":16.36659,"lat":48.1996},{"name":"Schleifmühlgasse","lon":16.36567,"lat":48.19727},{"name":"Taubstummengasse","lon":16.36964,"lat":48.19478},{"name":"Kolschitzkygasse","lon":16.37305,"lat":48.18795},{"name":"Hauptbahnhof","lon":16.37357,"lat":48.18519},{"name":"Laxenburger Straße/Gudrunstraße","lon":16.3736,"lat":48.17869},{"name":"Quellenplatz","lon":16.37342,"lat":48.17609},{"name":"Arthaberplatz","lon":16.37208,"lat":48.17278},{"name":"Laxenburger Straße/Troststraße","lon":16.37014,"lat":48.16862},{"name":"Grenzackerstraße","lon":16.36799,"lat":48.16466},{"name":"Kornauthgasse","lon":16.36677,"lat":48.16093},{"name":"Sibeliusstraße","lon":16.36643,"lat":48.15882},{"name":"Wienerfeld","lon":16.36427,"lat":48.15431},{"name":"Oberlaaer Straße","lon":16.36103,"lat":48.14779},{"name":"Siedlung Blumental","lon":16.36123,"lat":48.14594},{"name":"Inzersdorf Friedhof","lon":16.35387,"lat":48.1478},{"name":"Pfarrgasse","lon":16.34741,"lat":48.14973},{"name":"Sterngasse","lon":16.34569,"lat":48.14855},{"name":"Klingerstraße","lon":16.3397,"lat":48.1491},{"name":"Purkytgasse","lon":16.33533,"lat":48.14996},{"name":"Willendorfer Gasse","lon":16.33335,"lat":48.1516},{"name":"Schwarzenhaidestraße","lon":16.32807,"lat":48.15247},{"name":"Steinsee","lon":16.31987,"lat":48.15195},{"name":"Alterlaa","lon":16.31641,"lat":48.15112},{"name":"Mühlbreiten","lon":16.3114,"lat":48.14986},{"name":"Schloss Alterlaa","lon":16.30601,"lat":48.14805},{"name":"Josef-Österreicher-Gasse","lon":16.30203,"lat":48.14741},{"name":"Brunner Straße/Erlaaer Straße","lon":16.29636,"lat":48.14636},{"name":"Atzgersdorf Kirchenplatz","lon":16.29504,"lat":48.14739},{"name":"Atzgersdorf","lon":16.28835,"lat":48.14775},{"name":"Rudolf-Zeller-Gasse","lon":16.28379,"lat":48.14752},{"name":"Corvinusgasse","lon":16.28064,"lat":48.14438},{"name":"Liesing Schulzentrum","lon":16.28033,"lat":48.14023},{"name":"Schartlgasse","lon":16.28118,"lat":48.13771},{"name":"Liesing","lon":16.28286,"lat":48.13465}],"lengthKm":20.7},"geometry":{"type":"LineString","coordinates":[[16.36853,48.2026],[16.36809,48.2027],[16.368,48.20271],[16.36605,48.20314],[16.36426,48.20355],[16.36406,48.2037],[16.36199,48.20524],[16.36028,48.20652],[16.35998,48.20675],[16.35975,48.20693],[16.3597,48.20699],[16.35968,48.20704],[16.35966,48.20711],[16.3597,48.20726],[16.35974,48.20738],[16.35982,48.20762],[16.36013,48.20867],[16.36044,48.20967],[16.36062,48.21031],[16.36086,48.21112],[16.36116,48.21213],[16.36127,48.21248],[16.36136,48.21277],[16.36158,48.21353],[16.36206,48.21376],[16.36477,48.21499],[16.36544,48.2153],[16.36618,48.21564],[16.36682,48.21594],[16.36828,48.21661],[16.36866,48.21677],[16.36885,48.21686],[16.37024,48.21749],[16.37055,48.21754],[16.37105,48.21754],[16.37125,48.21745],[16.3714,48.21735],[16.37166,48.21717],[16.37181,48.21705],[16.37203,48.21686],[16.37211,48.21679],[16.37269,48.21622],[16.37304,48.21581],[16.37361,48.21496],[16.37367,48.21485],[16.37379,48.21463],[16.37416,48.21405],[16.37492,48.2133],[16.3752,48.21307],[16.37555,48.21283],[16.37587,48.21263],[16.37628,48.2124],[16.37671,48.21221],[16.37703,48.2121],[16.37734,48.212],[16.37783,48.21186],[16.37796,48.21183],[16.37873,48.21164],[16.37944,48.21153],[16.37999,48.21148],[16.38106,48.21144],[16.38215,48.2114],[16.38286,48.21137],[16.38273,48.21077],[16.38249,48.20985],[16.38224,48.2089],[16.38154,48.2082],[16.38016,48.20686],[16.37883,48.20555],[16.37819,48.20495],[16.37771,48.20446],[16.376,48.20278],[16.37508,48.2019],[16.37503,48.20186],[16.3749,48.20179],[16.37485,48.20178],[16.37427,48.20162],[16.37363,48.20147],[16.37354,48.20147],[16.37344,48.20149],[16.36961,48.20235],[16.36941,48.20241],[16.36928,48.20244],[16.36809,48.2027],[16.368,48.20271],[16.36731,48.20132],[16.3672,48.20113],[16.36711,48.20103],[16.36691,48.20084],[16.36685,48.20076],[16.36692,48.20069],[16.36691,48.20064],[16.3669,48.20059],[16.36691,48.20048],[16.36692,48.20023],[16.36688,48.19997],[16.36673,48.19958],[16.36626,48.19846],[16.36578,48.19732],[16.36576,48.19726],[16.36565,48.19696],[16.36555,48.19685],[16.36515,48.19645],[16.36511,48.19642],[16.36515,48.19637],[16.36519,48.19634],[16.36566,48.19614],[16.36588,48.19607],[16.3662,48.19599],[16.36694,48.19586],[16.3671,48.19582],[16.36878,48.19564],[16.36885,48.19565],[16.36898,48.19568],[16.36936,48.1953],[16.36977,48.19483],[16.36987,48.19472],[16.37003,48.19449],[16.37014,48.19429],[16.3703,48.19399],[16.37031,48.19393],[16.37066,48.1932],[16.37073,48.19304],[16.37092,48.19246],[16.37109,48.19195],[16.37111,48.19189],[16.37123,48.19158],[16.37141,48.1911],[16.37151,48.19088],[16.37184,48.19025],[16.37193,48.19012],[16.3722,48.18965],[16.37305,48.18813],[16.37314,48.18797],[16.37361,48.18715],[16.37374,48.18613],[16.37352,48.18588],[16.37347,48.1858],[16.37344,48.18573],[16.37343,48.18559],[16.37345,48.18529],[16.37347,48.18518],[16.37348,48.18512],[16.37353,48.18479],[16.37358,48.18467],[16.37359,48.18439],[16.37359,48.18432],[16.37364,48.18352],[16.37372,48.18186],[16.37372,48.18129],[16.37375,48.17995],[16.37375,48.17944],[16.37375,48.17869],[16.37375,48.17835],[16.37367,48.17726],[16.37364,48.17664],[16.3736,48.17608],[16.37359,48.176],[16.3735,48.17563],[16.37339,48.17533],[16.37324,48.175],[16.37286,48.17413],[16.37255,48.17343],[16.37226,48.17274],[16.37215,48.17248],[16.37141,48.17082],[16.37109,48.17017],[16.37057,48.16909],[16.37032,48.16859],[16.36993,48.16782],[16.36951,48.16704],[16.36906,48.16631],[16.36888,48.16603],[16.36874,48.16575],[16.36833,48.16499],[16.36816,48.16463],[16.36746,48.16316],[16.36742,48.16309],[16.3673,48.16283],[16.36724,48.16267],[16.3672,48.16256],[16.36717,48.16243],[16.36694,48.16092],[16.36665,48.15913],[16.36661,48.1588],[16.36655,48.15844],[16.36652,48.15829],[16.3665,48.15821],[16.36646,48.15812],[16.36634,48.15786],[16.36492,48.15518],[16.36443,48.15427],[16.36362,48.15275],[16.36152,48.14862],[16.36144,48.14846],[16.36128,48.14808],[16.36126,48.14798],[16.36125,48.1479],[16.36123,48.14777],[16.36121,48.14763],[16.36122,48.14741],[16.36124,48.14717],[16.36125,48.14712],[16.3613,48.1467],[16.36136,48.14627],[16.36139,48.14595],[16.36143,48.14564],[16.36143,48.14552],[16.36141,48.14542],[16.36125,48.14547],[16.36114,48.1455],[16.36051,48.14572],[16.3594,48.14615],[16.35935,48.14616],[16.35857,48.14645],[16.35845,48.14649],[16.35833,48.14653],[16.35821,48.14658],[16.35796,48.1467],[16.35739,48.147],[16.35731,48.14704],[16.35719,48.14709],[16.35698,48.14717],[16.35685,48.1472],[16.35644,48.14728],[16.35588,48.14738],[16.35566,48.14741],[16.35504,48.14748],[16.35469,48.14754],[16.35422,48.14766],[16.35384,48.14775],[16.35369,48.14778],[16.35364,48.14781],[16.35359,48.14781],[16.3535,48.14782],[16.3532,48.1479],[16.3528,48.14804],[16.35238,48.14816],[16.35175,48.14828],[16.35162,48.14831],[16.35142,48.14836],[16.35125,48.14842],[16.35118,48.14845],[16.35065,48.14875],[16.35034,48.14891],[16.35011,48.14901],[16.34993,48.14909],[16.34985,48.14912],[16.34933,48.14927],[16.34925,48.14929],[16.34791,48.14956],[16.34738,48.14966],[16.34712,48.14971],[16.34711,48.14966],[16.34688,48.14897],[16.34687,48.14895],[16.34667,48.14839],[16.34568,48.14841],[16.34405,48.14844],[16.34304,48.14855],[16.3424,48.14865],[16.34076,48.14883],[16.33966,48.14896],[16.33935,48.14899],[16.33791,48.14919],[16.33729,48.14933],[16.33665,48.14951],[16.33604,48.1497],[16.33564,48.1498],[16.33556,48.14983],[16.33529,48.14988],[16.33506,48.14993],[16.33458,48.15004],[16.33376,48.15019],[16.33368,48.1502],[16.33417,48.15138],[16.33413,48.15139],[16.33332,48.15154],[16.33298,48.15161],[16.33297,48.15163],[16.33273,48.15172],[16.33258,48.15177],[16.33248,48.1518],[16.3323,48.15184],[16.33012,48.15223],[16.3296,48.15233],[16.32953,48.15235],[16.32949,48.15233],[16.32916,48.15238],[16.32862,48.15245],[16.32846,48.15243],[16.32831,48.1524],[16.32808,48.15239],[16.32672,48.15233],[16.32414,48.1522],[16.3214,48.15207],[16.32053,48.15198],[16.32035,48.15194],[16.31995,48.15183],[16.31811,48.15134],[16.31754,48.1512],[16.31727,48.15114],[16.31669,48.15104],[16.31645,48.15101],[16.31626,48.15098],[16.31592,48.15092],[16.31573,48.15089],[16.3155,48.15083],[16.3153,48.15079],[16.31489,48.15068],[16.31417,48.15047],[16.31238,48.14999],[16.31175,48.14981],[16.3115,48.14973],[16.31108,48.14958],[16.31056,48.14936],[16.30994,48.14904],[16.30976,48.14893],[16.30923,48.1486],[16.30899,48.14849],[16.30868,48.14839],[16.30847,48.14834],[16.30778,48.14823],[16.30663,48.14805],[16.30633,48.14801],[16.30604,48.14797],[16.30348,48.14758],[16.30291,48.14749],[16.30204,48.14736],[16.30121,48.14724],[16.30103,48.14721],[16.3009,48.14718],[16.30076,48.14715],[16.30065,48.14712],[16.30034,48.14704],[16.30023,48.147],[16.30001,48.14693],[16.29983,48.14686],[16.29962,48.14678],[16.29882,48.14644],[16.29866,48.1464],[16.29744,48.1462],[16.29693,48.14617],[16.29683,48.14626],[16.29635,48.1463],[16.29618,48.14631],[16.29594,48.14628],[16.2959,48.14629],[16.29579,48.14644],[16.2957,48.14654],[16.29564,48.14658],[16.29548,48.1467],[16.29505,48.14704],[16.29502,48.14708],[16.29499,48.14711],[16.29497,48.14714],[16.29496,48.14718],[16.29495,48.14721],[16.29496,48.14727],[16.29499,48.14739],[16.29501,48.14747],[16.29502,48.1475],[16.29504,48.14754],[16.29421,48.14764],[16.29414,48.14764],[16.29406,48.14764],[16.29385,48.14759],[16.29376,48.14757],[16.29356,48.14753],[16.29351,48.14752],[16.29344,48.14753],[16.29336,48.14754],[16.29308,48.14759],[16.29233,48.14773],[16.29137,48.14792],[16.29067,48.14805],[16.29061,48.14806],[16.29053,48.14806],[16.29045,48.14806],[16.29032,48.14804],[16.29023,48.14802],[16.28994,48.14795],[16.28973,48.1479],[16.28965,48.14788],[16.28958,48.14787],[16.28883,48.14778],[16.28871,48.14775],[16.28852,48.14771],[16.28839,48.14768],[16.28807,48.14763],[16.28567,48.14735],[16.28556,48.14734],[16.28512,48.14731],[16.28493,48.14731],[16.2847,48.14732],[16.28454,48.14733],[16.28443,48.14734],[16.28433,48.14735],[16.28376,48.14746],[16.28335,48.14753],[16.28332,48.14747],[16.28278,48.1467],[16.28256,48.14636],[16.28242,48.14616],[16.28237,48.14611],[16.28233,48.14606],[16.28229,48.14604],[16.28221,48.146],[16.28216,48.14597],[16.28133,48.14567],[16.28123,48.14563],[16.28113,48.14559],[16.28106,48.14554],[16.281,48.14549],[16.28096,48.14545],[16.28093,48.1454],[16.2809,48.14535],[16.28087,48.14526],[16.28082,48.14512],[16.28081,48.14507],[16.28071,48.14438],[16.28058,48.14355],[16.28049,48.14301],[16.28044,48.14184],[16.2804,48.14062],[16.28041,48.14056],[16.2804,48.14023],[16.2804,48.14006],[16.28042,48.13984],[16.28045,48.13969],[16.28048,48.13957],[16.28052,48.13947],[16.28102,48.13831],[16.28102,48.13825],[16.28099,48.13818],[16.28113,48.13812],[16.28143,48.13804],[16.2814,48.13799],[16.28123,48.1377],[16.28097,48.13725],[16.28094,48.13717],[16.28092,48.13711],[16.28092,48.13705],[16.28094,48.137],[16.28097,48.13695],[16.28102,48.13689],[16.28126,48.13664],[16.28159,48.13634],[16.28166,48.13628],[16.28194,48.13617],[16.28263,48.13593],[16.28243,48.13564],[16.28235,48.13553],[16.28209,48.13564],[16.2809,48.13614],[16.28077,48.13618],[16.28065,48.13621],[16.28052,48.13622],[16.28035,48.13619],[16.28028,48.13616],[16.28021,48.13608],[16.28024,48.13602],[16.28027,48.13597],[16.28035,48.13592],[16.28046,48.13585],[16.2805,48.1358],[16.2806,48.13577],[16.28091,48.13568],[16.28183,48.13537],[16.28191,48.13535],[16.28213,48.13525],[16.28222,48.1352],[16.2824,48.13508],[16.28246,48.13497],[16.28251,48.13488],[16.28291,48.1347]]}},{"type":"Feature","properties":{"lineId":"N67","name":"N67","longName":"Quellenplatz - Inzersdorf, Großmarkt","mode":"bus","color":"#0A295D","stops":[{"name":"Quellenplatz","lon":16.3734,"lat":48.17525},{"name":"Reumannplatz","lon":16.37719,"lat":48.17534},{"name":"Troststraße","lon":16.3806,"lat":48.16831},{"name":"Altes Landgut","lon":16.38312,"lat":48.16145},{"name":"Alaudagasse","lon":16.38201,"lat":48.15272},{"name":"Stockholmer Platz","lon":16.38224,"lat":48.14935},{"name":"Neulaa","lon":16.38234,"lat":48.14673},{"name":"Himberger Straße","lon":16.38228,"lat":48.14349},{"name":"Sulzengasse","lon":16.37451,"lat":48.1449},{"name":"Großmarktstraße","lon":16.3673,"lat":48.14651},{"name":"Oberlaaer Straße","lon":16.3624,"lat":48.14774},{"name":"Siedlung Blumental","lon":16.36123,"lat":48.14594},{"name":"Kolbegasse","lon":16.36072,"lat":48.14461},{"name":"Jochen-Rindt-Straße","lon":16.35405,"lat":48.14594},{"name":"Ernanigasse","lon":16.35266,"lat":48.14335},{"name":"Tenschertstraße","lon":16.35235,"lat":48.14085},{"name":"Inzersdorf, Birostraße","lon":16.35147,"lat":48.13665},{"name":"Birostraße Mitte","lon":16.35414,"lat":48.13855},{"name":"Deutschstraße","lon":16.3583,"lat":48.13962},{"name":"Kronfußgasse","lon":16.35963,"lat":48.13934},{"name":"Heizwerkstraße","lon":16.36434,"lat":48.13836},{"name":"Halban-Kurz-Straße","lon":16.36266,"lat":48.13314},{"name":"Josef-Prangl-Straße","lon":16.35656,"lat":48.13458},{"name":"Inzersdorf, Großmarkt","lon":16.35781,"lat":48.13558}],"lengthKm":12},"geometry":{"type":"LineString","coordinates":[[16.37336,48.17526],[16.37339,48.17533],[16.3735,48.17563],[16.37404,48.17559],[16.37484,48.17553],[16.37555,48.17549],[16.37635,48.17544],[16.37634,48.1754],[16.37613,48.17391],[16.37593,48.17321],[16.37255,48.17343],[16.37215,48.17248],[16.37141,48.17082],[16.37109,48.17017],[16.37057,48.16909],[16.37248,48.1688],[16.37393,48.16858],[16.37437,48.16852],[16.37448,48.16851],[16.37606,48.16858],[16.3768,48.16863],[16.37782,48.16873],[16.37961,48.16893],[16.38033,48.16907],[16.38036,48.169],[16.38042,48.1689],[16.38066,48.16833],[16.38148,48.16638],[16.38188,48.16543],[16.38222,48.16458],[16.38257,48.16374],[16.38258,48.16369],[16.38259,48.16365],[16.38259,48.16358],[16.3826,48.16353],[16.38273,48.1632],[16.38274,48.16314],[16.38275,48.16308],[16.38297,48.16255],[16.383,48.1625],[16.38305,48.16243],[16.3831,48.16238],[16.38314,48.16233],[16.38315,48.16231],[16.38315,48.16229],[16.38318,48.16223],[16.38301,48.16203],[16.383,48.162],[16.38301,48.16193],[16.38302,48.16188],[16.3831,48.16167],[16.3832,48.16146],[16.38327,48.16131],[16.38328,48.16125],[16.3833,48.16095],[16.38316,48.16103],[16.38294,48.16114],[16.38206,48.16153],[16.3819,48.16158],[16.3819,48.16147],[16.38189,48.16133],[16.38189,48.16119],[16.3819,48.16106],[16.38192,48.16085],[16.38194,48.1608],[16.38197,48.16068],[16.38199,48.16061],[16.38203,48.16054],[16.38206,48.16048],[16.38211,48.16043],[16.38214,48.16039],[16.38219,48.16035],[16.38228,48.16029],[16.38235,48.16025],[16.38254,48.16017],[16.38257,48.16014],[16.38279,48.16006],[16.38291,48.16],[16.3832,48.15991],[16.38338,48.15986],[16.38338,48.15977],[16.38337,48.1597],[16.38335,48.1596],[16.38331,48.15945],[16.38308,48.15876],[16.38301,48.15858],[16.38293,48.15836],[16.38273,48.15783],[16.38265,48.15767],[16.38252,48.15735],[16.38239,48.15701],[16.38227,48.1567],[16.3822,48.15651],[16.38217,48.15637],[16.38213,48.15624],[16.38212,48.15613],[16.38211,48.15609],[16.38208,48.15594],[16.38207,48.15575],[16.38207,48.15561],[16.38204,48.15526],[16.38204,48.15498],[16.38203,48.15462],[16.38206,48.15421],[16.38219,48.15273],[16.38222,48.1523],[16.38224,48.15203],[16.38226,48.15156],[16.38228,48.15115],[16.38232,48.15065],[16.38231,48.15048],[16.38233,48.1499],[16.38234,48.14979],[16.38236,48.14963],[16.38237,48.14935],[16.38237,48.14917],[16.38238,48.14893],[16.38239,48.14862],[16.38238,48.14828],[16.3824,48.14801],[16.38241,48.14789],[16.38245,48.14763],[16.38246,48.14754],[16.38248,48.14703],[16.38248,48.14673],[16.38248,48.14657],[16.38251,48.14641],[16.38252,48.14616],[16.38258,48.14498],[16.38262,48.1441],[16.38265,48.14333],[16.38225,48.14341],[16.38162,48.14354],[16.37815,48.14417],[16.37575,48.14461],[16.37487,48.14478],[16.37449,48.14485],[16.37331,48.14506],[16.37294,48.14513],[16.37268,48.1452],[16.37203,48.14541],[16.37177,48.14548],[16.37151,48.14554],[16.37136,48.14557],[16.37111,48.1456],[16.3707,48.14564],[16.37045,48.14567],[16.37018,48.14572],[16.36726,48.14646],[16.36474,48.1471],[16.3636,48.14739],[16.36237,48.1477],[16.36126,48.14798],[16.36125,48.1479],[16.36123,48.14776],[16.36121,48.14763],[16.36122,48.14741],[16.36124,48.14717],[16.36125,48.14712],[16.3613,48.1467],[16.36136,48.14627],[16.36139,48.14595],[16.36143,48.14564],[16.36143,48.14552],[16.36141,48.14542],[16.36142,48.14515],[16.3614,48.14497],[16.36135,48.14478],[16.36122,48.14444],[16.36115,48.14433],[16.36064,48.14446],[16.35645,48.14551],[16.35582,48.14567],[16.35491,48.14596],[16.3544,48.14613],[16.35431,48.14613],[16.35424,48.14607],[16.35415,48.14591],[16.3536,48.14488],[16.35276,48.14333],[16.3525,48.14288],[16.35243,48.14272],[16.35238,48.14259],[16.35233,48.14243],[16.35231,48.14232],[16.35228,48.14219],[16.35227,48.14206],[16.35228,48.1419],[16.3523,48.14171],[16.35244,48.14086],[16.35248,48.14061],[16.35249,48.14046],[16.35251,48.14031],[16.35252,48.14018],[16.35252,48.14006],[16.35251,48.13995],[16.35249,48.13984],[16.35248,48.13978],[16.35246,48.13973],[16.35242,48.13959],[16.35239,48.13952],[16.35233,48.1394],[16.35227,48.13927],[16.35125,48.13734],[16.35098,48.13682],[16.35149,48.1367],[16.35268,48.13642],[16.35274,48.13641],[16.3528,48.13641],[16.35285,48.13642],[16.3529,48.13644],[16.35294,48.13647],[16.35405,48.13857],[16.35414,48.13872],[16.35414,48.13875],[16.35413,48.13877],[16.35413,48.13879],[16.35411,48.13881],[16.35408,48.13883],[16.35405,48.13885],[16.35401,48.13886],[16.35227,48.13927],[16.35233,48.1394],[16.35239,48.13952],[16.35242,48.13959],[16.35248,48.13978],[16.3525,48.1399],[16.35251,48.13995],[16.35252,48.14006],[16.35252,48.14018],[16.35252,48.14024],[16.35251,48.14031],[16.35249,48.14046],[16.35248,48.14061],[16.35261,48.14061],[16.35311,48.14064],[16.35337,48.14065],[16.35351,48.14065],[16.35364,48.14064],[16.35376,48.14063],[16.35398,48.1406],[16.3541,48.14059],[16.35435,48.14054],[16.35736,48.13991],[16.35742,48.13987],[16.35834,48.13969],[16.35875,48.13961],[16.35898,48.13955],[16.35967,48.13941],[16.36066,48.1392],[16.36072,48.13922],[16.36247,48.13885],[16.36439,48.13845],[16.36451,48.13842],[16.36459,48.13842],[16.36464,48.13842],[16.36471,48.13842],[16.36478,48.13843],[16.36484,48.13845],[16.36491,48.13847],[16.36503,48.13838],[16.36507,48.13833],[16.36509,48.13827],[16.36508,48.1382],[16.36328,48.13436],[16.36288,48.1335],[16.36275,48.13313],[16.36272,48.13305],[16.36272,48.13297],[16.36262,48.13293],[16.36257,48.13292],[16.36252,48.13292],[16.3578,48.13392],[16.35644,48.13421],[16.35626,48.13426],[16.35641,48.13461],[16.35626,48.13426],[16.35649,48.13431],[16.35659,48.13438],[16.35672,48.13449],[16.35725,48.13562],[16.35728,48.13565],[16.35732,48.13568],[16.35737,48.13571],[16.35742,48.13572],[16.35749,48.13572],[16.35764,48.13569],[16.35764,48.13569]]}},{"type":"Feature","properties":{"lineId":"N68","name":"N68","longName":"Quellenplatz - Oberlaa","mode":"bus","color":null,"stops":[{"name":"Quellenplatz","lon":16.37356,"lat":48.1753},{"name":"Reumannplatz","lon":16.37719,"lat":48.17534},{"name":"Waldgasse","lon":16.38057,"lat":48.17308},{"name":"Eisenstadtplatz","lon":16.38438,"lat":48.16939},{"name":"Absbergbrücke","lon":16.38613,"lat":48.16788},{"name":"Urselbrunnengasse","lon":16.39004,"lat":48.16513},{"name":"Theodor-Sickel-Gasse","lon":16.39227,"lat":48.16034},{"name":"Siedlung Südost","lon":16.39427,"lat":48.15634},{"name":"Kronawettergasse","lon":16.39604,"lat":48.15477},{"name":"Filmteichstraße","lon":16.39663,"lat":48.15232},{"name":"Gartenschaugasse","lon":16.39636,"lat":48.14937},{"name":"Bergtaidingweg","lon":16.3972,"lat":48.14675},{"name":"An der Kuhtrift","lon":16.39702,"lat":48.14533},{"name":"Oberlaa","lon":16.39865,"lat":48.14298}],"lengthKm":6.3},"geometry":{"type":"LineString","coordinates":[[16.37339,48.17533],[16.3735,48.17563],[16.37404,48.17559],[16.37484,48.17553],[16.37555,48.17549],[16.37635,48.17544],[16.37634,48.1754],[16.37613,48.17391],[16.37593,48.17321],[16.37255,48.17343],[16.37286,48.17413],[16.37324,48.175],[16.37339,48.17533],[16.3735,48.17563],[16.37359,48.176],[16.37364,48.17664],[16.37367,48.17726],[16.37375,48.17835],[16.37574,48.17813],[16.37665,48.17804],[16.3768,48.17802],[16.37802,48.17794],[16.38036,48.17778],[16.38051,48.17781],[16.38047,48.17773],[16.38032,48.17679],[16.38021,48.17618],[16.38006,48.17519],[16.37995,48.17455],[16.37977,48.17403],[16.3797,48.17391],[16.37959,48.17373],[16.38056,48.17314],[16.38062,48.17311],[16.38113,48.17281],[16.38146,48.17261],[16.38158,48.17254],[16.38173,48.17244],[16.38182,48.17238],[16.38188,48.17233],[16.38205,48.1722],[16.3822,48.17208],[16.38233,48.17196],[16.38251,48.1718],[16.38267,48.17162],[16.3828,48.17148],[16.38288,48.17143],[16.38331,48.17091],[16.38357,48.17061],[16.38431,48.16972],[16.38453,48.16944],[16.38466,48.16929],[16.38473,48.16921],[16.38489,48.16906],[16.38507,48.16892],[16.38543,48.16861],[16.38622,48.16792],[16.38649,48.16769],[16.38765,48.16691],[16.38774,48.16683],[16.38847,48.16633],[16.38855,48.16628],[16.38953,48.16561],[16.38982,48.16543],[16.38989,48.16536],[16.38998,48.16532],[16.39015,48.1652],[16.39037,48.16505],[16.39044,48.16502],[16.39054,48.16491],[16.39066,48.16482],[16.3913,48.16433],[16.3914,48.16424],[16.3915,48.16414],[16.39205,48.16351],[16.39217,48.16336],[16.39226,48.16321],[16.39234,48.16307],[16.3924,48.16295],[16.39243,48.16286],[16.39247,48.16273],[16.3925,48.16253],[16.39254,48.16224],[16.39257,48.16203],[16.39258,48.16189],[16.39251,48.16182],[16.39249,48.16178],[16.39247,48.16175],[16.39246,48.16171],[16.39244,48.16149],[16.39237,48.16065],[16.39234,48.16033],[16.39233,48.16018],[16.39233,48.16008],[16.39232,48.15985],[16.39232,48.15956],[16.39233,48.15941],[16.39234,48.15925],[16.39235,48.15904],[16.39238,48.15881],[16.3924,48.15866],[16.39243,48.15844],[16.39248,48.15821],[16.39249,48.15814],[16.39252,48.15802],[16.39257,48.15787],[16.39262,48.15773],[16.39269,48.15759],[16.39293,48.15719],[16.39296,48.15713],[16.39302,48.15712],[16.39306,48.15711],[16.39311,48.15709],[16.39317,48.15707],[16.39322,48.15703],[16.39326,48.15699],[16.39338,48.15689],[16.39348,48.1568],[16.39366,48.1567],[16.39378,48.15664],[16.39389,48.15659],[16.39399,48.15655],[16.3941,48.15651],[16.39423,48.15648],[16.39433,48.15645],[16.39438,48.15644],[16.39452,48.15641],[16.39478,48.15637],[16.39509,48.15635],[16.39535,48.15634],[16.3955,48.15635],[16.39573,48.15585],[16.39593,48.15538],[16.39618,48.15479],[16.39634,48.15442],[16.39635,48.1544],[16.3965,48.15405],[16.39662,48.15369],[16.39671,48.15339],[16.39679,48.15299],[16.39681,48.15264],[16.39677,48.15236],[16.39676,48.15231],[16.39674,48.1522],[16.39671,48.15209],[16.39667,48.15196],[16.39644,48.15132],[16.39622,48.15073],[16.39617,48.15057],[16.39616,48.15049],[16.39615,48.15036],[16.39614,48.15029],[16.39615,48.15019],[16.39616,48.15011],[16.39619,48.15001],[16.39621,48.14993],[16.39624,48.14985],[16.39629,48.14975],[16.39647,48.14939],[16.39651,48.14929],[16.39658,48.14916],[16.39695,48.14831],[16.39701,48.14813],[16.3971,48.14787],[16.39715,48.14768],[16.39718,48.14755],[16.39721,48.14743],[16.39725,48.1472],[16.39727,48.14704],[16.3973,48.14686],[16.39731,48.14675],[16.39732,48.14662],[16.39737,48.14594],[16.39738,48.14585],[16.3974,48.14578],[16.39743,48.14571],[16.39748,48.14563],[16.39753,48.14555],[16.39757,48.14549],[16.39746,48.14542],[16.39727,48.14536],[16.39722,48.14533],[16.39714,48.14529],[16.39711,48.14527],[16.39707,48.14524],[16.39704,48.14521],[16.39699,48.14516],[16.39696,48.14512],[16.39693,48.14505],[16.39687,48.14491],[16.39689,48.1448],[16.39691,48.14474],[16.39695,48.14469],[16.397,48.14464],[16.39783,48.14408],[16.39788,48.14404],[16.39794,48.14399],[16.39802,48.14391],[16.39809,48.14384],[16.39813,48.14377],[16.39817,48.14371],[16.39821,48.14363],[16.39824,48.14355],[16.3982,48.14348],[16.39821,48.1434],[16.39821,48.14336],[16.3982,48.1432],[16.39821,48.14315],[16.39868,48.14304]]}},{"type":"Feature","properties":{"lineId":"N71","name":"N71","longName":"Oper/Karlsplatz - Kaiserebersdorf, Zinnergasse","mode":"bus","color":"#0A295D","stops":[{"name":"Kaiserebersdorf, Zinnergasse","lon":16.46966,"lat":48.16004},{"name":"Valiergasse","lon":16.46907,"lat":48.15745},{"name":"Svetelskystraße","lon":16.46624,"lat":48.1543},{"name":"Wopenkastraße","lon":16.46356,"lat":48.15122},{"name":"Etrichstraße","lon":16.46113,"lat":48.14869},{"name":"Hauptwerkstätte","lon":16.45807,"lat":48.14985},{"name":"Leberweg","lon":16.45556,"lat":48.15083},{"name":"Zentralfriedhof 4.Tor","lon":16.4524,"lat":48.15184},{"name":"Roschégasse","lon":16.45055,"lat":48.15422},{"name":"Zehngrafweg","lon":16.4516,"lat":48.15592},{"name":"Kaiserebersdorfer Friedhof","lon":16.45321,"lat":48.15775},{"name":"Kaiserebersdorfer Friedhof","lon":16.45358,"lat":48.15876},{"name":"Luzegasse","lon":16.45076,"lat":48.15914},{"name":"Schloss Neugebäude","lon":16.44784,"lat":48.16076},{"name":"Hörtengasse","lon":16.44453,"lat":48.16244},{"name":"Am Himmelreich","lon":16.43815,"lat":48.16395},{"name":"Florian-Hedorfer-Straße","lon":16.43092,"lat":48.16521},{"name":"Weißenböckstraße","lon":16.42905,"lat":48.16263},{"name":"Fickeysstraße","lon":16.42367,"lat":48.16713},{"name":"Simmering","lon":16.42014,"lat":48.17046},{"name":"Enkplatz","lon":16.41669,"lat":48.17392},{"name":"Hauffgasse","lon":16.41297,"lat":48.1775},{"name":"Zippererstraße","lon":16.41068,"lat":48.17947},{"name":"Molitorgasse","lon":16.40823,"lat":48.18162},{"name":"Litfaßstraße","lon":16.40487,"lat":48.18448},{"name":"St. Marx","lon":16.40011,"lat":48.18863},{"name":"Oberzellergasse","lon":16.39527,"lat":48.19178},{"name":"Kleistgasse","lon":16.39024,"lat":48.19371},{"name":"Rennweg","lon":16.3869,"lat":48.19445},{"name":"Unteres Belvedere","lon":16.38147,"lat":48.1966},{"name":"Schwarzenbergplatz","lon":16.37517,"lat":48.20028},{"name":"Oper/Karlsplatz","lon":16.37008,"lat":48.20233},{"name":"Bärenmühldurchgang","lon":16.36659,"lat":48.1996},{"name":"Schleifmühlgasse","lon":16.36567,"lat":48.19727},{"name":"Preßgasse","lon":16.36324,"lat":48.19521},{"name":"Ziegelofengasse","lon":16.36067,"lat":48.19278},{"name":"Margaretenplatz/Schönbrunner Straße","lon":16.35679,"lat":48.19198},{"name":"Pilgramgasse","lon":16.35439,"lat":48.19309},{"name":"Esterházygasse","lon":16.35113,"lat":48.19526},{"name":"Neubaugasse","lon":16.35001,"lat":48.19856},{"name":"Siebensterngasse","lon":16.34911,"lat":48.20151},{"name":"Burggasse/Neubaugasse","lon":16.34901,"lat":48.2039},{"name":"Kellermanngasse","lon":16.35159,"lat":48.20505},{"name":"Piaristengasse","lon":16.35132,"lat":48.20663},{"name":"Theater in der Josefstadt","lon":16.35069,"lat":48.20927},{"name":"Laudongasse","lon":16.34957,"lat":48.21309},{"name":"Skodagasse","lon":16.34861,"lat":48.21492}],"lengthKm":17.2},"geometry":{"type":"LineString","coordinates":[[16.46966,48.1601],[16.47037,48.1601],[16.47048,48.16009],[16.47057,48.16007],[16.47075,48.16],[16.47048,48.15942],[16.47015,48.15877],[16.47001,48.15853],[16.46991,48.15837],[16.46981,48.15822],[16.46972,48.1581],[16.46963,48.15799],[16.46914,48.15741],[16.4669,48.15485],[16.46637,48.15425],[16.46618,48.15404],[16.46369,48.15117],[16.46255,48.14985],[16.46209,48.14927],[16.46146,48.14843],[16.46105,48.14859],[16.45852,48.1496],[16.45802,48.1498],[16.45552,48.15077],[16.45429,48.15124],[16.45412,48.15131],[16.45395,48.15136],[16.45343,48.15151],[16.45333,48.15153],[16.45237,48.15179],[16.44942,48.15258],[16.44981,48.15315],[16.45,48.15345],[16.45014,48.15367],[16.4505,48.15424],[16.45154,48.15594],[16.45221,48.157],[16.45231,48.15715],[16.45239,48.15723],[16.45244,48.15729],[16.45249,48.15733],[16.45267,48.15747],[16.45315,48.15779],[16.45364,48.15813],[16.45376,48.15824],[16.45381,48.15829],[16.45384,48.15835],[16.45388,48.15845],[16.45393,48.15867],[16.45356,48.15871],[16.45294,48.15876],[16.45263,48.15879],[16.45195,48.15889],[16.45119,48.15899],[16.45097,48.15905],[16.45074,48.15909],[16.45036,48.15916],[16.44983,48.15926],[16.44727,48.15973],[16.44735,48.15992],[16.44761,48.16046],[16.44778,48.16078],[16.44785,48.16089],[16.4479,48.16102],[16.44778,48.16103],[16.44758,48.16106],[16.44739,48.1611],[16.4472,48.16116],[16.44576,48.16188],[16.4452,48.16215],[16.44498,48.16224],[16.44472,48.16233],[16.4445,48.16239],[16.44425,48.16246],[16.44417,48.16247],[16.44313,48.16273],[16.44088,48.16326],[16.43825,48.16387],[16.43813,48.16391],[16.43789,48.16397],[16.43771,48.16402],[16.43542,48.16455],[16.43535,48.16457],[16.43442,48.16479],[16.43234,48.16531],[16.43126,48.16557],[16.43123,48.16551],[16.43102,48.16518],[16.43032,48.16415],[16.42994,48.16357],[16.42973,48.1633],[16.42945,48.16294],[16.42936,48.16285],[16.42932,48.1628],[16.42914,48.1626],[16.42882,48.16225],[16.42877,48.16218],[16.42866,48.16227],[16.42823,48.16267],[16.42812,48.16277],[16.42675,48.16416],[16.42649,48.16442],[16.42469,48.16621],[16.42412,48.16677],[16.42371,48.16716],[16.4217,48.1691],[16.42141,48.16937],[16.42021,48.17049],[16.41998,48.17072],[16.41948,48.17122],[16.41882,48.17184],[16.41768,48.17299],[16.41673,48.17394],[16.41561,48.17506],[16.41541,48.17525],[16.41451,48.1761],[16.41401,48.17656],[16.413,48.17751],[16.41279,48.17771],[16.41092,48.17934],[16.41073,48.1795],[16.41048,48.17972],[16.40936,48.18071],[16.40827,48.18164],[16.4051,48.18437],[16.40493,48.18451],[16.40473,48.18469],[16.4039,48.18542],[16.40196,48.18709],[16.40169,48.18732],[16.40058,48.18822],[16.40023,48.18852],[16.40011,48.18863],[16.39988,48.18884],[16.39939,48.1892],[16.39919,48.18935],[16.39908,48.18943],[16.39832,48.18989],[16.39639,48.1911],[16.39523,48.19175],[16.39492,48.19192],[16.39424,48.19225],[16.3932,48.19268],[16.39201,48.19316],[16.39064,48.19358],[16.39023,48.19368],[16.38857,48.19407],[16.3869,48.19445],[16.38647,48.19455],[16.38593,48.19471],[16.38552,48.19485],[16.38364,48.19556],[16.38232,48.19614],[16.38144,48.19657],[16.38082,48.19687],[16.38063,48.19695],[16.38044,48.19704],[16.38028,48.1971],[16.37787,48.19799],[16.37767,48.19807],[16.3776,48.1981],[16.3775,48.19816],[16.37745,48.19819],[16.37739,48.19824],[16.37675,48.19877],[16.37665,48.19884],[16.37638,48.19905],[16.37633,48.19908],[16.37628,48.19911],[16.3762,48.19914],[16.37609,48.19918],[16.37586,48.19923],[16.3756,48.19927],[16.37506,48.20024],[16.37427,48.20162],[16.37363,48.20147],[16.37354,48.20147],[16.37344,48.20149],[16.37004,48.20225],[16.36961,48.20235],[16.36952,48.20237],[16.36934,48.20242],[16.36809,48.2027],[16.368,48.20271],[16.36731,48.20132],[16.3672,48.20113],[16.36711,48.20103],[16.36691,48.20084],[16.36685,48.20076],[16.36692,48.20069],[16.36691,48.20064],[16.3669,48.20059],[16.36691,48.20048],[16.36692,48.20023],[16.36688,48.19997],[16.36673,48.19958],[16.36626,48.19846],[16.36578,48.19732],[16.36576,48.19726],[16.36565,48.19696],[16.36555,48.19685],[16.36515,48.19645],[16.36511,48.19642],[16.36503,48.19636],[16.36447,48.19597],[16.36418,48.19579],[16.36394,48.19563],[16.36351,48.19535],[16.36345,48.19531],[16.36329,48.19518],[16.36308,48.19502],[16.36199,48.1942],[16.3617,48.19393],[16.36144,48.19364],[16.36123,48.19337],[16.36074,48.19275],[16.3606,48.19258],[16.35916,48.19192],[16.35897,48.19183],[16.35893,48.19182],[16.35858,48.19169],[16.35844,48.19161],[16.35831,48.19151],[16.35821,48.19139],[16.35814,48.19131],[16.35787,48.19158],[16.35779,48.19161],[16.35766,48.19165],[16.35676,48.19193],[16.35663,48.19197],[16.35649,48.19203],[16.35639,48.19207],[16.35631,48.19212],[16.35507,48.19282],[16.35494,48.19288],[16.35483,48.19292],[16.35469,48.19294],[16.35436,48.19299],[16.35405,48.19303],[16.35297,48.19321],[16.35284,48.19323],[16.35276,48.19324],[16.35271,48.19325],[16.35265,48.19326],[16.3526,48.19329],[16.35254,48.19332],[16.35218,48.19356],[16.35181,48.19381],[16.3516,48.19398],[16.35056,48.19474],[16.35108,48.19528],[16.35117,48.19536],[16.35116,48.19548],[16.35117,48.19552],[16.35168,48.19631],[16.3517,48.19633],[16.35166,48.19638],[16.35126,48.19689],[16.35123,48.19691],[16.35096,48.19725],[16.35041,48.19792],[16.3503,48.19808],[16.35012,48.19831],[16.35004,48.19841],[16.34995,48.19854],[16.34978,48.19881],[16.34964,48.19908],[16.34947,48.19944],[16.3493,48.19989],[16.3492,48.20029],[16.34916,48.20053],[16.34913,48.20073],[16.34912,48.20094],[16.34911,48.20097],[16.34909,48.20151],[16.34908,48.20176],[16.34907,48.20214],[16.349,48.20342],[16.34898,48.2039],[16.34896,48.20425],[16.34967,48.20421],[16.34974,48.20421],[16.35148,48.20423],[16.35151,48.20426],[16.35151,48.20436],[16.35152,48.20489],[16.35152,48.20505],[16.35152,48.20527],[16.35153,48.20623],[16.35144,48.20632],[16.35133,48.2064],[16.35128,48.20663],[16.3509,48.2081],[16.35062,48.20926],[16.35057,48.20946],[16.35031,48.2106],[16.35005,48.2118],[16.35002,48.2118],[16.34959,48.21184],[16.34955,48.21263],[16.34952,48.21309],[16.34945,48.21408],[16.34939,48.21494],[16.3494,48.21498],[16.3493,48.215],[16.34925,48.21501],[16.34909,48.215],[16.34903,48.21499],[16.34892,48.21496],[16.34865,48.21487]]}},{"type":"Feature","properties":{"lineId":"N75","name":"N75","longName":"Oper/Karlsplatz - Gasometer","mode":"bus","color":"#0A295D","stops":[{"name":"Oper/Karlsplatz","lon":16.36934,"lat":48.20264},{"name":"Schwarzenbergplatz","lon":16.37385,"lat":48.19964},{"name":"Johannesgasse","lon":16.37977,"lat":48.20143},{"name":"Mitte-Landstraße","lon":16.38426,"lat":48.20612},{"name":"Weyrgasse","lon":16.38851,"lat":48.20423},{"name":"Rochusgasse","lon":16.3906,"lat":48.20238},{"name":"Rochusgasse","lon":16.3924,"lat":48.20225},{"name":"Kundmanngasse","lon":16.39412,"lat":48.20248},{"name":"Apostelgasse","lon":16.39821,"lat":48.20036},{"name":"Kardinal-Nagl-Platz","lon":16.40131,"lat":48.19786},{"name":"Lechnerstraße","lon":16.40484,"lat":48.19659},{"name":"Wällischgasse","lon":16.40732,"lat":48.19569},{"name":"Würtzlerstraße","lon":16.409,"lat":48.19438},{"name":"Nottendorfer Gasse","lon":16.41244,"lat":48.19204},{"name":"Erdberg","lon":16.41542,"lat":48.19023},{"name":"Franzosengraben","lon":16.4134,"lat":48.18728},{"name":"Gasometer","lon":16.41725,"lat":48.18524}],"lengthKm":6.4},"geometry":{"type":"LineString","coordinates":[[16.3693,48.20259],[16.36924,48.2026],[16.36918,48.20261],[16.36912,48.2026],[16.36905,48.2026],[16.36856,48.20272],[16.3685,48.20275],[16.36846,48.20278],[16.36837,48.20281],[16.36822,48.20285],[16.3681,48.20289],[16.36731,48.20132],[16.3672,48.20113],[16.36711,48.20103],[16.36691,48.20084],[16.36685,48.20076],[16.36692,48.20069],[16.36691,48.20064],[16.3669,48.20059],[16.36691,48.20048],[16.36692,48.20023],[16.36691,48.20016],[16.36773,48.20057],[16.36789,48.20065],[16.36805,48.2007],[16.36832,48.20076],[16.36854,48.20079],[16.36871,48.20081],[16.3689,48.20092],[16.37072,48.20043],[16.37206,48.2001],[16.37289,48.1999],[16.37354,48.19977],[16.37374,48.19982],[16.3751,48.20016],[16.37638,48.20048],[16.37657,48.20042],[16.37664,48.20032],[16.37724,48.19993],[16.37733,48.1999],[16.37788,48.20019],[16.37821,48.2004],[16.37924,48.20111],[16.3797,48.20148],[16.37992,48.20165],[16.37996,48.20169],[16.38003,48.20178],[16.38039,48.20214],[16.38057,48.2023],[16.38071,48.20243],[16.38084,48.20253],[16.38102,48.20267],[16.38158,48.20309],[16.3828,48.20401],[16.38288,48.20407],[16.38295,48.20413],[16.38301,48.2042],[16.38307,48.20428],[16.38313,48.20439],[16.38317,48.2045],[16.38321,48.2046],[16.38322,48.20471],[16.38322,48.20484],[16.38321,48.20494],[16.38315,48.20507],[16.38305,48.20518],[16.3829,48.2053],[16.38271,48.20545],[16.38254,48.20562],[16.3825,48.20568],[16.38246,48.20575],[16.38244,48.20583],[16.38242,48.20593],[16.38243,48.20601],[16.38281,48.20657],[16.38375,48.20632],[16.38428,48.20616],[16.38637,48.20554],[16.3864,48.20552],[16.38656,48.20547],[16.38668,48.20543],[16.38688,48.20536],[16.38698,48.20532],[16.38711,48.20526],[16.38729,48.20517],[16.38747,48.20506],[16.38799,48.20473],[16.38859,48.20427],[16.38867,48.20421],[16.38902,48.20392],[16.38949,48.20354],[16.38965,48.20341],[16.3899,48.20318],[16.39048,48.20258],[16.39068,48.20243],[16.39112,48.20211],[16.39154,48.2018],[16.3916,48.20176],[16.39175,48.20178],[16.39237,48.20227],[16.39286,48.20267],[16.39291,48.20267],[16.39413,48.20251],[16.39484,48.20242],[16.39501,48.20238],[16.39511,48.20236],[16.39522,48.20233],[16.39533,48.20229],[16.39547,48.20223],[16.39555,48.20219],[16.3962,48.2018],[16.39671,48.20151],[16.3968,48.20145],[16.39772,48.20077],[16.39825,48.20039],[16.39839,48.20028],[16.39845,48.20023],[16.39851,48.20017],[16.39915,48.19946],[16.39957,48.19906],[16.39968,48.19897],[16.39985,48.19884],[16.40109,48.19801],[16.40114,48.19797],[16.40134,48.19789],[16.40239,48.19746],[16.40245,48.19745],[16.40256,48.1974],[16.40298,48.19723],[16.40315,48.19717],[16.40351,48.19703],[16.40362,48.19699],[16.40443,48.19675],[16.40487,48.19663],[16.40519,48.19655],[16.4067,48.19628],[16.4074,48.19573],[16.40758,48.19559],[16.40799,48.19529],[16.40908,48.19442],[16.41025,48.19351],[16.41061,48.19326],[16.41083,48.19312],[16.41197,48.19243],[16.41252,48.1921],[16.41283,48.19191],[16.41343,48.19155],[16.41443,48.19094],[16.41549,48.19029],[16.41623,48.18983],[16.41516,48.18896],[16.41432,48.18824],[16.4141,48.18802],[16.41386,48.18776],[16.41373,48.18758],[16.41355,48.18724],[16.41349,48.18711],[16.41285,48.18584],[16.41296,48.18584],[16.41511,48.18545],[16.41533,48.1854],[16.41571,48.1853],[16.41611,48.18518],[16.41644,48.18504],[16.41668,48.18494],[16.41686,48.18484],[16.4169,48.18483],[16.41693,48.18483],[16.41697,48.18484],[16.41699,48.18485],[16.41701,48.18486],[16.41703,48.18488],[16.41704,48.18491],[16.41706,48.18494],[16.41708,48.18503],[16.4171,48.18509],[16.41714,48.18517],[16.41719,48.18526]]}},{"type":"Feature","properties":{"lineId":"N81","name":"N81","longName":"Praterstern - Praterbrücke","mode":"bus","color":null,"stops":[{"name":"Praterbrücke","lon":16.4339,"lat":48.20354},{"name":"Donaumarina","lon":16.43072,"lat":48.20605},{"name":"Marathonweg","lon":16.42712,"lat":48.20854},{"name":"Stadion","lon":16.42206,"lat":48.21115},{"name":"Pensionistenwohnhaus Prater","lon":16.41836,"lat":48.21373},{"name":"Sturgasse","lon":16.41501,"lat":48.21608},{"name":"Elderschplatz","lon":16.41278,"lat":48.2177},{"name":"Messe-Prater","lon":16.40665,"lat":48.21796},{"name":"Perspektivstraße","lon":16.4014,"lat":48.21798},{"name":"Venediger Au","lon":16.39733,"lat":48.21799},{"name":"Praterstern","lon":16.39046,"lat":48.21862},{"name":"Praterstern","lon":16.39231,"lat":48.21684}],"lengthKm":4.6},"geometry":{"type":"LineString","coordinates":[[16.43399,48.20359],[16.43426,48.2034],[16.43436,48.20345],[16.43509,48.20391],[16.43346,48.20502],[16.43202,48.206],[16.43192,48.20595],[16.43135,48.20559],[16.43127,48.20553],[16.43063,48.20599],[16.42977,48.20661],[16.42973,48.20664],[16.42834,48.20763],[16.42709,48.20852],[16.42687,48.20867],[16.42684,48.20878],[16.42633,48.20915],[16.42628,48.20917],[16.42624,48.20919],[16.42621,48.2092],[16.42616,48.20921],[16.42611,48.20922],[16.42606,48.20922],[16.42477,48.20913],[16.42463,48.20916],[16.42456,48.20922],[16.42193,48.21108],[16.42184,48.21115],[16.4217,48.21126],[16.41829,48.21368],[16.4161,48.21523],[16.41589,48.21538],[16.41495,48.21604],[16.41269,48.21765],[16.41227,48.21795],[16.41221,48.21792],[16.41213,48.21789],[16.41195,48.21779],[16.41099,48.21722],[16.41091,48.21719],[16.41009,48.21781],[16.41002,48.21786],[16.40995,48.21789],[16.40989,48.2179],[16.40665,48.21791],[16.40358,48.21792],[16.40192,48.21793],[16.4014,48.21793],[16.39915,48.21793],[16.39732,48.21794],[16.39704,48.21794],[16.39661,48.21793],[16.39493,48.21795],[16.39357,48.21794],[16.39354,48.21805],[16.39354,48.21813],[16.39353,48.21831],[16.39352,48.21845],[16.3935,48.21862],[16.39347,48.21879],[16.39344,48.21894],[16.39341,48.21905],[16.39337,48.21913],[16.39332,48.21923],[16.39327,48.21929],[16.39321,48.21935],[16.39269,48.21943],[16.39249,48.21945],[16.39237,48.21945],[16.39225,48.21944],[16.39214,48.21943],[16.39199,48.2194],[16.39178,48.21935],[16.39167,48.21932],[16.39154,48.21926],[16.39152,48.21925],[16.39131,48.21914],[16.39106,48.21897],[16.39094,48.21889],[16.39086,48.21882],[16.39057,48.21856],[16.39052,48.21851],[16.39046,48.21844],[16.39041,48.21836],[16.39038,48.21828],[16.39035,48.21822],[16.39033,48.21815],[16.39032,48.21807],[16.39031,48.218],[16.39031,48.21794],[16.39031,48.21788],[16.39032,48.21783],[16.39035,48.21777],[16.39041,48.21774],[16.39047,48.2177],[16.39128,48.21721],[16.39177,48.217],[16.39214,48.21693],[16.39228,48.21691],[16.39232,48.21691]]}},{"type":"Feature","properties":{"lineId":"N84","name":"N84","longName":"Siegesplatz - Aspern Nord","mode":"bus","color":null,"stops":[{"name":"Siegesplatz","lon":16.48591,"lat":48.21744},{"name":"Siegesplatz","lon":16.48542,"lat":48.21771},{"name":"Haberlandtgasse","lon":16.48153,"lat":48.22029},{"name":"Billgasse","lon":16.48332,"lat":48.22416},{"name":"Mittleres Hausfeld","lon":16.48463,"lat":48.2271},{"name":"An den alten Schanzen","lon":16.48811,"lat":48.22668},{"name":"Lavendelweg","lon":16.49301,"lat":48.22576},{"name":"Johann-Kutschera-Gasse","lon":16.49678,"lat":48.22492},{"name":"Hannah-Arendt-Platz","lon":16.5017,"lat":48.22474},{"name":"Maria-Trapp-Platz","lon":16.50476,"lat":48.22383},{"name":"Seestadt","lon":16.50848,"lat":48.22537},{"name":"Käthe-Recheis-Gasse","lon":16.51241,"lat":48.22866},{"name":"Ilse-Buck-Straße","lon":16.51183,"lat":48.23145},{"name":"Aspern Nord","lon":16.50488,"lat":48.23385}],"lengthKm":5.5},"geometry":{"type":"LineString","coordinates":[[16.48594,48.21754],[16.48651,48.21746],[16.48652,48.21739],[16.48739,48.21709],[16.48749,48.21732],[16.48715,48.21737],[16.48651,48.21746],[16.48539,48.21761],[16.48523,48.21763],[16.48405,48.21782],[16.48371,48.21787],[16.48361,48.21805],[16.48336,48.21837],[16.48325,48.21849],[16.48307,48.21866],[16.48302,48.21871],[16.48295,48.21875],[16.48175,48.21953],[16.48154,48.21965],[16.48128,48.21979],[16.48119,48.21984],[16.48131,48.21992],[16.48132,48.21994],[16.48148,48.22029],[16.48208,48.22163],[16.48242,48.22235],[16.48322,48.22418],[16.48334,48.22446],[16.48432,48.22665],[16.48453,48.22712],[16.48464,48.22736],[16.48812,48.22671],[16.49069,48.22622],[16.49087,48.22621],[16.49097,48.2262],[16.4917,48.22606],[16.49178,48.22604],[16.49259,48.22589],[16.49303,48.22581],[16.49312,48.22579],[16.49319,48.22578],[16.49337,48.22576],[16.49344,48.22575],[16.49474,48.2255],[16.4954,48.22537],[16.49551,48.22535],[16.4956,48.22532],[16.49566,48.2253],[16.49576,48.22526],[16.49598,48.22515],[16.49607,48.22512],[16.49629,48.22507],[16.4968,48.22497],[16.50046,48.22426],[16.50052,48.22425],[16.50056,48.22425],[16.5006,48.22425],[16.50065,48.22425],[16.50069,48.22426],[16.50073,48.22427],[16.50077,48.22429],[16.50166,48.22478],[16.50227,48.22512],[16.50241,48.22502],[16.50263,48.22487],[16.50287,48.22471],[16.50319,48.22453],[16.50336,48.22444],[16.50365,48.22431],[16.50381,48.22424],[16.50393,48.22419],[16.50411,48.22413],[16.50443,48.22402],[16.50473,48.22394],[16.50482,48.22392],[16.50516,48.22385],[16.50529,48.22383],[16.50546,48.2238],[16.50564,48.22378],[16.5059,48.22375],[16.50606,48.22373],[16.50621,48.22372],[16.50641,48.22372],[16.50663,48.22371],[16.50685,48.22372],[16.50701,48.22372],[16.50717,48.22373],[16.50736,48.22376],[16.50757,48.22379],[16.50772,48.22381],[16.50789,48.22385],[16.50805,48.22389],[16.50821,48.22394],[16.50842,48.22401],[16.50862,48.22409],[16.5088,48.22416],[16.50915,48.22434],[16.50942,48.2245],[16.50957,48.2246],[16.50967,48.22468],[16.50985,48.22482],[16.50994,48.22489],[16.51007,48.22502],[16.51019,48.22514],[16.51027,48.22522],[16.50874,48.22558],[16.50869,48.22559],[16.50869,48.22561],[16.50869,48.22562],[16.50868,48.22564],[16.50867,48.22565],[16.50865,48.22567],[16.50863,48.22568],[16.50861,48.22569],[16.50859,48.22569],[16.50856,48.22569],[16.50854,48.22569],[16.50851,48.22569],[16.50849,48.22568],[16.50847,48.22567],[16.50846,48.22565],[16.50844,48.22564],[16.50844,48.22562],[16.50843,48.22561],[16.50844,48.22559],[16.50844,48.22557],[16.50845,48.22556],[16.50847,48.22555],[16.50849,48.22554],[16.50853,48.22552],[16.50856,48.22552],[16.50859,48.22552],[16.50861,48.22553],[16.50863,48.22554],[16.50865,48.22555],[16.50867,48.22556],[16.50868,48.22557],[16.50869,48.22559],[16.50874,48.22558],[16.51027,48.22522],[16.51072,48.2257],[16.51087,48.22587],[16.51108,48.22614],[16.51117,48.22627],[16.51128,48.22642],[16.51138,48.22654],[16.51142,48.22662],[16.51144,48.22666],[16.5116,48.22692],[16.51182,48.22738],[16.51202,48.22776],[16.51209,48.22797],[16.5122,48.22829],[16.51221,48.22836],[16.51227,48.22852],[16.51232,48.22867],[16.51236,48.2288],[16.51241,48.22899],[16.51244,48.22915],[16.51249,48.22942],[16.51249,48.22949],[16.5125,48.22957],[16.51251,48.22975],[16.51254,48.23003],[16.51255,48.2301],[16.51255,48.23021],[16.51254,48.23029],[16.51252,48.23039],[16.51246,48.23055],[16.5124,48.23072],[16.51237,48.23079],[16.51233,48.23085],[16.51223,48.23098],[16.51208,48.23112],[16.51189,48.23129],[16.51175,48.2314],[16.51164,48.23147],[16.51157,48.23151],[16.51138,48.23161],[16.5112,48.23169],[16.51091,48.2318],[16.51087,48.23185],[16.51086,48.23189],[16.51088,48.23194],[16.51149,48.23292],[16.51151,48.23297],[16.50977,48.23332],[16.50842,48.23357],[16.50643,48.2339],[16.50623,48.23388],[16.5048,48.23343],[16.50466,48.23343],[16.50465,48.23353],[16.50483,48.23386]]}},{"type":"Feature","properties":{"lineId":"N90","name":"N90","longName":"Erzherzog-Karl-Straße - Kaisermühlen-VIC","mode":"bus","color":null,"stops":[{"name":"Kaisermühlen-VIC","lon":16.41555,"lat":48.23283},{"name":"Schüttaustraße","lon":16.41713,"lat":48.23079},{"name":"Goethehof","lon":16.419,"lat":48.22942},{"name":"Schödlbergergasse","lon":16.42033,"lat":48.22844},{"name":"Schüttauplatz","lon":16.42336,"lat":48.22615},{"name":"Harrachgasse","lon":16.42529,"lat":48.22215},{"name":"Neue Donau Mitte","lon":16.42846,"lat":48.21979},{"name":"Dampfschiffhaufen","lon":16.43255,"lat":48.21687},{"name":"Donaustadtbrücke","lon":16.43995,"lat":48.21219},{"name":"Fischergrund","lon":16.441,"lat":48.21611},{"name":"Eisstoßgasse","lon":16.44099,"lat":48.21791},{"name":"Siedlung Sonnheim","lon":16.44095,"lat":48.22057},{"name":"Siedlung Einigkeit","lon":16.44097,"lat":48.22189},{"name":"Veitschiweg","lon":16.44059,"lat":48.22619},{"name":"Schreinerweg","lon":16.44696,"lat":48.22744},{"name":"Polgarstraße","lon":16.44953,"lat":48.23096},{"name":"Erzherzog-Karl-Straße","lon":16.45202,"lat":48.22965}],"lengthKm":6.3},"geometry":{"type":"LineString","coordinates":[[16.41565,48.23276],[16.41518,48.2325],[16.41516,48.23251],[16.41514,48.23252],[16.41507,48.23254],[16.41503,48.23254],[16.41499,48.23254],[16.41495,48.23253],[16.4149,48.2325],[16.41489,48.23249],[16.41487,48.23247],[16.41486,48.23244],[16.41486,48.23242],[16.41486,48.2324],[16.41487,48.23237],[16.41488,48.23235],[16.4149,48.23234],[16.41493,48.23232],[16.41495,48.23231],[16.41498,48.2323],[16.41502,48.2323],[16.41505,48.2323],[16.41509,48.2323],[16.41514,48.23232],[16.41517,48.23234],[16.41601,48.2317],[16.41691,48.23102],[16.41705,48.23096],[16.41721,48.23085],[16.41908,48.22946],[16.42022,48.2286],[16.42039,48.22848],[16.42071,48.22825],[16.42089,48.22805],[16.42188,48.22732],[16.42341,48.22618],[16.42448,48.22539],[16.42257,48.22423],[16.42386,48.22327],[16.42518,48.22232],[16.42534,48.22218],[16.42593,48.22172],[16.42666,48.22117],[16.42672,48.22113],[16.42679,48.2211],[16.42782,48.22036],[16.42824,48.22003],[16.4283,48.21996],[16.42835,48.21993],[16.4285,48.21981],[16.42883,48.21954],[16.42911,48.21933],[16.43029,48.2185],[16.43061,48.21826],[16.43121,48.21783],[16.43211,48.2172],[16.43222,48.21715],[16.43233,48.21708],[16.43245,48.21698],[16.43256,48.21688],[16.43331,48.21633],[16.43401,48.21586],[16.43458,48.21544],[16.43474,48.21533],[16.43504,48.21511],[16.43549,48.21477],[16.43575,48.21459],[16.4366,48.21404],[16.43694,48.21386],[16.43772,48.21343],[16.43798,48.21326],[16.43811,48.2132],[16.43822,48.21316],[16.43832,48.21313],[16.43852,48.21312],[16.43876,48.21311],[16.43892,48.21308],[16.43903,48.21305],[16.4391,48.21302],[16.43918,48.21298],[16.43928,48.21292],[16.43936,48.21288],[16.43943,48.21286],[16.43951,48.21284],[16.43948,48.21275],[16.4395,48.21264],[16.43955,48.21258],[16.43977,48.21248],[16.44013,48.21232],[16.44029,48.21227],[16.44031,48.21225],[16.44032,48.21223],[16.44033,48.21221],[16.44033,48.21219],[16.44032,48.21216],[16.4403,48.21214],[16.44027,48.21213],[16.44024,48.21212],[16.44021,48.21212],[16.44016,48.21212],[16.44011,48.21213],[16.44006,48.21215],[16.43998,48.21221],[16.4397,48.21242],[16.43958,48.21253],[16.43955,48.21258],[16.4395,48.21264],[16.43948,48.21275],[16.43951,48.21284],[16.43959,48.21282],[16.43966,48.21282],[16.43974,48.21282],[16.43982,48.21283],[16.44095,48.21325],[16.44094,48.21358],[16.44097,48.2137],[16.44096,48.21484],[16.44095,48.2149],[16.44094,48.21495],[16.44094,48.21502],[16.44091,48.21521],[16.4409,48.21532],[16.44089,48.21572],[16.44091,48.21599],[16.44091,48.21611],[16.44093,48.21655],[16.44091,48.21713],[16.44091,48.21772],[16.44092,48.21775],[16.44092,48.21791],[16.4409,48.21918],[16.44089,48.21978],[16.44089,48.22057],[16.44089,48.22092],[16.44088,48.22189],[16.44087,48.222],[16.44088,48.22249],[16.44087,48.22303],[16.44087,48.22405],[16.44087,48.22456],[16.44086,48.22477],[16.44085,48.22484],[16.44065,48.22569],[16.44053,48.22618],[16.44035,48.22695],[16.44046,48.22699],[16.44287,48.22721],[16.44426,48.22733],[16.44451,48.22735],[16.44529,48.22742],[16.44537,48.22743],[16.4459,48.22744],[16.44626,48.22745],[16.44696,48.22748],[16.44723,48.22749],[16.44722,48.22759],[16.44717,48.22817],[16.44716,48.2283],[16.44716,48.22836],[16.44717,48.22845],[16.44718,48.2285],[16.4472,48.22855],[16.44722,48.22859],[16.44725,48.22867],[16.44731,48.22876],[16.44736,48.22882],[16.44741,48.22888],[16.44946,48.23099],[16.4497,48.23123],[16.45059,48.23082],[16.45049,48.23068],[16.45139,48.2302],[16.45209,48.22984],[16.45211,48.2298],[16.45212,48.22977],[16.45213,48.22973],[16.45209,48.22964]]}},{"type":"Feature","properties":{"lineId":"N91","name":"N91","longName":"Siegesplatz - Donaustadtbrücke","mode":"bus","color":null,"stops":[{"name":"Donaustadtbrücke","lon":16.43978,"lat":48.21231},{"name":"Kaisermühlenstraße","lon":16.44161,"lat":48.21343},{"name":"Mühlwasserstraße","lon":16.44507,"lat":48.21428},{"name":"Franz-Pletersky-Weg","lon":16.45032,"lat":48.21328},{"name":"Kanalstraße","lon":16.45594,"lat":48.21245},{"name":"Zillbauerplatz","lon":16.45485,"lat":48.20854},{"name":"Schillwasserweg","lon":16.45396,"lat":48.2056},{"name":"Otto-Weber-Gasse","lon":16.45573,"lat":48.20495},{"name":"Rallenweg","lon":16.45874,"lat":48.20442},{"name":"Husarenweg","lon":16.46519,"lat":48.20244},{"name":"Naufahrtbrücke","lon":16.47008,"lat":48.19957},{"name":"Großer Biberhaufen","lon":16.47322,"lat":48.20199},{"name":"Mühlwasser","lon":16.47583,"lat":48.20409},{"name":"Brockhausengasse","lon":16.47708,"lat":48.20749},{"name":"Mühlhäufelweg","lon":16.47781,"lat":48.20898},{"name":"Plattensteinergasse","lon":16.47888,"lat":48.21129},{"name":"Aspern Sportplatz","lon":16.4806,"lat":48.21352},{"name":"Asperner Heldenplatz","lon":16.48314,"lat":48.21657},{"name":"Siegesplatz","lon":16.48591,"lat":48.21744}],"lengthKm":6.3},"geometry":{"type":"LineString","coordinates":[[16.43981,48.21234],[16.44006,48.21215],[16.44011,48.21213],[16.44016,48.21212],[16.44021,48.21212],[16.44024,48.21212],[16.44027,48.21213],[16.4403,48.21214],[16.44032,48.21216],[16.44033,48.21219],[16.44033,48.21221],[16.44032,48.21223],[16.44031,48.21225],[16.44029,48.21227],[16.44013,48.21232],[16.43977,48.21248],[16.43955,48.21258],[16.4395,48.21264],[16.43948,48.21275],[16.43951,48.21284],[16.43959,48.21282],[16.43966,48.21282],[16.43974,48.21282],[16.43982,48.21283],[16.44095,48.21325],[16.44158,48.21347],[16.44419,48.21442],[16.44469,48.21461],[16.44478,48.21454],[16.44513,48.21432],[16.44516,48.2143],[16.44531,48.21423],[16.44549,48.21418],[16.44595,48.21406],[16.44605,48.21404],[16.44615,48.21403],[16.44628,48.214],[16.44648,48.21395],[16.44666,48.2139],[16.4468,48.21386],[16.44722,48.21375],[16.44741,48.21372],[16.44761,48.21368],[16.44773,48.21367],[16.44783,48.21366],[16.44791,48.21366],[16.44798,48.21366],[16.44804,48.21367],[16.44821,48.21371],[16.44833,48.21374],[16.44841,48.21375],[16.44853,48.21377],[16.4486,48.21377],[16.44874,48.21377],[16.44881,48.21377],[16.44888,48.21375],[16.44895,48.21374],[16.449,48.21372],[16.44906,48.2137],[16.44948,48.21351],[16.4496,48.21345],[16.44968,48.21342],[16.44975,48.2134],[16.44985,48.21338],[16.45033,48.21333],[16.45063,48.21329],[16.45099,48.21326],[16.45214,48.21315],[16.45312,48.21304],[16.45427,48.21292],[16.45439,48.21292],[16.45477,48.21288],[16.45499,48.21286],[16.45532,48.2128],[16.45552,48.21276],[16.45582,48.21268],[16.45605,48.21262],[16.45601,48.21244],[16.45594,48.21207],[16.45593,48.21188],[16.45546,48.21039],[16.45547,48.2103],[16.45498,48.2088],[16.45498,48.20867],[16.45494,48.20853],[16.4548,48.20811],[16.45448,48.20774],[16.45443,48.20769],[16.45452,48.20763],[16.45455,48.2076],[16.45464,48.20752],[16.45455,48.20733],[16.45436,48.20674],[16.45402,48.20559],[16.45394,48.20535],[16.45461,48.20524],[16.4553,48.20509],[16.45547,48.20506],[16.45575,48.20499],[16.45581,48.20498],[16.4561,48.2049],[16.45615,48.20486],[16.45618,48.20484],[16.45634,48.20478],[16.4566,48.20469],[16.45673,48.20466],[16.45689,48.20463],[16.45711,48.2046],[16.45775,48.20456],[16.45875,48.20444],[16.459,48.20442],[16.45972,48.20435],[16.46019,48.2043],[16.46172,48.20406],[16.46273,48.20379],[16.46317,48.20362],[16.46334,48.20353],[16.46367,48.20334],[16.46436,48.2029],[16.46466,48.20276],[16.4648,48.20271],[16.46522,48.20247],[16.46651,48.20172],[16.46664,48.20162],[16.46784,48.20075],[16.46817,48.20048],[16.46839,48.20026],[16.46899,48.1994],[16.46926,48.19909],[16.46925,48.19901],[16.46933,48.19906],[16.4694,48.19911],[16.47004,48.19959],[16.4704,48.19986],[16.47097,48.20031],[16.4713,48.2006],[16.4729,48.20183],[16.47305,48.20193],[16.47315,48.20202],[16.47335,48.20219],[16.47356,48.20235],[16.47396,48.2027],[16.47525,48.20371],[16.47574,48.20407],[16.47578,48.20411],[16.47586,48.20421],[16.47591,48.20428],[16.47595,48.20434],[16.47598,48.20441],[16.476,48.20445],[16.47603,48.20457],[16.47606,48.20475],[16.47616,48.20547],[16.4762,48.20571],[16.47621,48.2058],[16.47624,48.20589],[16.47626,48.20597],[16.47629,48.20606],[16.47632,48.20614],[16.47637,48.20626],[16.47643,48.20637],[16.47664,48.20683],[16.47697,48.20751],[16.47762,48.20885],[16.47768,48.209],[16.47811,48.2099],[16.47878,48.21131],[16.479,48.21177],[16.479,48.21182],[16.47902,48.21188],[16.47928,48.21243],[16.47932,48.21254],[16.4794,48.21269],[16.47949,48.21281],[16.47956,48.21289],[16.47963,48.21297],[16.47972,48.21306],[16.47982,48.21313],[16.48055,48.21355],[16.48162,48.21417],[16.48167,48.2142],[16.48188,48.21437],[16.48202,48.21449],[16.48209,48.21455],[16.48217,48.21464],[16.48227,48.21476],[16.48241,48.21496],[16.48249,48.21512],[16.48256,48.21527],[16.48281,48.2159],[16.48308,48.21659],[16.48317,48.21684],[16.48351,48.2176],[16.48357,48.21773],[16.4836,48.21777],[16.48363,48.2178],[16.48371,48.21787],[16.48405,48.21782],[16.48523,48.21763],[16.48594,48.21754]]}},{"type":"Feature","properties":{"lineId":"ZF","name":"ZF","longName":"Ringlinie Zentralfriedhof","mode":"bus","color":"#0A295D","stops":[{"name":"Zentralfriedhof 2.Tor","lon":16.44057,"lat":48.15333},{"name":"Zentralfriedhof 3.Tor","lon":16.44758,"lat":48.15207},{"name":"Zentralfriedhof Babygruppe","lon":16.44534,"lat":48.1499},{"name":"Zentralfriedhof Mahnmal 1938-1945","lon":16.44225,"lat":48.1495},{"name":"Zentralfriedhof Friedhofsgärtnerei","lon":16.44045,"lat":48.14821},{"name":"Zentralfriedhof Halle 3/Gruppe 40","lon":16.44355,"lat":48.14651},{"name":"Zentralfriedhof Gruppe 121","lon":16.44841,"lat":48.14483},{"name":"Zentralfriedhof Gruppe 152","lon":16.45136,"lat":48.14466},{"name":"Zentralfriedhof Gruppe 147","lon":16.45087,"lat":48.14301},{"name":"Zentralfriedhof Gruppe 142","lon":16.44788,"lat":48.14218},{"name":"Zentralfriedhof Gruppe 66","lon":16.44592,"lat":48.14404},{"name":"Zentralfriedhof Gruppe 84","lon":16.44218,"lat":48.14243},{"name":"Zentralfriedhof Tor 9/Gruppe 82","lon":16.43878,"lat":48.1441},{"name":"Zentralfriedhof Kriegsgräber","lon":16.43549,"lat":48.14567},{"name":"Zentralfriedhof Kriegsgräber 1. Weltkrieg","lon":16.43342,"lat":48.14669},{"name":"Zentralfriedhof Gruppe 78","lon":16.43046,"lat":48.14814},{"name":"Zentralfriedhof Tor 11","lon":16.42945,"lat":48.15191},{"name":"Zentralfriedhof Gruppe 74","lon":16.43253,"lat":48.15049},{"name":"Zentralfriedhof Gruppe 47","lon":16.43486,"lat":48.15242},{"name":"Zentralfriedhof 1.Tor","lon":16.43426,"lat":48.15641},{"name":"Zentralfriedhof Gruppe 11","lon":16.43766,"lat":48.15484},{"name":"Zentralfriedhof 2.Tor","lon":16.44057,"lat":48.15333}],"lengthKm":7},"geometry":{"type":"LineString","coordinates":[[16.44066,48.15341],[16.44184,48.15283],[16.44356,48.15198],[16.44423,48.15165],[16.44447,48.15188],[16.4457,48.15302],[16.4476,48.15209],[16.44772,48.15203],[16.44675,48.15114],[16.44624,48.15067],[16.44538,48.14988],[16.44528,48.1498],[16.44403,48.14966],[16.44307,48.14956],[16.44296,48.14955],[16.44266,48.14951],[16.44226,48.14947],[16.44181,48.14942],[16.44049,48.14819],[16.44037,48.14808],[16.44357,48.14652],[16.44609,48.1453],[16.44644,48.14511],[16.44771,48.14495],[16.44841,48.14486],[16.44855,48.14484],[16.44871,48.14537],[16.45151,48.14501],[16.4514,48.14466],[16.45115,48.1438],[16.45101,48.14331],[16.45092,48.143],[16.45086,48.14277],[16.45075,48.1424],[16.45066,48.14209],[16.45058,48.14181],[16.45026,48.14185],[16.44807,48.14213],[16.44787,48.14216],[16.44778,48.14217],[16.44781,48.14228],[16.44803,48.14303],[16.44805,48.14313],[16.44809,48.14323],[16.44822,48.14367],[16.44736,48.14378],[16.44684,48.14385],[16.44631,48.14392],[16.44604,48.14397],[16.4459,48.14403],[16.44551,48.14421],[16.44475,48.14458],[16.44328,48.14324],[16.44232,48.14234],[16.44217,48.14241],[16.44031,48.14332],[16.43875,48.14407],[16.43547,48.14566],[16.43341,48.14666],[16.43225,48.14723],[16.43043,48.14812],[16.4304,48.14814],[16.43021,48.14831],[16.43006,48.14904],[16.42955,48.15115],[16.42937,48.1519],[16.42933,48.15207],[16.43255,48.1505],[16.43267,48.15044],[16.43285,48.15061],[16.43365,48.15134],[16.43484,48.15243],[16.43512,48.15269],[16.43502,48.15313],[16.43494,48.1534],[16.4349,48.1536],[16.43489,48.15371],[16.43481,48.15404],[16.43473,48.15432],[16.43439,48.15574],[16.43423,48.15641],[16.43419,48.15656],[16.43688,48.15526],[16.43767,48.15486],[16.43821,48.1546],[16.43889,48.15427],[16.44004,48.15371],[16.44014,48.15367],[16.44066,48.15341]]}}]}