{"type":"FeatureCollection","features":[{"type":"Feature","properties":{"lineId":"1","name":"1","longName":"Prater, Hauptallee - Stefan-Fadinger-Platz","mode":"tram","color":"#C00808","stops":[{"name":"Anastasius-Grün-Gasse","lon":16.34977,"lat":48.22984},{"name":"Nußdorfer Straße","lon":16.35291,"lat":48.23128},{"name":"Liechtenwerder Platz","lon":16.35651,"lat":48.23258},{"name":"Augasse","lon":16.35727,"lat":48.23003},{"name":"Althanstraße","lon":16.35923,"lat":48.22896},{"name":"Franz-Josefs-Bahnhof","lon":16.36115,"lat":48.22573},{"name":"Seegasse","lon":16.36137,"lat":48.2231},{"name":"Bauernfeldplatz","lon":16.36067,"lat":48.22114},{"name":"Schlickgasse","lon":16.36431,"lat":48.2186},{"name":"Börse","lon":16.36499,"lat":48.21559},{"name":"Börse","lon":16.36624,"lat":48.21559},{"name":"Schottenring","lon":16.37118,"lat":48.2166},{"name":"Salztorbrücke","lon":16.37375,"lat":48.21415},{"name":"Schwedenplatz","lon":16.37786,"lat":48.21158},{"name":"Julius-Raab-Platz","lon":16.3825,"lat":48.21035},{"name":"Stubentor U","lon":16.38006,"lat":48.2069},{"name":"Weihburggasse","lon":16.37781,"lat":48.2047},{"name":"Schwarzenbergplatz","lon":16.3748,"lat":48.20185},{"name":"Schwarzenbergplatz","lon":16.37467,"lat":48.20063},{"name":"Karlsplatz","lon":16.3696,"lat":48.20063},{"name":"Resselgasse","lon":16.36761,"lat":48.19863},{"name":"Paulanergasse","lon":16.36696,"lat":48.19517},{"name":"Mayerhofgasse","lon":16.36687,"lat":48.1926},{"name":"Johann-Strauß-Gasse","lon":16.36637,"lat":48.19055},{"name":"Laurenzgasse","lon":16.36292,"lat":48.18588},{"name":"Kliebergasse","lon":16.36412,"lat":48.18309},{"name":"Matzleinsdorfer Platz","lon":16.35945,"lat":48.18092},{"name":"Knöllgasse","lon":16.3582,"lat":48.17764},{"name":"Davidgasse","lon":16.35642,"lat":48.17565},{"name":"Knöllgasse/Troststraße","lon":16.35384,"lat":48.17297},{"name":"Windtenstraße","lon":16.35165,"lat":48.17069},{"name":"Stefan-Fadinger-Platz","lon":16.35465,"lat":48.16842}],"lengthKm":10.9},"geometry":{"type":"LineString","coordinates":[[16.34977,48.22986],[16.34993,48.22984],[16.35017,48.22983],[16.35052,48.22982],[16.35059,48.22983],[16.35066,48.22985],[16.3507,48.22987],[16.35073,48.22989],[16.35076,48.22994],[16.35078,48.22998],[16.35085,48.2303],[16.35088,48.23038],[16.35091,48.23043],[16.35094,48.23046],[16.35098,48.2305],[16.35104,48.23053],[16.35113,48.23058],[16.35129,48.23066],[16.3515,48.23075],[16.35291,48.2313],[16.35344,48.23151],[16.35389,48.23168],[16.35458,48.23194],[16.35484,48.23207],[16.35515,48.23228],[16.35549,48.23258],[16.35556,48.23266],[16.35562,48.2327],[16.3557,48.23273],[16.35584,48.23276],[16.35597,48.23281],[16.35611,48.23283],[16.35623,48.23283],[16.35631,48.23282],[16.35641,48.23279],[16.35648,48.23274],[16.35653,48.23268],[16.35658,48.23259],[16.35692,48.23184],[16.35709,48.23131],[16.35727,48.23067],[16.35734,48.23039],[16.3574,48.23004],[16.35741,48.22999],[16.35747,48.22962],[16.35751,48.22953],[16.35762,48.22946],[16.35768,48.22943],[16.35792,48.22931],[16.35812,48.22924],[16.35894,48.22905],[16.35924,48.229],[16.35943,48.22897],[16.35954,48.22893],[16.35961,48.2289],[16.35965,48.22885],[16.35969,48.22879],[16.35974,48.22865],[16.35982,48.22845],[16.35993,48.22813],[16.35998,48.22795],[16.36027,48.22673],[16.36041,48.22619],[16.36048,48.22595],[16.36053,48.22588],[16.3606,48.22583],[16.36066,48.2258],[16.36073,48.22578],[16.36082,48.22578],[16.36115,48.22578],[16.36147,48.22578],[16.36162,48.22574],[16.36168,48.22571],[16.36174,48.22566],[16.36178,48.22561],[16.36179,48.22553],[16.36177,48.2254],[16.3617,48.22495],[16.36155,48.22341],[16.3615,48.2231],[16.36148,48.22307],[16.36132,48.22275],[16.36114,48.22245],[16.361,48.22211],[16.36077,48.22158],[16.36072,48.22143],[16.36073,48.22114],[16.36073,48.22096],[16.36074,48.22082],[16.36081,48.2207],[16.36169,48.21995],[16.36204,48.2197],[16.36241,48.21953],[16.36274,48.21941],[16.36345,48.21914],[16.36372,48.21906],[16.36403,48.21901],[16.36417,48.21896],[16.36424,48.21888],[16.36441,48.21863],[16.36471,48.21817],[16.36494,48.21773],[16.36533,48.21728],[16.36533,48.21718],[16.3653,48.21713],[16.36524,48.21707],[16.36486,48.21688],[16.36424,48.21662],[16.36421,48.21658],[16.36419,48.21654],[16.36419,48.21649],[16.3642,48.21646],[16.36494,48.21568],[16.36502,48.2156],[16.36525,48.21537],[16.36531,48.21533],[16.36537,48.21531],[16.36544,48.2153],[16.36552,48.2153],[16.36562,48.21533],[16.36622,48.2156],[16.36887,48.21682],[16.37,48.21734],[16.3701,48.21737],[16.3702,48.21737],[16.37033,48.21735],[16.37043,48.21732],[16.37061,48.21717],[16.37078,48.21705],[16.37123,48.21663],[16.37126,48.2166],[16.37166,48.21627],[16.37285,48.21516],[16.37358,48.21447],[16.37361,48.21443],[16.37372,48.2143],[16.37382,48.21417],[16.37387,48.21409],[16.37398,48.21396],[16.37408,48.21386],[16.37455,48.21341],[16.3747,48.21326],[16.37475,48.21318],[16.37483,48.21298],[16.37486,48.21292],[16.3749,48.21286],[16.37496,48.2128],[16.37502,48.21275],[16.37509,48.21269],[16.37556,48.21243],[16.37602,48.21219],[16.37634,48.21206],[16.37655,48.21199],[16.37668,48.21195],[16.37672,48.21191],[16.37676,48.21188],[16.37683,48.21184],[16.37688,48.21182],[16.37695,48.2118],[16.37704,48.21177],[16.37716,48.21174],[16.37733,48.2117],[16.37787,48.2116],[16.3785,48.21149],[16.3789,48.21144],[16.37919,48.21141],[16.3812,48.2113],[16.38208,48.21126],[16.3822,48.21125],[16.38228,48.21123],[16.38235,48.2112],[16.38242,48.21117],[16.38248,48.21113],[16.38253,48.21109],[16.38256,48.21106],[16.3826,48.21102],[16.38263,48.21098],[16.38266,48.21093],[16.38267,48.21086],[16.38266,48.2108],[16.38258,48.2105],[16.38255,48.21035],[16.38222,48.20909],[16.38218,48.20897],[16.38216,48.20894],[16.38214,48.2089],[16.38208,48.20883],[16.38201,48.20876],[16.38147,48.20823],[16.38038,48.20717],[16.38009,48.20689],[16.37785,48.20468],[16.3765,48.20338],[16.37594,48.20282],[16.37503,48.20194],[16.37496,48.2019],[16.37488,48.20186],[16.37479,48.20184],[16.37448,48.20176],[16.37436,48.20171],[16.3743,48.20167],[16.37426,48.20163],[16.37424,48.20157],[16.37424,48.20152],[16.37425,48.20141],[16.37435,48.20127],[16.37443,48.20111],[16.37457,48.20089],[16.37471,48.20063],[16.37483,48.20042],[16.37485,48.20034],[16.37484,48.20028],[16.3748,48.20022],[16.37469,48.20014],[16.37457,48.2001],[16.37437,48.20005],[16.37344,48.19981],[16.3732,48.19976],[16.373,48.19973],[16.37284,48.19974],[16.37145,48.20012],[16.37087,48.20027],[16.37059,48.20034],[16.37019,48.20045],[16.36995,48.20051],[16.36959,48.2006],[16.36943,48.20063],[16.36932,48.20065],[16.36923,48.20067],[16.36918,48.20068],[16.36911,48.20067],[16.36906,48.20067],[16.369,48.20065],[16.36896,48.20063],[16.3689,48.2006],[16.36884,48.20051],[16.3688,48.20044],[16.3686,48.20011],[16.36837,48.19966],[16.36833,48.19962],[16.36828,48.19957],[16.36808,48.19945],[16.36802,48.19941],[16.36798,48.19937],[16.36794,48.19933],[16.3679,48.19926],[16.36784,48.19912],[16.36767,48.19871],[16.36765,48.19863],[16.3676,48.19847],[16.36756,48.19823],[16.3675,48.19775],[16.36748,48.19757],[16.36742,48.19708],[16.36739,48.19694],[16.36734,48.19672],[16.36724,48.19638],[16.36712,48.19584],[16.36709,48.19568],[16.36706,48.19531],[16.36706,48.19517],[16.36706,48.19512],[16.36709,48.19481],[16.36711,48.1946],[16.36715,48.19412],[16.36715,48.19396],[16.36715,48.19381],[16.36711,48.19352],[16.36695,48.1926],[16.36687,48.19217],[16.36679,48.19166],[16.36672,48.19133],[16.36663,48.19103],[16.36647,48.19055],[16.36646,48.19053],[16.36636,48.19032],[16.36628,48.19018],[16.36605,48.18986],[16.36588,48.18969],[16.36564,48.18944],[16.36529,48.18909],[16.36496,48.18869],[16.36473,48.18838],[16.36457,48.18811],[16.36425,48.18754],[16.36405,48.18726],[16.36383,48.18695],[16.3636,48.18666],[16.36294,48.18587],[16.36262,48.18551],[16.3623,48.18507],[16.36229,48.18502],[16.36229,48.18499],[16.36231,48.18495],[16.36238,48.18488],[16.36245,48.18478],[16.36307,48.18417],[16.36378,48.18345],[16.36413,48.18309],[16.36436,48.18286],[16.36437,48.18283],[16.36436,48.1828],[16.36432,48.18275],[16.36332,48.18238],[16.35993,48.18106],[16.35966,48.18096],[16.35947,48.1809],[16.35922,48.18083],[16.35918,48.18076],[16.35916,48.18073],[16.35915,48.18065],[16.35935,48.18036],[16.35941,48.18029],[16.35943,48.18022],[16.35947,48.18012],[16.35947,48.17999],[16.35946,48.17984],[16.35941,48.17967],[16.35915,48.17915],[16.35876,48.1784],[16.35853,48.17798],[16.35825,48.17762],[16.35793,48.1772],[16.35762,48.17684],[16.35687,48.17607],[16.35646,48.17563],[16.35629,48.17545],[16.35565,48.1748],[16.35388,48.17296],[16.35168,48.17067],[16.3516,48.17059],[16.35157,48.17055],[16.35155,48.17049],[16.35155,48.17044],[16.35156,48.17039],[16.3516,48.17034],[16.35165,48.1703],[16.35275,48.16965],[16.35304,48.16948],[16.35397,48.16891],[16.35423,48.16875],[16.35429,48.16869],[16.35428,48.16862],[16.35422,48.16849],[16.3541,48.16831],[16.35408,48.16825],[16.35409,48.16819],[16.35412,48.16814],[16.35416,48.1681],[16.3542,48.16808],[16.35427,48.16805],[16.35432,48.16805],[16.35436,48.16803],[16.35442,48.16803],[16.35449,48.16803],[16.35455,48.16805],[16.35458,48.16806],[16.35463,48.16809],[16.35467,48.16813],[16.35469,48.16816],[16.35469,48.16819],[16.3547,48.16822],[16.35469,48.16825],[16.35467,48.1683],[16.3546,48.16841]]}},{"type":"Feature","properties":{"lineId":"2","name":"2","longName":"Dornbach - Friedrich-Engels-Platz","mode":"tram","color":"#C00808","stops":[{"name":"Dornbach","lon":16.30795,"lat":48.22615},{"name":"Liebknechtgasse","lon":16.30664,"lat":48.22288},{"name":"Sandleitengasse","lon":16.30753,"lat":48.21814},{"name":"Römergasse","lon":16.31328,"lat":48.21691},{"name":"Wilhelminenstraße","lon":16.31898,"lat":48.21617},{"name":"Mayssengasse","lon":16.32502,"lat":48.21597},{"name":"Johann-Nepomuk-Berger-Platz","lon":16.32549,"lat":48.21356},{"name":"Haberlgasse","lon":16.33039,"lat":48.21183},{"name":"Brunnenmarkt","lon":16.33573,"lat":48.21109},{"name":"Josefstädter Straße","lon":16.33923,"lat":48.21109},{"name":"Albertgasse","lon":16.34341,"lat":48.21065},{"name":"Lederergasse","lon":16.34836,"lat":48.20967},{"name":"Rathaus","lon":16.35387,"lat":48.20924},{"name":"Schmerlingplatz/Volkstheater","lon":16.35822,"lat":48.20643},{"name":"Ring/Volkstheater","lon":16.36007,"lat":48.2068},{"name":"Parlament","lon":16.36009,"lat":48.20821},{"name":"Rathausplatz/Burgtheater","lon":16.36069,"lat":48.21029},{"name":"Schottentor","lon":16.36212,"lat":48.2137},{"name":"Börse","lon":16.36624,"lat":48.21559},{"name":"Schottenring","lon":16.37118,"lat":48.2166},{"name":"Salztorbrücke","lon":16.37375,"lat":48.21415},{"name":"Schwedenplatz","lon":16.3778,"lat":48.21165},{"name":"Karmeliterplatz","lon":16.38035,"lat":48.2155},{"name":"Taborstraße","lon":16.38086,"lat":48.21876},{"name":"Heinestraße","lon":16.38225,"lat":48.22187},{"name":"Am Tabor","lon":16.38401,"lat":48.22561},{"name":"Rebhanngasse","lon":16.38792,"lat":48.22764},{"name":"Innstraße","lon":16.38626,"lat":48.23105},{"name":"Traisengasse","lon":16.38294,"lat":48.23399},{"name":"Dresdner Straße","lon":16.37896,"lat":48.23753},{"name":"Höchstädtplatz","lon":16.37736,"lat":48.23894},{"name":"Friedrich-Engels-Platz","lon":16.38019,"lat":48.24407}],"lengthKm":12.4},"geometry":{"type":"LineString","coordinates":[[16.30794,48.22614],[16.30781,48.22618],[16.30768,48.22621],[16.30757,48.22619],[16.30746,48.22612],[16.30698,48.22548],[16.30666,48.22498],[16.30655,48.22483],[16.3065,48.22469],[16.30643,48.22459],[16.30633,48.22443],[16.30631,48.22434],[16.30632,48.22421],[16.30672,48.22289],[16.3068,48.22265],[16.30703,48.2216],[16.30721,48.22081],[16.30731,48.2204],[16.30753,48.2193],[16.3076,48.21843],[16.30761,48.21814],[16.30763,48.21796],[16.30767,48.21786],[16.30774,48.21781],[16.30797,48.21776],[16.3092,48.21758],[16.31031,48.21741],[16.31255,48.21707],[16.31329,48.21696],[16.31463,48.21676],[16.31568,48.2166],[16.3166,48.21646],[16.31761,48.21631],[16.31803,48.21629],[16.31856,48.21626],[16.31899,48.21624],[16.32166,48.21615],[16.32339,48.21607],[16.32493,48.21602],[16.32502,48.21602],[16.32524,48.21602],[16.32535,48.21598],[16.32539,48.21595],[16.32541,48.21589],[16.32543,48.2158],[16.32532,48.21537],[16.32543,48.21437],[16.32544,48.21426],[16.32545,48.21419],[16.32549,48.21399],[16.32553,48.21388],[16.32557,48.21357],[16.32559,48.21335],[16.32563,48.21329],[16.32569,48.21324],[16.32579,48.2132],[16.32586,48.21318],[16.32596,48.21318],[16.32619,48.21322],[16.32631,48.2132],[16.3264,48.21316],[16.32644,48.21312],[16.32646,48.21308],[16.32648,48.21302],[16.32648,48.21299],[16.32649,48.21291],[16.32652,48.21285],[16.32659,48.21282],[16.32665,48.21281],[16.32713,48.21272],[16.32728,48.21268],[16.32845,48.21239],[16.32883,48.21229],[16.32904,48.21222],[16.32982,48.21203],[16.33042,48.21188],[16.33087,48.21177],[16.3314,48.21169],[16.33575,48.21115],[16.33745,48.21092],[16.3382,48.21083],[16.33849,48.21078],[16.3386,48.2108],[16.33871,48.21085],[16.33895,48.21104],[16.33904,48.21108],[16.33917,48.21111],[16.33923,48.21111],[16.33962,48.21107],[16.3397,48.21109],[16.34053,48.211],[16.34068,48.21098],[16.34343,48.21069],[16.34392,48.21064],[16.34435,48.21055],[16.34692,48.20999],[16.34757,48.20984],[16.34824,48.20973],[16.34837,48.20971],[16.34872,48.20966],[16.34891,48.20964],[16.34924,48.20959],[16.34943,48.20956],[16.34963,48.20954],[16.35038,48.20948],[16.35081,48.20945],[16.35134,48.20942],[16.35217,48.20938],[16.35303,48.20933],[16.35374,48.20929],[16.35388,48.20928],[16.35416,48.20926],[16.3546,48.20924],[16.35483,48.20924],[16.35499,48.20925],[16.35514,48.20925],[16.35527,48.20925],[16.35544,48.20924],[16.35628,48.20919],[16.35751,48.20903],[16.35765,48.20897],[16.35769,48.20894],[16.35772,48.2089],[16.35773,48.20884],[16.35772,48.20878],[16.35752,48.20814],[16.35732,48.20748],[16.35731,48.20741],[16.35731,48.20736],[16.35732,48.20729],[16.35735,48.20722],[16.35741,48.20715],[16.35746,48.20711],[16.35756,48.20704],[16.35805,48.20667],[16.35821,48.20654],[16.35829,48.20646],[16.35849,48.20625],[16.35856,48.20619],[16.35863,48.20614],[16.35871,48.20609],[16.35882,48.206],[16.35899,48.20589],[16.35905,48.20587],[16.35915,48.20587],[16.35922,48.20588],[16.35928,48.20591],[16.3599,48.20627],[16.36004,48.20635],[16.36006,48.20638],[16.36012,48.20644],[16.36017,48.20651],[16.36018,48.20657],[16.36017,48.20663],[16.36015,48.20668],[16.36009,48.20675],[16.36005,48.20678],[16.35983,48.20695],[16.35978,48.20702],[16.35976,48.20707],[16.35976,48.20713],[16.35977,48.20719],[16.36001,48.20802],[16.36006,48.20821],[16.36013,48.20849],[16.36045,48.20951],[16.36068,48.2103],[16.36122,48.21211],[16.36161,48.21341],[16.36165,48.21347],[16.36169,48.2135],[16.36174,48.21354],[16.36182,48.21358],[16.3621,48.21372],[16.36545,48.21525],[16.36562,48.21533],[16.36622,48.2156],[16.36887,48.21682],[16.37,48.21734],[16.3701,48.21737],[16.3702,48.21737],[16.37033,48.21735],[16.37043,48.21732],[16.37061,48.21717],[16.37078,48.21705],[16.37123,48.21663],[16.37126,48.2166],[16.37166,48.21627],[16.37285,48.21516],[16.37358,48.21447],[16.37361,48.21443],[16.37372,48.2143],[16.37382,48.21417],[16.37387,48.21409],[16.37398,48.21396],[16.37408,48.21386],[16.37455,48.21341],[16.3747,48.21326],[16.37475,48.21318],[16.37483,48.21298],[16.37486,48.21292],[16.3749,48.21286],[16.37496,48.2128],[16.37502,48.21275],[16.37509,48.21269],[16.37556,48.21243],[16.37602,48.21219],[16.37634,48.21206],[16.37655,48.21199],[16.37668,48.21195],[16.37672,48.21191],[16.37676,48.21188],[16.37683,48.21184],[16.37688,48.21182],[16.37695,48.2118],[16.37702,48.21178],[16.37733,48.21175],[16.37761,48.21171],[16.37781,48.21167],[16.37761,48.21171],[16.37733,48.21175],[16.37702,48.21178],[16.37695,48.2118],[16.37688,48.21182],[16.37683,48.21184],[16.37676,48.21188],[16.37672,48.21191],[16.37668,48.21195],[16.37663,48.21203],[16.37662,48.21207],[16.37662,48.21211],[16.37662,48.21215],[16.37662,48.21219],[16.37664,48.21224],[16.37667,48.21229],[16.37673,48.21236],[16.37681,48.21243],[16.3771,48.21272],[16.3777,48.21342],[16.37778,48.21348],[16.37793,48.21355],[16.37855,48.2137],[16.37951,48.21394],[16.37961,48.214],[16.37972,48.21402],[16.37979,48.21405],[16.37986,48.21409],[16.37992,48.21414],[16.38,48.21421],[16.38005,48.21439],[16.3802,48.21498],[16.38033,48.21549],[16.38038,48.21567],[16.38065,48.21624],[16.3807,48.21636],[16.38074,48.21647],[16.38079,48.21664],[16.38081,48.21673],[16.38083,48.2169],[16.38083,48.2171],[16.38082,48.21724],[16.38082,48.21754],[16.38083,48.21803],[16.38082,48.21842],[16.38082,48.21854],[16.38082,48.21874],[16.38082,48.21876],[16.38083,48.21887],[16.38086,48.21897],[16.38091,48.21907],[16.38097,48.21919],[16.38119,48.21965],[16.38134,48.21996],[16.38159,48.22051],[16.38197,48.22141],[16.38219,48.22189],[16.38249,48.22255],[16.38265,48.22294],[16.3827,48.22306],[16.38279,48.22328],[16.38304,48.22387],[16.38342,48.22484],[16.38347,48.22497],[16.3836,48.22529],[16.38366,48.22536],[16.38373,48.22542],[16.38386,48.22553],[16.38397,48.22562],[16.384,48.22564],[16.38412,48.2257],[16.38492,48.22607],[16.38659,48.22695],[16.38791,48.22766],[16.3882,48.22782],[16.38833,48.22791],[16.38834,48.22794],[16.38837,48.22798],[16.38838,48.22802],[16.38839,48.22806],[16.38839,48.22812],[16.38837,48.22821],[16.3883,48.22852],[16.38816,48.22914],[16.38814,48.22925],[16.38812,48.2293],[16.38808,48.22936],[16.38806,48.2294],[16.38803,48.22943],[16.38797,48.2295],[16.3878,48.22965],[16.3868,48.23053],[16.38623,48.23104],[16.38532,48.23185],[16.38436,48.2327],[16.38292,48.23398],[16.38261,48.23426],[16.38185,48.23493],[16.38137,48.23536],[16.38052,48.2361],[16.37995,48.23662],[16.37953,48.23697],[16.37932,48.23718],[16.37893,48.23752],[16.37775,48.23856],[16.37732,48.23893],[16.37715,48.23908],[16.37704,48.23918],[16.37703,48.23921],[16.37701,48.23929],[16.37702,48.23936],[16.37721,48.23976],[16.37786,48.24103],[16.3781,48.24152],[16.37882,48.24296],[16.37904,48.24347],[16.37913,48.24352],[16.37928,48.24366],[16.37939,48.24374],[16.37988,48.24396],[16.38018,48.24409]]}},{"type":"Feature","properties":{"lineId":"5","name":"5","longName":"Praterstern - Westbahnhof","mode":"tram","color":"#C00808","stops":[{"name":"Floridsdorfer Markt","lon":16.39989,"lat":48.26239},{"name":"Floridsdorf","lon":16.3992,"lat":48.25695},{"name":"Matthäus-Jiszda-Straße","lon":16.39479,"lat":48.25382},{"name":"Hubertusdamm","lon":16.39195,"lat":48.25057},{"name":"Floridsdorfer Brücke","lon":16.38808,"lat":48.24874},{"name":"Friedrich-Engels-Platz","lon":16.37939,"lat":48.24405},{"name":"Höchstädtplatz","lon":16.37711,"lat":48.23973},{"name":"Jägerstraße","lon":16.37022,"lat":48.23534},{"name":"Brigittaplatz","lon":16.37022,"lat":48.23304},{"name":"Wallensteinplatz","lon":16.37084,"lat":48.23021},{"name":"Klosterneuburger Straße/Wallensteinstraße","lon":16.3687,"lat":48.22892},{"name":"Friedensbrücke","lon":16.36513,"lat":48.22714},{"name":"Franz-Josefs-Bahnhof","lon":16.36108,"lat":48.22554},{"name":"Alserbachstraße","lon":16.35491,"lat":48.22481},{"name":"Spitalgasse","lon":16.35343,"lat":48.22267},{"name":"Lazarettgasse","lon":16.35182,"lat":48.21922},{"name":"Lange Gasse","lon":16.35092,"lat":48.21528},{"name":"Laudongasse","lon":16.34805,"lat":48.21325},{"name":"Florianigasse","lon":16.34569,"lat":48.21285},{"name":"Albertgasse","lon":16.34398,"lat":48.21081},{"name":"Blindengasse","lon":16.3408,"lat":48.21101},{"name":"Lerchenfelder Straße","lon":16.33939,"lat":48.20877},{"name":"Kaiserstraße/Neustiftgasse","lon":16.33962,"lat":48.20624},{"name":"Kaiserstraße/Burggasse","lon":16.33994,"lat":48.20455},{"name":"Kaiserstraße","lon":16.34042,"lat":48.20205},{"name":"Stollgasse","lon":16.341,"lat":48.19897},{"name":"Westbahnhof","lon":16.33938,"lat":48.19676}],"lengthKm":10.1},"geometry":{"type":"LineString","coordinates":[[16.39994,48.26241],[16.40012,48.26226],[16.40019,48.26219],[16.40023,48.26212],[16.40024,48.26205],[16.40022,48.26194],[16.39978,48.26124],[16.39953,48.26081],[16.39903,48.25995],[16.39832,48.25877],[16.3982,48.25857],[16.39819,48.25849],[16.39821,48.25844],[16.39825,48.25839],[16.39831,48.25834],[16.39847,48.25827],[16.39865,48.25819],[16.39959,48.25775],[16.39963,48.25772],[16.39967,48.25768],[16.39969,48.25765],[16.3997,48.25761],[16.39969,48.25756],[16.39953,48.25732],[16.39925,48.25694],[16.39899,48.25659],[16.39892,48.25651],[16.39885,48.25646],[16.39855,48.25626],[16.39845,48.25619],[16.3984,48.25614],[16.39819,48.2559],[16.39783,48.2555],[16.39752,48.25515],[16.39648,48.25394],[16.39639,48.25385],[16.39631,48.25381],[16.3962,48.25377],[16.3961,48.25376],[16.39592,48.25376],[16.39479,48.25379],[16.39464,48.2538],[16.3945,48.2538],[16.39437,48.25378],[16.39427,48.25376],[16.39421,48.25372],[16.39416,48.25368],[16.39411,48.25361],[16.39408,48.25359],[16.39357,48.25293],[16.39317,48.25237],[16.39281,48.25177],[16.39259,48.25139],[16.39238,48.25104],[16.3922,48.25078],[16.39199,48.25055],[16.39198,48.25054],[16.39186,48.25045],[16.39175,48.25037],[16.39161,48.25028],[16.39128,48.25012],[16.38856,48.2489],[16.38811,48.24871],[16.38755,48.24847],[16.38661,48.24807],[16.38458,48.24716],[16.38246,48.24622],[16.38209,48.24604],[16.38175,48.24585],[16.38143,48.24565],[16.38072,48.24516],[16.38036,48.24491],[16.38011,48.24473],[16.37994,48.24456],[16.37957,48.24417],[16.37943,48.24403],[16.37935,48.24395],[16.37925,48.24383],[16.37917,48.24372],[16.37904,48.24347],[16.37882,48.24296],[16.3781,48.24152],[16.37786,48.24103],[16.37719,48.23971],[16.37702,48.23936],[16.37697,48.2393],[16.37692,48.23925],[16.37685,48.23923],[16.37673,48.23919],[16.37574,48.23873],[16.37454,48.23816],[16.37288,48.23742],[16.37104,48.23658],[16.37072,48.23636],[16.37057,48.23631],[16.37048,48.23627],[16.37044,48.23623],[16.37041,48.23618],[16.37037,48.23602],[16.37023,48.23534],[16.37019,48.23513],[16.37017,48.23392],[16.37024,48.23304],[16.37025,48.23288],[16.37059,48.23155],[16.37094,48.23022],[16.37099,48.23004],[16.37095,48.22996],[16.37092,48.22992],[16.37086,48.22987],[16.37036,48.22963],[16.36969,48.22931],[16.36875,48.22886],[16.36813,48.22856],[16.36641,48.22775],[16.36612,48.22758],[16.36516,48.22711],[16.36505,48.22706],[16.36474,48.22694],[16.36451,48.22686],[16.3632,48.22629],[16.36259,48.22604],[16.36233,48.22594],[16.36186,48.22577],[16.36162,48.22568],[16.36134,48.22558],[16.3611,48.22551],[16.36092,48.22545],[16.36079,48.22541],[16.36019,48.22526],[16.35968,48.22515],[16.35952,48.22512],[16.35862,48.22496],[16.35842,48.22494],[16.35745,48.2249],[16.35718,48.2249],[16.35659,48.22496],[16.35633,48.22498],[16.35611,48.22497],[16.35592,48.22496],[16.35577,48.22494],[16.35564,48.22492],[16.35492,48.22478],[16.35444,48.22469],[16.35432,48.22466],[16.35422,48.2246],[16.35415,48.22453],[16.3541,48.22444],[16.35403,48.22423],[16.35388,48.22377],[16.35373,48.22335],[16.35355,48.22286],[16.35348,48.22266],[16.35344,48.22257],[16.35336,48.22239],[16.3533,48.22231],[16.35319,48.22218],[16.35309,48.22202],[16.3524,48.2205],[16.35188,48.21927],[16.35185,48.21921],[16.35175,48.219],[16.35164,48.21881],[16.3515,48.21849],[16.35148,48.21838],[16.35137,48.21762],[16.3513,48.21718],[16.35111,48.21583],[16.35102,48.21526],[16.35097,48.21494],[16.35104,48.21369],[16.35104,48.21351],[16.35103,48.21346],[16.35099,48.21342],[16.35094,48.21339],[16.35089,48.21336],[16.35081,48.21335],[16.3495,48.21329],[16.34845,48.21323],[16.34806,48.21322],[16.34728,48.21318],[16.34622,48.21315],[16.34614,48.21314],[16.34607,48.21313],[16.346,48.2131],[16.34594,48.21307],[16.34589,48.21304],[16.34583,48.21297],[16.34572,48.21284],[16.34561,48.2127],[16.3455,48.21261],[16.34537,48.21252],[16.34509,48.2124],[16.34432,48.21203],[16.34417,48.21196],[16.34405,48.2119],[16.344,48.21186],[16.34397,48.21182],[16.34395,48.21178],[16.34394,48.21169],[16.34394,48.21113],[16.34395,48.21103],[16.344,48.21092],[16.344,48.21085],[16.34399,48.2108],[16.34399,48.21079],[16.34396,48.21075],[16.3439,48.21071],[16.3438,48.21067],[16.34371,48.21067],[16.34368,48.21067],[16.34078,48.21097],[16.34068,48.21098],[16.3406,48.21098],[16.34054,48.21098],[16.34047,48.21095],[16.34041,48.21092],[16.34036,48.21086],[16.34034,48.2108],[16.34032,48.21064],[16.34014,48.21009],[16.3401,48.21001],[16.34006,48.20992],[16.33993,48.20965],[16.33967,48.2092],[16.33944,48.20876],[16.33937,48.20862],[16.33931,48.20853],[16.33929,48.20844],[16.3393,48.20831],[16.33949,48.20721],[16.33962,48.20643],[16.33966,48.20625],[16.33972,48.20598],[16.33995,48.20468],[16.33998,48.20455],[16.34004,48.20423],[16.34019,48.20337],[16.34029,48.20283],[16.34044,48.20206],[16.34072,48.20061],[16.34104,48.19898],[16.34106,48.19888],[16.34106,48.1988],[16.34104,48.19875],[16.34099,48.1987],[16.34094,48.19867],[16.34085,48.19864],[16.34011,48.19853],[16.33948,48.19842],[16.3392,48.19837],[16.33908,48.19831],[16.33902,48.19826],[16.33898,48.19821],[16.33896,48.19815],[16.33897,48.19808],[16.33915,48.1976],[16.33922,48.1974],[16.3393,48.19714],[16.33944,48.19677]]}},{"type":"Feature","properties":{"lineId":"6","name":"6","longName":"Burggasse, Stadthalle - Geiereckstraße ESC - Fahrplan am 16.05.2026","mode":"tram","color":"#C00808","stops":[{"name":"Enkplatz","lon":16.41598,"lat":48.17394},{"name":"Gottschalkgasse/Enkplatz","lon":16.41439,"lat":48.17489},{"name":"Polkorabplatz","lon":16.41161,"lat":48.17457},{"name":"Geiselbergstraße","lon":16.40609,"lat":48.17475},{"name":"Geiereckstraße","lon":16.39952,"lat":48.1751},{"name":"Absberggasse","lon":16.39132,"lat":48.17593},{"name":"Schrankenberggasse","lon":16.38893,"lat":48.17402},{"name":"Gellertplatz","lon":16.3834,"lat":48.17492},{"name":"Reumannplatz","lon":16.37819,"lat":48.17536},{"name":"Quellenplatz","lon":16.37407,"lat":48.17562},{"name":"Neilreichgasse","lon":16.36593,"lat":48.17619},{"name":"Bernhardtstalgasse","lon":16.36216,"lat":48.17645},{"name":"Knöllgasse","lon":16.35857,"lat":48.17723},{"name":"Matzleinsdorfer Platz","lon":16.35926,"lat":48.18053},{"name":"Eichenstraße","lon":16.34967,"lat":48.18053},{"name":"Arbeitergasse/Gürtel","lon":16.34572,"lat":48.18446},{"name":"Margaretengürtel","lon":16.34225,"lat":48.18828},{"name":"Gumpendorfer Straße","lon":16.33797,"lat":48.19021},{"name":"Mariahilfer Gürtel","lon":16.33894,"lat":48.19321},{"name":"Westbahnhof","lon":16.33889,"lat":48.19706},{"name":"Urban-Loritz-Platz","lon":16.33754,"lat":48.20128},{"name":"Burggasse-Stadthalle","lon":16.3376,"lat":48.2021}],"lengthKm":8.6},"geometry":{"type":"LineString","coordinates":[[16.41597,48.17396],[16.41616,48.1741],[16.41621,48.17413],[16.41624,48.17416],[16.41625,48.1742],[16.41626,48.17424],[16.41622,48.17433],[16.41543,48.17509],[16.41536,48.17513],[16.41532,48.17515],[16.41527,48.17516],[16.41522,48.17517],[16.41517,48.17517],[16.41513,48.17517],[16.41507,48.17516],[16.415,48.17513],[16.41485,48.17507],[16.41465,48.17497],[16.41441,48.17486],[16.41396,48.17465],[16.41364,48.17451],[16.41359,48.17449],[16.4135,48.17447],[16.41343,48.17446],[16.41161,48.17454],[16.40968,48.17463],[16.40751,48.1747],[16.40735,48.17471],[16.40719,48.17471],[16.40664,48.17472],[16.40609,48.17473],[16.40529,48.17475],[16.40387,48.17482],[16.39952,48.17504],[16.39849,48.17508],[16.39821,48.17511],[16.3976,48.17515],[16.39755,48.17515],[16.39734,48.1752],[16.39703,48.17531],[16.39661,48.17538],[16.39613,48.17543],[16.39589,48.17545],[16.39573,48.17545],[16.39548,48.17544],[16.39453,48.17541],[16.39433,48.17543],[16.39421,48.17544],[16.39129,48.17589],[16.39088,48.17595],[16.39077,48.17596],[16.3907,48.17594],[16.39063,48.17591],[16.39056,48.17587],[16.39054,48.17583],[16.3905,48.17578],[16.39041,48.17554],[16.38984,48.17395],[16.38975,48.17388],[16.38964,48.17385],[16.38953,48.17385],[16.3889,48.17396],[16.38867,48.174],[16.38644,48.17437],[16.38466,48.17468],[16.38432,48.17474],[16.38357,48.17486],[16.38339,48.1749],[16.38303,48.17496],[16.3824,48.17504],[16.38007,48.1752],[16.37818,48.17533],[16.37756,48.17536],[16.37665,48.17542],[16.37611,48.17546],[16.37567,48.17549],[16.37484,48.17554],[16.37406,48.17559],[16.37369,48.17562],[16.37319,48.17563],[16.37298,48.17565],[16.37282,48.17568],[16.37267,48.17569],[16.37238,48.17569],[16.37221,48.1757],[16.37105,48.17578],[16.37076,48.1758],[16.37017,48.17584],[16.36592,48.17613],[16.36214,48.17639],[16.36027,48.17652],[16.36012,48.17653],[16.36002,48.17655],[16.35995,48.17657],[16.35985,48.17661],[16.35851,48.17719],[16.35841,48.17723],[16.35827,48.17734],[16.35822,48.17738],[16.3582,48.17743],[16.35821,48.17749],[16.35819,48.17755],[16.35853,48.17798],[16.35876,48.1784],[16.35915,48.17915],[16.35941,48.17967],[16.35946,48.17984],[16.35947,48.17999],[16.35947,48.18012],[16.35943,48.18022],[16.35941,48.18029],[16.35924,48.18052],[16.35915,48.18065],[16.35902,48.18068],[16.35884,48.18072],[16.35652,48.18006],[16.35612,48.18001],[16.3558,48.17999],[16.3554,48.17998],[16.35502,48.18001],[16.35265,48.18016],[16.35197,48.1802],[16.35122,48.18026],[16.35072,48.18031],[16.35042,48.18034],[16.34973,48.18043],[16.34962,48.18048],[16.34922,48.18065],[16.34907,48.18073],[16.34897,48.1808],[16.34888,48.18086],[16.34874,48.18099],[16.34851,48.18123],[16.34837,48.18139],[16.34826,48.18151],[16.34809,48.18172],[16.34802,48.18181],[16.34677,48.18325],[16.34625,48.18385],[16.34611,48.184],[16.3459,48.1842],[16.34569,48.18444],[16.34549,48.18467],[16.34535,48.18484],[16.34518,48.18509],[16.34406,48.18637],[16.34337,48.18717],[16.3431,48.18755],[16.3427,48.18803],[16.34259,48.18812],[16.34249,48.18817],[16.34239,48.18821],[16.34224,48.18825],[16.3417,48.1884],[16.34142,48.18847],[16.34125,48.18851],[16.3411,48.18853],[16.34095,48.18853],[16.34062,48.18852],[16.33966,48.18846],[16.33943,48.18846],[16.33933,48.18847],[16.33923,48.18849],[16.33911,48.18853],[16.33902,48.18857],[16.33892,48.18864],[16.33886,48.1887],[16.33879,48.18879],[16.33862,48.18909],[16.33842,48.18944],[16.33814,48.18987],[16.33799,48.1901],[16.33793,48.19017],[16.33792,48.1902],[16.3379,48.19023],[16.33787,48.19032],[16.33786,48.19046],[16.33786,48.19072],[16.33787,48.19104],[16.33788,48.19132],[16.3379,48.19144],[16.33794,48.19155],[16.33799,48.19165],[16.33816,48.19194],[16.33857,48.19267],[16.3388,48.19304],[16.3389,48.19322],[16.33931,48.19397],[16.33958,48.19445],[16.33964,48.19459],[16.33967,48.1947],[16.33966,48.19479],[16.33964,48.19486],[16.33961,48.19495],[16.33955,48.19504],[16.33944,48.19517],[16.33938,48.19529],[16.33922,48.19587],[16.33917,48.19603],[16.33904,48.19638],[16.33901,48.19648],[16.339,48.19658],[16.33898,48.19667],[16.33883,48.19705],[16.33879,48.19716],[16.33869,48.19736],[16.33861,48.19755],[16.33861,48.19756],[16.33858,48.19762],[16.33857,48.19769],[16.33856,48.19776],[16.33855,48.19788],[16.33852,48.19809],[16.33849,48.19819],[16.33812,48.19917],[16.338,48.19949],[16.33748,48.20087],[16.33745,48.20095],[16.33745,48.20102],[16.33753,48.20128],[16.33761,48.20157],[16.33762,48.20164],[16.33764,48.20173],[16.33758,48.2021]]}},{"type":"Feature","properties":{"lineId":"9","name":"9","longName":"Gersthof, Wallrißstraße - Westbahnhof","mode":"tram","color":"#C00808","stops":[{"name":"Gersthof, Wallrißstraße","lon":16.32687,"lat":48.23211},{"name":"Schöffelgasse","lon":16.32608,"lat":48.23178},{"name":"Gersthof","lon":16.32935,"lat":48.23114},{"name":"Simonygasse","lon":16.32827,"lat":48.22762},{"name":"Sommarugagasse","lon":16.33139,"lat":48.2262},{"name":"Vinzenzgasse","lon":16.33406,"lat":48.22514},{"name":"Blumengasse","lon":16.33184,"lat":48.22169},{"name":"Elterleinplatz","lon":16.33092,"lat":48.2184},{"name":"Rosensteingasse","lon":16.3271,"lat":48.2192},{"name":"Mayssengasse","lon":16.32549,"lat":48.21622},{"name":"Johann-Nepomuk-Berger-Platz","lon":16.32549,"lat":48.21356},{"name":"Feßtgasse","lon":16.32518,"lat":48.21088},{"name":"Panikengasse","lon":16.3244,"lat":48.20846},{"name":"Camillo-Sitte-Gasse","lon":16.32735,"lat":48.20521},{"name":"Guntherstraße","lon":16.32692,"lat":48.20276},{"name":"Schweglerstraße","lon":16.3291,"lat":48.19848},{"name":"Beingasse","lon":16.33192,"lat":48.19928},{"name":"Urban-Loritz-Platz","lon":16.337,"lat":48.20066},{"name":"Westbahnhof","lon":16.33885,"lat":48.19673},{"name":"Westbahnhof/Gerstnerstraße","lon":16.33822,"lat":48.19549},{"name":"Staglgasse","lon":16.33567,"lat":48.19448},{"name":"Geibelgasse","lon":16.33198,"lat":48.1918},{"name":"Rustengasse","lon":16.32786,"lat":48.1914},{"name":"Rudolfsheim, Anschützgasse","lon":16.32331,"lat":48.19045},{"name":"Winckelmannstraße","lon":16.3209,"lat":48.19013}],"lengthKm":8.1},"geometry":{"type":"LineString","coordinates":[[16.32686,48.23208],[16.32663,48.23211],[16.32651,48.23214],[16.32643,48.23214],[16.32636,48.23212],[16.32632,48.23211],[16.32627,48.23208],[16.32622,48.23203],[16.32613,48.23177],[16.32608,48.23162],[16.32607,48.23155],[16.32609,48.2315],[16.32615,48.23144],[16.32628,48.2314],[16.32711,48.23128],[16.32718,48.23129],[16.32724,48.2313],[16.3273,48.23133],[16.32735,48.23137],[16.32738,48.23144],[16.32746,48.23176],[16.32749,48.23181],[16.32751,48.23184],[16.32757,48.23187],[16.32766,48.2319],[16.32774,48.2319],[16.32841,48.23179],[16.32859,48.23176],[16.32889,48.23162],[16.3293,48.23143],[16.32936,48.23138],[16.32939,48.23133],[16.3294,48.23129],[16.32942,48.23119],[16.32943,48.23114],[16.32947,48.23079],[16.32954,48.23002],[16.32956,48.22932],[16.32953,48.22908],[16.32947,48.22887],[16.32925,48.22846],[16.32914,48.22828],[16.32895,48.22803],[16.32871,48.22782],[16.32834,48.22757],[16.32828,48.22753],[16.32823,48.22748],[16.32821,48.22741],[16.32822,48.22736],[16.32828,48.2273],[16.32849,48.22719],[16.32869,48.22709],[16.32907,48.22694],[16.32987,48.22671],[16.33041,48.22656],[16.33096,48.22638],[16.33133,48.22627],[16.33141,48.22624],[16.33259,48.22591],[16.33277,48.22584],[16.33355,48.22546],[16.33411,48.22518],[16.3343,48.22509],[16.33436,48.22503],[16.33439,48.22498],[16.33441,48.22494],[16.33439,48.2249],[16.33437,48.22484],[16.33383,48.22424],[16.33238,48.2226],[16.33191,48.22167],[16.33147,48.22077],[16.33117,48.22015],[16.331,48.21979],[16.3309,48.21942],[16.33085,48.21925],[16.33085,48.21915],[16.33094,48.21857],[16.331,48.21846],[16.33101,48.21841],[16.33102,48.21839],[16.33101,48.21833],[16.33096,48.21826],[16.3309,48.21822],[16.33073,48.21818],[16.3306,48.21818],[16.33022,48.21822],[16.32996,48.21826],[16.32913,48.21842],[16.32863,48.21855],[16.32835,48.21863],[16.32826,48.21866],[16.32793,48.21878],[16.3276,48.21892],[16.32739,48.21901],[16.32706,48.21916],[16.32671,48.21931],[16.32661,48.21933],[16.32651,48.21932],[16.32644,48.21927],[16.32642,48.21925],[16.32637,48.21917],[16.32617,48.21858],[16.32596,48.21768],[16.32565,48.21666],[16.32553,48.2162],[16.32543,48.2158],[16.32532,48.21537],[16.32543,48.21437],[16.32544,48.21426],[16.32545,48.21419],[16.32549,48.21399],[16.32553,48.21388],[16.32557,48.21357],[16.32559,48.21335],[16.32558,48.21327],[16.32556,48.21321],[16.32553,48.21316],[16.32546,48.21311],[16.32532,48.21299],[16.32525,48.21292],[16.32515,48.21269],[16.32513,48.21258],[16.32532,48.21165],[16.32539,48.21127],[16.32538,48.21117],[16.32527,48.21087],[16.32514,48.2105],[16.32475,48.20933],[16.32445,48.20846],[16.32431,48.20805],[16.32404,48.20725],[16.32396,48.20704],[16.32396,48.20697],[16.32398,48.20692],[16.32401,48.20687],[16.32407,48.20683],[16.32417,48.20679],[16.32585,48.20654],[16.32753,48.20628],[16.32762,48.20624],[16.32767,48.2062],[16.3277,48.20616],[16.32771,48.2061],[16.32764,48.20595],[16.32754,48.20567],[16.32738,48.2052],[16.3273,48.20498],[16.32712,48.20439],[16.32702,48.20385],[16.32697,48.2035],[16.32694,48.20304],[16.32695,48.20276],[16.32695,48.20259],[16.32694,48.20253],[16.3269,48.20249],[16.32685,48.20245],[16.32668,48.20236],[16.32663,48.20232],[16.3266,48.20229],[16.32658,48.20225],[16.32657,48.20221],[16.32656,48.20217],[16.32661,48.20178],[16.32667,48.20144],[16.32674,48.20113],[16.32685,48.20078],[16.32698,48.20044],[16.32706,48.20024],[16.32724,48.19986],[16.32745,48.19949],[16.32792,48.19874],[16.32812,48.19842],[16.3282,48.19837],[16.32826,48.19834],[16.32833,48.19833],[16.32849,48.19834],[16.32907,48.19851],[16.33191,48.1993],[16.33602,48.20044],[16.33628,48.20051],[16.33647,48.20053],[16.33698,48.20067],[16.33717,48.20072],[16.33724,48.20073],[16.33729,48.20073],[16.33734,48.20072],[16.33738,48.20071],[16.33745,48.20068],[16.33748,48.20064],[16.33756,48.20054],[16.33796,48.19949],[16.3382,48.19883],[16.33839,48.19831],[16.33848,48.19808],[16.33852,48.19774],[16.33855,48.1976],[16.33861,48.19742],[16.33868,48.19726],[16.33873,48.19718],[16.33888,48.1968],[16.3389,48.19673],[16.33896,48.19656],[16.33895,48.19642],[16.33896,48.19637],[16.33907,48.19605],[16.33907,48.19594],[16.33898,48.19585],[16.33882,48.19572],[16.3387,48.19564],[16.3386,48.19559],[16.33824,48.19547],[16.33758,48.19525],[16.33741,48.19517],[16.33716,48.19505],[16.33701,48.19499],[16.33677,48.1949],[16.33631,48.19474],[16.33604,48.19463],[16.33573,48.19448],[16.3357,48.19446],[16.33548,48.19433],[16.33537,48.19428],[16.33493,48.19403],[16.33454,48.19376],[16.33416,48.19347],[16.33386,48.19322],[16.33347,48.19285],[16.33323,48.19262],[16.33304,48.19245],[16.33276,48.19217],[16.33255,48.192],[16.33244,48.19193],[16.3323,48.19187],[16.3321,48.19181],[16.332,48.19178],[16.33189,48.19175],[16.33161,48.19169],[16.33138,48.19165],[16.33083,48.19158],[16.32875,48.19144],[16.32786,48.19138],[16.32772,48.19137],[16.32739,48.19136],[16.32719,48.19134],[16.32697,48.1913],[16.32614,48.1911],[16.32398,48.19057],[16.32332,48.19043],[16.32313,48.19039],[16.32283,48.19032],[16.3225,48.19024],[16.32213,48.19019],[16.32091,48.1901]]}},{"type":"Feature","properties":{"lineId":"10","name":"10","longName":"Dornbach - Unter St. Veit, Hummelgasse","mode":"tram","color":"#C00808","stops":[{"name":"Dornbach","lon":16.308,"lat":48.2262},{"name":"Liebknechtgasse","lon":16.30664,"lat":48.22288},{"name":"Sandleitengasse","lon":16.30753,"lat":48.21814},{"name":"Maroltingergasse","lon":16.30662,"lat":48.21384},{"name":"Rankgasse","lon":16.30564,"lat":48.21115},{"name":"Joachimsthalerplatz","lon":16.30511,"lat":48.20933},{"name":"Gutraterplatz","lon":16.30888,"lat":48.20777},{"name":"Kendlerstraße","lon":16.30808,"lat":48.20419},{"name":"Laurentiusplatz","lon":16.30793,"lat":48.20199},{"name":"Hütteldorfer Straße","lon":16.31208,"lat":48.19963},{"name":"Reinlgasse/Märzstraße","lon":16.312,"lat":48.19689},{"name":"Reinlgasse","lon":16.31144,"lat":48.1937},{"name":"Linzer Straße","lon":16.31486,"lat":48.19267},{"name":"Schloss Schönbrunn","lon":16.31353,"lat":48.18828},{"name":"Hietzing","lon":16.3041,"lat":48.18768},{"name":"Dommayergasse","lon":16.29898,"lat":48.18645},{"name":"Gloriettegasse","lon":16.29132,"lat":48.18302},{"name":"Stadlergasse","lon":16.28588,"lat":48.18175},{"name":"Jagdschloßgasse","lon":16.28369,"lat":48.17732},{"name":"Preyergasse","lon":16.28522,"lat":48.17382},{"name":"Hofwiesengasse","lon":16.28712,"lat":48.17058},{"name":"Wattmanngasse","lon":16.29088,"lat":48.17089}],"lengthKm":9.1},"geometry":{"type":"LineString","coordinates":[[16.30798,48.22617],[16.30779,48.22623],[16.30769,48.22623],[16.3076,48.22622],[16.30746,48.22612],[16.30698,48.22548],[16.30666,48.22498],[16.30655,48.22483],[16.3065,48.22469],[16.30643,48.22459],[16.30633,48.22443],[16.30631,48.22434],[16.30632,48.22421],[16.30672,48.22289],[16.3068,48.22265],[16.30703,48.2216],[16.30721,48.22081],[16.30731,48.2204],[16.30753,48.2193],[16.3076,48.21843],[16.30761,48.21814],[16.30763,48.21796],[16.30763,48.21773],[16.30759,48.21751],[16.30748,48.21718],[16.30736,48.2166],[16.30705,48.21534],[16.30695,48.21476],[16.30681,48.21424],[16.3067,48.21383],[16.30664,48.21364],[16.30649,48.21324],[16.30614,48.21218],[16.30579,48.21113],[16.30539,48.20997],[16.30531,48.20963],[16.30519,48.20931],[16.3051,48.20906],[16.30492,48.20864],[16.30492,48.20862],[16.30491,48.20855],[16.30493,48.2085],[16.30498,48.20845],[16.30505,48.20842],[16.30515,48.2084],[16.3073,48.20807],[16.30889,48.20783],[16.30903,48.2078],[16.30911,48.20778],[16.30917,48.20775],[16.30923,48.2077],[16.30926,48.20765],[16.30926,48.20757],[16.30914,48.20719],[16.30911,48.20695],[16.30907,48.20686],[16.30894,48.20645],[16.30879,48.20603],[16.30852,48.20525],[16.30825,48.20443],[16.30816,48.20419],[16.30806,48.20391],[16.30788,48.20338],[16.30756,48.20246],[16.30752,48.2023],[16.30752,48.20223],[16.30755,48.20218],[16.3076,48.20214],[16.30766,48.20211],[16.30777,48.20209],[16.30793,48.20206],[16.30797,48.20205],[16.30806,48.20202],[16.3082,48.20196],[16.30834,48.20186],[16.30893,48.20153],[16.31013,48.20082],[16.31133,48.20012],[16.31213,48.19965],[16.3125,48.19944],[16.31257,48.19938],[16.31259,48.19933],[16.3126,48.19929],[16.31258,48.19924],[16.31254,48.19917],[16.31247,48.1991],[16.31236,48.19891],[16.31229,48.19848],[16.3123,48.19835],[16.31226,48.19815],[16.31204,48.19689],[16.31184,48.19573],[16.31173,48.19511],[16.31148,48.1937],[16.31143,48.19343],[16.31145,48.19335],[16.3115,48.19329],[16.31167,48.19323],[16.31314,48.19297],[16.31434,48.1928],[16.31487,48.19273],[16.31525,48.19268],[16.31597,48.19253],[16.3161,48.19249],[16.31617,48.19244],[16.31622,48.19239],[16.31624,48.19233],[16.31625,48.19227],[16.31619,48.19214],[16.31532,48.19054],[16.31527,48.19047],[16.31519,48.19039],[16.3151,48.19034],[16.31502,48.19028],[16.31493,48.19016],[16.31485,48.19001],[16.31421,48.18883],[16.31412,48.18866],[16.31405,48.18853],[16.31397,48.18843],[16.3139,48.18838],[16.31383,48.18835],[16.31355,48.18826],[16.31345,48.18822],[16.31314,48.18813],[16.31301,48.1881],[16.31287,48.1881],[16.31234,48.1881],[16.31173,48.18809],[16.31062,48.188],[16.31037,48.18799],[16.31001,48.18799],[16.3085,48.18801],[16.3077,48.18805],[16.30684,48.18809],[16.30606,48.18813],[16.30523,48.18815],[16.3047,48.18814],[16.30452,48.18812],[16.30442,48.1881],[16.30438,48.18808],[16.30434,48.18806],[16.30428,48.18799],[16.30426,48.18796],[16.30424,48.1879],[16.30424,48.18788],[16.30415,48.18767],[16.30409,48.18756],[16.30401,48.1875],[16.30391,48.18744],[16.30358,48.18745],[16.30348,48.18744],[16.30337,48.18742],[16.30327,48.18739],[16.3032,48.18734],[16.30311,48.18727],[16.30303,48.18721],[16.30297,48.18713],[16.30254,48.18659],[16.30237,48.18633],[16.30232,48.18627],[16.30227,48.18623],[16.30215,48.18617],[16.30207,48.18614],[16.30201,48.18612],[16.30193,48.18611],[16.30182,48.1861],[16.30173,48.1861],[16.30156,48.18613],[16.30093,48.1862],[16.29964,48.18633],[16.29897,48.18642],[16.29883,48.18643],[16.29872,48.18643],[16.29862,48.1864],[16.29854,48.18637],[16.29847,48.18629],[16.29839,48.18624],[16.29828,48.18619],[16.2979,48.18603],[16.29745,48.18586],[16.2968,48.18557],[16.29526,48.18487],[16.29496,48.1847],[16.2941,48.18424],[16.29386,48.1841],[16.29323,48.18365],[16.29289,48.18334],[16.29265,48.18311],[16.29259,48.18306],[16.29251,48.18302],[16.2924,48.183],[16.29232,48.18299],[16.29132,48.18297],[16.28997,48.18293],[16.28983,48.18293],[16.28971,48.18292],[16.28933,48.18287],[16.2878,48.18262],[16.28767,48.1826],[16.28754,48.18256],[16.2873,48.18247],[16.2866,48.18221],[16.28646,48.18215],[16.28635,48.18209],[16.28625,48.18201],[16.28594,48.18172],[16.2856,48.1814],[16.28518,48.18099],[16.28487,48.1807],[16.28418,48.17999],[16.28412,48.17991],[16.2841,48.17984],[16.2841,48.17977],[16.28411,48.17966],[16.2842,48.17904],[16.2842,48.17891],[16.28402,48.17808],[16.28392,48.17771],[16.28386,48.17749],[16.28377,48.17731],[16.28366,48.17707],[16.28365,48.17698],[16.28366,48.17691],[16.2837,48.17682],[16.28389,48.17649],[16.28393,48.17639],[16.28399,48.17613],[16.28407,48.17567],[16.28411,48.17525],[16.28413,48.17511],[16.28419,48.17491],[16.28447,48.17419],[16.28451,48.17412],[16.28456,48.17406],[16.28463,48.17401],[16.28469,48.17399],[16.28476,48.17397],[16.28525,48.17387],[16.28545,48.17383],[16.28617,48.17368],[16.28634,48.17364],[16.28641,48.17361],[16.28647,48.17356],[16.2865,48.17353],[16.28668,48.17317],[16.28674,48.17303],[16.28704,48.17212],[16.28712,48.17179],[16.28717,48.17153],[16.28724,48.17058],[16.28725,48.17044],[16.28727,48.17037],[16.28729,48.17034],[16.28734,48.1703],[16.2874,48.17027],[16.28747,48.17026],[16.28754,48.17026],[16.28761,48.17026],[16.28848,48.17043],[16.28924,48.1706],[16.28981,48.17077],[16.29013,48.17084],[16.29047,48.17089],[16.29077,48.17092],[16.29088,48.17093]]}},{"type":"Feature","properties":{"lineId":"11","name":"11","longName":"Otto-Probst-Platz - Kaiserebersdorf, Zinnergasse","mode":"tram","color":"#C00808","stops":[{"name":"Otto-Probst-Platz","lon":16.34937,"lat":48.15397},{"name":"Tesarekplatz","lon":16.35061,"lat":48.15504},{"name":"Otto-Probst-Straße","lon":16.35474,"lat":48.15634},{"name":"Frödenplatz","lon":16.35927,"lat":48.15571},{"name":"Wienerfeldgasse","lon":16.36043,"lat":48.15844},{"name":"Sahulkastraße","lon":16.3621,"lat":48.16192},{"name":"Raxstraße","lon":16.36367,"lat":48.16528},{"name":"Troststraße/Neilreichgasse","lon":16.36433,"lat":48.16972},{"name":"Laxenburger Straße/Troststraße","lon":16.37,"lat":48.16916},{"name":"Arthaberplatz","lon":16.37192,"lat":48.17183},{"name":"Quellenplatz","lon":16.3734,"lat":48.17525},{"name":"Reumannplatz","lon":16.37719,"lat":48.17534},{"name":"Gellertplatz","lon":16.38199,"lat":48.17502},{"name":"Schrankenberggasse","lon":16.3892,"lat":48.17381},{"name":"Absberggasse","lon":16.39047,"lat":48.17562},{"name":"Geiereckstraße","lon":16.39972,"lat":48.175},{"name":"Geiselbergstraße","lon":16.4061,"lat":48.17468},{"name":"Polkorabplatz","lon":16.41314,"lat":48.17444},{"name":"Enkplatz","lon":16.41599,"lat":48.17445},{"name":"Braunhubergasse","lon":16.41842,"lat":48.17205},{"name":"Simmering","lon":16.42025,"lat":48.17019},{"name":"Fickeysstraße","lon":16.42367,"lat":48.16695},{"name":"Weißenböckstraße","lon":16.42846,"lat":48.16223},{"name":"Zentralfriedhof 1.Tor","lon":16.43343,"lat":48.15894},{"name":"Zentralfriedhof 2.Tor","lon":16.44156,"lat":48.15465},{"name":"Zentralfriedhof 3.Tor","lon":16.45004,"lat":48.15228},{"name":"Zentralfriedhof 4.Tor","lon":16.45364,"lat":48.15189},{"name":"Widholzgasse","lon":16.45551,"lat":48.15481},{"name":"Leberberg","lon":16.45927,"lat":48.15505},{"name":"Svetelskystraße","lon":16.46543,"lat":48.15429},{"name":"Valiergasse","lon":16.46877,"lat":48.15714},{"name":"Kaiserebersdorf, Zinnergasse","lon":16.47022,"lat":48.15946}],"lengthKm":13.3},"geometry":{"type":"LineString","coordinates":[[16.34939,48.15394],[16.34922,48.15388],[16.3491,48.15384],[16.34904,48.1538],[16.34893,48.15371],[16.34891,48.15367],[16.34889,48.15363],[16.34888,48.15358],[16.34891,48.1535],[16.34896,48.15346],[16.34902,48.15341],[16.34912,48.15337],[16.34918,48.15336],[16.34927,48.15336],[16.34935,48.15337],[16.34942,48.1534],[16.34947,48.15342],[16.3495,48.15344],[16.34953,48.15348],[16.35007,48.15428],[16.35059,48.15504],[16.35069,48.1552],[16.35075,48.1553],[16.35077,48.15536],[16.35078,48.15543],[16.35077,48.1555],[16.35079,48.1556],[16.35082,48.15567],[16.35085,48.15572],[16.35133,48.15643],[16.35151,48.15669],[16.35161,48.15679],[16.35174,48.15688],[16.35187,48.15694],[16.35202,48.15699],[16.35216,48.15701],[16.35226,48.15702],[16.35235,48.15703],[16.35246,48.15703],[16.35253,48.15702],[16.35269,48.15699],[16.35283,48.15695],[16.35307,48.15687],[16.35391,48.15662],[16.35475,48.15636],[16.35575,48.15607],[16.35644,48.15586],[16.35749,48.15553],[16.35831,48.15529],[16.35847,48.15524],[16.35858,48.15519],[16.35863,48.15514],[16.35866,48.15511],[16.35872,48.15509],[16.35879,48.15507],[16.35884,48.15507],[16.3589,48.15507],[16.35898,48.15508],[16.35905,48.1551],[16.3591,48.15513],[16.35915,48.15518],[16.35919,48.15526],[16.35927,48.15542],[16.35925,48.15571],[16.35922,48.15622],[16.35918,48.15638],[16.3595,48.15692],[16.3602,48.15813],[16.36036,48.15845],[16.36065,48.15907],[16.36146,48.16086],[16.36193,48.16175],[16.36203,48.16194],[16.36215,48.16215],[16.3625,48.16263],[16.36259,48.16276],[16.36269,48.16293],[16.36283,48.16317],[16.3629,48.16333],[16.36298,48.16352],[16.36315,48.16403],[16.3635,48.16501],[16.36357,48.16521],[16.3636,48.16529],[16.36362,48.16537],[16.36362,48.1655],[16.3636,48.16559],[16.36358,48.16567],[16.36357,48.16577],[16.36357,48.16585],[16.36359,48.16594],[16.36364,48.16607],[16.36374,48.16637],[16.36386,48.16673],[16.3639,48.16698],[16.3642,48.16901],[16.36423,48.16918],[16.36424,48.16932],[16.36423,48.16942],[16.36424,48.16951],[16.36427,48.16972],[16.36427,48.16975],[16.36429,48.16984],[16.36431,48.16987],[16.36433,48.1699],[16.36438,48.16993],[16.36443,48.16996],[16.36447,48.16997],[16.36458,48.16998],[16.36472,48.16997],[16.36562,48.16984],[16.3666,48.1697],[16.36761,48.16955],[16.36842,48.16944],[16.36929,48.16931],[16.37002,48.16921],[16.37029,48.16917],[16.37035,48.16916],[16.37041,48.16917],[16.37048,48.16918],[16.37055,48.16921],[16.37059,48.16923],[16.37062,48.16928],[16.37066,48.16934],[16.37074,48.16953],[16.37106,48.17016],[16.37135,48.17079],[16.3717,48.1715],[16.37185,48.17184],[16.37213,48.17251],[16.37254,48.17345],[16.37283,48.17415],[16.37321,48.17498],[16.37333,48.17526],[16.3734,48.17543],[16.37349,48.17554],[16.37355,48.17558],[16.37361,48.1756],[16.37367,48.17561],[16.37369,48.17562],[16.37484,48.17554],[16.37567,48.17549],[16.37611,48.17546],[16.37665,48.17542],[16.3772,48.17539],[16.37756,48.17536],[16.37814,48.17533],[16.38007,48.1752],[16.382,48.17507],[16.3824,48.17504],[16.38303,48.17496],[16.38357,48.17486],[16.38432,48.17474],[16.38466,48.17468],[16.38644,48.17437],[16.38867,48.174],[16.38923,48.1739],[16.38953,48.17385],[16.38964,48.17385],[16.38975,48.17388],[16.38984,48.17395],[16.39032,48.17528],[16.39044,48.17563],[16.3905,48.17578],[16.39054,48.17583],[16.39056,48.17587],[16.39063,48.17591],[16.3907,48.17594],[16.39077,48.17596],[16.39088,48.17595],[16.39109,48.17592],[16.39421,48.17544],[16.39433,48.17543],[16.39453,48.17541],[16.39548,48.17544],[16.39573,48.17545],[16.39589,48.17545],[16.39613,48.17543],[16.39661,48.17538],[16.39703,48.17531],[16.39734,48.1752],[16.39755,48.17515],[16.3976,48.17515],[16.39821,48.17511],[16.39849,48.17508],[16.39914,48.17505],[16.39972,48.17503],[16.40387,48.17482],[16.40529,48.17475],[16.4061,48.17473],[16.40664,48.17472],[16.40719,48.17471],[16.40735,48.17471],[16.40751,48.1747],[16.40968,48.17463],[16.41187,48.17453],[16.41315,48.17447],[16.41343,48.17446],[16.4135,48.17447],[16.41359,48.17449],[16.41364,48.17451],[16.41396,48.17465],[16.41465,48.17497],[16.41485,48.17507],[16.415,48.17513],[16.41507,48.17516],[16.41513,48.17517],[16.41517,48.17517],[16.41522,48.17517],[16.41527,48.17516],[16.41532,48.17515],[16.41536,48.17513],[16.41543,48.17509],[16.41606,48.17448],[16.41654,48.17401],[16.4175,48.17306],[16.41765,48.1729],[16.41848,48.17208],[16.41939,48.17117],[16.42019,48.17036],[16.42032,48.17023],[16.42345,48.16728],[16.42376,48.16699],[16.42427,48.1665],[16.42485,48.16595],[16.42498,48.16579],[16.42568,48.16511],[16.42605,48.16473],[16.42669,48.16409],[16.42803,48.16274],[16.42852,48.16226],[16.42857,48.16221],[16.42915,48.1617],[16.42943,48.16145],[16.42962,48.16131],[16.42999,48.16107],[16.43032,48.16087],[16.43347,48.15897],[16.43555,48.15772],[16.43614,48.15737],[16.4365,48.15718],[16.43725,48.15678],[16.44161,48.15469],[16.44206,48.15447],[16.4425,48.1543],[16.44273,48.15423],[16.44298,48.15417],[16.44366,48.15404],[16.45006,48.15232],[16.45296,48.15155],[16.45309,48.15152],[16.45314,48.15152],[16.45319,48.15153],[16.45323,48.15153],[16.45327,48.15154],[16.45333,48.15157],[16.45338,48.1516],[16.45341,48.15162],[16.45357,48.15191],[16.45379,48.1523],[16.45386,48.15239],[16.45393,48.15246],[16.4541,48.15269],[16.4542,48.15287],[16.45459,48.15354],[16.45495,48.15416],[16.45505,48.15434],[16.45518,48.15457],[16.45522,48.15462],[16.45526,48.15466],[16.45545,48.15484],[16.45589,48.15527],[16.45592,48.15531],[16.45608,48.15562],[16.45613,48.15569],[16.45617,48.15572],[16.45623,48.15576],[16.45629,48.15578],[16.45635,48.15579],[16.45639,48.15579],[16.45646,48.15579],[16.45654,48.15578],[16.45708,48.15563],[16.45797,48.15539],[16.45874,48.15522],[16.45902,48.15515],[16.45929,48.1551],[16.45989,48.155],[16.46145,48.15482],[16.46179,48.15479],[16.46212,48.15477],[16.46286,48.15475],[16.4631,48.15473],[16.46348,48.15469],[16.46419,48.15456],[16.46544,48.15432],[16.46561,48.15429],[16.46566,48.15428],[16.46577,48.15427],[16.46584,48.15427],[16.46591,48.15428],[16.46602,48.15429],[16.46612,48.15433],[16.46618,48.15435],[16.46628,48.15441],[16.46634,48.15445],[16.46664,48.15476],[16.46679,48.15493],[16.46722,48.15543],[16.46762,48.15587],[16.46828,48.15665],[16.46873,48.15716],[16.46896,48.1574],[16.46919,48.15769],[16.46947,48.15802],[16.46964,48.15823],[16.46982,48.15851],[16.46992,48.15863],[16.46996,48.15873],[16.46998,48.15877],[16.46999,48.1588],[16.47002,48.15895],[16.47008,48.15915],[16.47012,48.15923],[16.47022,48.15946]]}},{"type":"Feature","properties":{"lineId":"12","name":"12","longName":"Hillerstraße - Josefstädter Straße","mode":"tram","color":"#C00808","stops":[{"name":"Josefstädter Straße","lon":16.33955,"lat":48.21172},{"name":"Josefstädter Straße","lon":16.3388,"lat":48.21137},{"name":"Albertgasse","lon":16.34341,"lat":48.21065},{"name":"Florianigasse","lon":16.34505,"lat":48.21233},{"name":"Laudongasse","lon":16.3499,"lat":48.21325},{"name":"Lange Gasse","lon":16.35106,"lat":48.21456},{"name":"Lazarettgasse","lon":16.35162,"lat":48.21859},{"name":"Spitalgasse","lon":16.35314,"lat":48.22196},{"name":"Alserbachstraße","lon":16.35534,"lat":48.22482},{"name":"Franz-Josefs-Bahnhof","lon":16.36123,"lat":48.22549},{"name":"Friedensbrücke","lon":16.36536,"lat":48.22716},{"name":"Klosterneuburger Straße/Wallensteinstraße","lon":16.36803,"lat":48.22841},{"name":"Wallensteinplatz","lon":16.37074,"lat":48.22969},{"name":"Brigittaplatz","lon":16.37048,"lat":48.23252},{"name":"Jägerstraße","lon":16.37031,"lat":48.23535},{"name":"Höchstädtplatz","lon":16.37641,"lat":48.23899},{"name":"Dresdner Straße","lon":16.3792,"lat":48.2372},{"name":"Traisengasse","lon":16.38316,"lat":48.23369},{"name":"Innstraße","lon":16.38648,"lat":48.23073},{"name":"Rebhanngasse","lon":16.38826,"lat":48.22833},{"name":"Bruno-Marek-Allee","lon":16.39294,"lat":48.22867},{"name":"Bruno-Marek-Allee","lon":16.39172,"lat":48.22867}],"lengthKm":7.5},"geometry":{"type":"LineString","coordinates":[[16.33952,48.21172],[16.33954,48.21184],[16.33952,48.21189],[16.33948,48.21193],[16.33943,48.21198],[16.33927,48.21203],[16.33917,48.21204],[16.33909,48.21203],[16.33902,48.21201],[16.33897,48.21198],[16.33891,48.21189],[16.33887,48.21179],[16.33884,48.21157],[16.33885,48.21137],[16.33885,48.21074],[16.33886,48.21069],[16.33892,48.21064],[16.33899,48.21061],[16.33906,48.21058],[16.33914,48.21059],[16.33924,48.21062],[16.3393,48.21067],[16.33934,48.21074],[16.33938,48.21094],[16.33944,48.21101],[16.33954,48.21105],[16.3397,48.21109],[16.34053,48.211],[16.34068,48.21098],[16.34343,48.21069],[16.34368,48.21067],[16.34371,48.21067],[16.3438,48.21067],[16.3439,48.21071],[16.34396,48.21075],[16.34399,48.21079],[16.344,48.21085],[16.344,48.21092],[16.34395,48.21103],[16.34394,48.21113],[16.34394,48.21169],[16.34395,48.21178],[16.34397,48.21182],[16.344,48.21186],[16.34405,48.2119],[16.34417,48.21196],[16.34432,48.21203],[16.34501,48.21236],[16.34509,48.2124],[16.34537,48.21252],[16.3455,48.21261],[16.34561,48.2127],[16.34583,48.21297],[16.34589,48.21304],[16.34594,48.21307],[16.346,48.2131],[16.34607,48.21313],[16.34614,48.21314],[16.34622,48.21315],[16.34728,48.21318],[16.34845,48.21323],[16.3499,48.21331],[16.35081,48.21335],[16.35089,48.21336],[16.35094,48.21339],[16.35099,48.21342],[16.35103,48.21346],[16.35104,48.21351],[16.35104,48.21369],[16.35099,48.21456],[16.35097,48.21494],[16.35101,48.21519],[16.35111,48.21583],[16.3513,48.21718],[16.35137,48.21762],[16.35148,48.21838],[16.3515,48.21849],[16.35155,48.2186],[16.35164,48.21881],[16.35175,48.219],[16.35188,48.21927],[16.3524,48.2205],[16.35307,48.22198],[16.35309,48.22202],[16.35319,48.22218],[16.3533,48.22231],[16.35336,48.22239],[16.35344,48.22257],[16.35355,48.22286],[16.35373,48.22335],[16.35388,48.22377],[16.35403,48.22423],[16.3541,48.22444],[16.35415,48.22453],[16.35422,48.2246],[16.35432,48.22466],[16.35444,48.22469],[16.35532,48.22486],[16.35564,48.22492],[16.35577,48.22494],[16.35592,48.22496],[16.35611,48.22497],[16.35633,48.22498],[16.35659,48.22496],[16.35718,48.2249],[16.35745,48.2249],[16.35842,48.22494],[16.35862,48.22496],[16.35952,48.22512],[16.35968,48.22515],[16.36019,48.22526],[16.36079,48.22541],[16.36092,48.22545],[16.3612,48.22554],[16.36162,48.22568],[16.36186,48.22577],[16.36233,48.22594],[16.36259,48.22604],[16.3632,48.22629],[16.36451,48.22686],[16.36474,48.22694],[16.36505,48.22706],[16.36533,48.22719],[16.36612,48.22758],[16.36641,48.22775],[16.36796,48.22848],[16.36969,48.22931],[16.37036,48.22963],[16.37066,48.22977],[16.37086,48.22987],[16.37092,48.22992],[16.37095,48.22996],[16.37099,48.23004],[16.37059,48.23155],[16.37035,48.2325],[16.37025,48.23288],[16.37017,48.23392],[16.37019,48.23513],[16.37023,48.23536],[16.37037,48.23602],[16.37041,48.23618],[16.37044,48.23623],[16.37048,48.23627],[16.37057,48.23631],[16.37072,48.23636],[16.37104,48.23658],[16.37288,48.23742],[16.37454,48.23816],[16.37574,48.23873],[16.37638,48.23902],[16.37673,48.23919],[16.37692,48.23921],[16.37704,48.23918],[16.37715,48.23908],[16.37775,48.23856],[16.37874,48.23769],[16.37926,48.23723],[16.37932,48.23718],[16.37953,48.23697],[16.37995,48.23662],[16.38052,48.2361],[16.38137,48.23536],[16.38185,48.23493],[16.38261,48.23426],[16.38321,48.23372],[16.38436,48.2327],[16.38532,48.23185],[16.38655,48.23076],[16.3878,48.22965],[16.38797,48.2295],[16.38803,48.22943],[16.38806,48.2294],[16.38808,48.22936],[16.38812,48.2293],[16.38814,48.22925],[16.38816,48.22914],[16.3883,48.22852],[16.38834,48.22834],[16.38837,48.22821],[16.38839,48.22812],[16.38844,48.22795],[16.38849,48.2279],[16.38854,48.22788],[16.3886,48.22788],[16.39038,48.22802],[16.39176,48.22815],[16.39189,48.22817],[16.392,48.2282],[16.39292,48.22869],[16.3932,48.22883],[16.39326,48.22889],[16.39329,48.22894],[16.3933,48.22901],[16.39328,48.22907],[16.39322,48.22915],[16.39304,48.22929],[16.39286,48.22944],[16.39278,48.22949],[16.39271,48.22952],[16.39263,48.22953],[16.39255,48.22953],[16.39247,48.22951],[16.3924,48.22948],[16.39234,48.22945],[16.39177,48.22915],[16.39171,48.22911],[16.39167,48.22906],[16.39164,48.22901],[16.39165,48.22893],[16.39169,48.22884],[16.39174,48.22868]]}},{"type":"Feature","properties":{"lineId":"18","name":"18","longName":"Burggasse-Stadthalle - St. Marx","mode":"tram","color":"#C00808","stops":[{"name":"St. Marx","lon":16.39941,"lat":48.18835},{"name":"St. Marx","lon":16.40014,"lat":48.18849},{"name":"Wildgansplatz","lon":16.39657,"lat":48.1861},{"name":"Heinrich-Drimmel-Platz","lon":16.39151,"lat":48.18794},{"name":"Fasangasse","lon":16.38551,"lat":48.18828},{"name":"Quartier Belvedere","lon":16.37986,"lat":48.18775},{"name":"Hauptbahnhof","lon":16.37388,"lat":48.18599},{"name":"Blechturmgasse","lon":16.36852,"lat":48.18434},{"name":"Kliebergasse","lon":16.36462,"lat":48.18297},{"name":"Matzleinsdorfer Platz","lon":16.35945,"lat":48.18092},{"name":"Eichenstraße","lon":16.34967,"lat":48.18053},{"name":"Arbeitergasse/Gürtel","lon":16.34572,"lat":48.18446},{"name":"Margaretengürtel","lon":16.34225,"lat":48.18828},{"name":"Gumpendorfer Straße","lon":16.33797,"lat":48.19021},{"name":"Mariahilfer Gürtel","lon":16.33894,"lat":48.19321},{"name":"Westbahnhof","lon":16.33917,"lat":48.19655},{"name":"Westbahnhof/Gerstnerstraße","lon":16.33822,"lat":48.19549},{"name":"Staglgasse","lon":16.33567,"lat":48.19448},{"name":"Geibelgasse","lon":16.33198,"lat":48.1918},{"name":"Rustengasse","lon":16.32786,"lat":48.1914},{"name":"Rudolfsheim, Anschützgasse","lon":16.32331,"lat":48.19045},{"name":"Winckelmannstraße","lon":16.3209,"lat":48.19013}],"lengthKm":8.6},"geometry":{"type":"LineString","coordinates":[[16.39933,48.18838],[16.39938,48.18844],[16.39944,48.18855],[16.39949,48.18861],[16.39961,48.18868],[16.39967,48.18871],[16.39975,48.18872],[16.39979,48.18872],[16.39984,48.18872],[16.39988,48.18871],[16.39995,48.18869],[16.40004,48.18866],[16.4002,48.18852],[16.40048,48.18828],[16.40072,48.18807],[16.40162,48.18729],[16.40168,48.18718],[16.40169,48.18711],[16.40168,48.18708],[16.40167,48.18705],[16.40165,48.18702],[16.40163,48.187],[16.40159,48.18697],[16.40102,48.18674],[16.40094,48.18672],[16.40085,48.18673],[16.40076,48.18675],[16.40069,48.18681],[16.40034,48.18714],[16.40008,48.18734],[16.39985,48.1875],[16.39924,48.18785],[16.39915,48.18791],[16.39911,48.18798],[16.39912,48.18804],[16.39915,48.18816],[16.39909,48.18808],[16.399,48.18799],[16.39883,48.18784],[16.39861,48.18767],[16.39833,48.18744],[16.39799,48.18718],[16.39678,48.18622],[16.3966,48.18608],[16.39638,48.18591],[16.39627,48.18586],[16.3962,48.18584],[16.39609,48.18584],[16.39599,48.18585],[16.39588,48.18588],[16.39579,48.18593],[16.39539,48.18625],[16.39513,48.18645],[16.3949,48.18662],[16.39454,48.18684],[16.39413,48.18706],[16.39378,48.18724],[16.39354,48.18736],[16.39317,48.1875],[16.39293,48.18759],[16.39271,48.18765],[16.39235,48.18774],[16.39201,48.18782],[16.39149,48.1879],[16.39134,48.18792],[16.39103,48.18795],[16.38993,48.18803],[16.38864,48.1881],[16.38805,48.18813],[16.38551,48.18826],[16.38478,48.18829],[16.38427,48.18832],[16.38215,48.1883],[16.38179,48.18829],[16.38168,48.18828],[16.38154,48.18824],[16.38142,48.1882],[16.38124,48.18813],[16.38079,48.18793],[16.38066,48.18788],[16.3799,48.18769],[16.37924,48.18753],[16.37772,48.18705],[16.37668,48.18679],[16.37436,48.18608],[16.37391,48.18596],[16.37325,48.18579],[16.37255,48.18559],[16.37079,48.18501],[16.36948,48.18457],[16.36857,48.18427],[16.36747,48.18389],[16.3667,48.18362],[16.36468,48.18288],[16.36432,48.18275],[16.36332,48.18238],[16.35993,48.18106],[16.35966,48.18096],[16.35947,48.1809],[16.35922,48.18083],[16.35652,48.18006],[16.35612,48.18001],[16.3558,48.17999],[16.3554,48.17998],[16.35502,48.18001],[16.35265,48.18016],[16.35197,48.1802],[16.35122,48.18026],[16.35072,48.18031],[16.35042,48.18034],[16.34973,48.18043],[16.34962,48.18048],[16.34922,48.18065],[16.34907,48.18073],[16.34897,48.1808],[16.34888,48.18086],[16.34874,48.18099],[16.34851,48.18123],[16.34837,48.18139],[16.34826,48.18151],[16.34809,48.18172],[16.34802,48.18181],[16.34677,48.18325],[16.34625,48.18385],[16.34611,48.184],[16.3459,48.1842],[16.34569,48.18444],[16.34549,48.18467],[16.34535,48.18484],[16.34518,48.18509],[16.34406,48.18637],[16.34337,48.18717],[16.3431,48.18755],[16.3427,48.18803],[16.34259,48.18812],[16.34249,48.18817],[16.34239,48.18821],[16.34224,48.18825],[16.3417,48.1884],[16.34142,48.18847],[16.34125,48.18851],[16.3411,48.18853],[16.34095,48.18853],[16.34062,48.18852],[16.33966,48.18846],[16.33943,48.18846],[16.33933,48.18847],[16.33923,48.18849],[16.33911,48.18853],[16.33902,48.18857],[16.33892,48.18864],[16.33886,48.1887],[16.33879,48.18879],[16.33862,48.18909],[16.33842,48.18944],[16.33814,48.18987],[16.33799,48.1901],[16.33793,48.19017],[16.33792,48.1902],[16.3379,48.19023],[16.33787,48.19032],[16.33786,48.19046],[16.33786,48.19072],[16.33787,48.19104],[16.33788,48.19132],[16.3379,48.19144],[16.33794,48.19155],[16.33799,48.19165],[16.33816,48.19194],[16.33857,48.19267],[16.3388,48.19304],[16.3389,48.19322],[16.33931,48.19397],[16.33958,48.19445],[16.33964,48.19459],[16.33967,48.1947],[16.33966,48.19479],[16.33964,48.19486],[16.33961,48.19495],[16.33955,48.19504],[16.33944,48.19517],[16.33938,48.19529],[16.33924,48.19581],[16.33925,48.19588],[16.33927,48.19592],[16.3393,48.19595],[16.33933,48.19598],[16.33938,48.19599],[16.33953,48.19607],[16.33957,48.1961],[16.3396,48.19615],[16.33961,48.19618],[16.33956,48.19639],[16.33949,48.19645],[16.33939,48.19651],[16.33929,48.19653],[16.33921,48.19653],[16.33918,48.19652],[16.33913,48.19651],[16.33906,48.19648],[16.33901,48.19643],[16.33898,48.19637],[16.33897,48.19632],[16.33907,48.19605],[16.33907,48.19594],[16.33898,48.19585],[16.33882,48.19572],[16.3387,48.19564],[16.3386,48.19559],[16.33824,48.19547],[16.33758,48.19525],[16.33741,48.19517],[16.33716,48.19505],[16.33701,48.19499],[16.33677,48.1949],[16.33631,48.19474],[16.33604,48.19463],[16.33573,48.19448],[16.3357,48.19446],[16.33548,48.19433],[16.33537,48.19428],[16.33493,48.19403],[16.33454,48.19376],[16.33416,48.19347],[16.33386,48.19322],[16.33347,48.19285],[16.33323,48.19262],[16.33304,48.19245],[16.33276,48.19217],[16.33255,48.192],[16.33244,48.19193],[16.3323,48.19187],[16.3321,48.19181],[16.332,48.19178],[16.33189,48.19175],[16.33161,48.19169],[16.33138,48.19165],[16.33083,48.19158],[16.32875,48.19144],[16.32786,48.19138],[16.32772,48.19137],[16.32739,48.19136],[16.32719,48.19134],[16.32697,48.1913],[16.32614,48.1911],[16.32398,48.19057],[16.32332,48.19043],[16.32313,48.19039],[16.32283,48.19032],[16.3225,48.19024],[16.32213,48.19019],[16.32091,48.1901]]}},{"type":"Feature","properties":{"lineId":"25","name":"25","longName":"Aspern, Oberdorfstraße - Floridsdorf","mode":"tram","color":"#C00808","stops":[{"name":"Aspern, Oberdorfstraße","lon":16.48035,"lat":48.21749},{"name":"Trondheimgasse","lon":16.47758,"lat":48.21786},{"name":"Kapellenweg","lon":16.47069,"lat":48.21878},{"name":"Donauspital","lon":16.46546,"lat":48.21944},{"name":"Hardeggasse","lon":16.45909,"lat":48.22147},{"name":"Langobardenstraße","lon":16.45515,"lat":48.22429},{"name":"Konstanziagasse","lon":16.45756,"lat":48.22768},{"name":"Erzherzog-Karl-Straße","lon":16.45307,"lat":48.22969},{"name":"Polgarstraße","lon":16.45008,"lat":48.23112},{"name":"Donaustadtstraße","lon":16.44404,"lat":48.23362},{"name":"Arminenstraße","lon":16.43716,"lat":48.23649},{"name":"Kagraner Brücke","lon":16.43074,"lat":48.23915},{"name":"Siebeckstraße","lon":16.43395,"lat":48.24139},{"name":"Kagran","lon":16.43376,"lat":48.2439},{"name":"Prandaugasse","lon":16.43015,"lat":48.24689},{"name":"Josef-Baumann-Gasse","lon":16.43027,"lat":48.2509},{"name":"Carminweg","lon":16.42136,"lat":48.25318},{"name":"Fultonstraße","lon":16.41457,"lat":48.25329},{"name":"Hoßplatz","lon":16.40729,"lat":48.2551},{"name":"Floridsdorf","lon":16.40069,"lat":48.25732},{"name":"Floridsdorf","lon":16.3992,"lat":48.25695},{"name":"Floridsdorf","lon":16.39901,"lat":48.25551}],"lengthKm":9.5},"geometry":{"type":"LineString","coordinates":[[16.48035,48.21746],[16.47758,48.21783],[16.47068,48.21875],[16.46875,48.21901],[16.4673,48.2192],[16.46663,48.2193],[16.46634,48.21933],[16.4661,48.21934],[16.46573,48.21938],[16.46545,48.21942],[16.46488,48.2195],[16.46455,48.21958],[16.46417,48.21966],[16.46396,48.21968],[16.46379,48.21971],[16.46366,48.21975],[16.46354,48.21978],[16.46348,48.21981],[16.46341,48.21982],[16.46318,48.21997],[16.46287,48.2201],[16.46252,48.22023],[16.46223,48.22033],[16.46186,48.22043],[16.46066,48.22071],[16.46023,48.22084],[16.45981,48.22101],[16.45959,48.22112],[16.45943,48.22121],[16.4591,48.22143],[16.45906,48.22145],[16.45607,48.22357],[16.45511,48.22427],[16.45498,48.22437],[16.45485,48.22447],[16.45483,48.22452],[16.45483,48.22456],[16.45485,48.22462],[16.45495,48.22473],[16.45524,48.22505],[16.45582,48.22571],[16.45621,48.22614],[16.4571,48.22713],[16.45722,48.22729],[16.45734,48.22749],[16.45752,48.22769],[16.45765,48.22784],[16.45769,48.22791],[16.45771,48.22797],[16.45769,48.22805],[16.45764,48.22811],[16.45752,48.22818],[16.45708,48.22834],[16.45652,48.22853],[16.45612,48.22865],[16.45539,48.22885],[16.45449,48.22915],[16.45384,48.22937],[16.45304,48.22966],[16.45301,48.22967],[16.45237,48.22995],[16.45123,48.23053],[16.45036,48.23095],[16.45005,48.23109],[16.44969,48.23126],[16.44895,48.23158],[16.44789,48.23202],[16.4475,48.23218],[16.4465,48.23258],[16.44621,48.23272],[16.44524,48.23312],[16.44421,48.23352],[16.44402,48.23359],[16.44364,48.23376],[16.44325,48.23395],[16.4424,48.23429],[16.44143,48.2347],[16.43932,48.23557],[16.43884,48.23576],[16.43842,48.23592],[16.43788,48.23614],[16.43756,48.23629],[16.43714,48.23647],[16.43603,48.23693],[16.43505,48.23733],[16.43431,48.23764],[16.43319,48.2381],[16.43233,48.23847],[16.43162,48.23875],[16.43072,48.23913],[16.43053,48.23921],[16.43046,48.23926],[16.43043,48.23931],[16.43041,48.23935],[16.43043,48.2394],[16.43045,48.23946],[16.43054,48.23952],[16.43087,48.2397],[16.43183,48.24022],[16.43372,48.24129],[16.43394,48.2414],[16.43437,48.24163],[16.43446,48.24169],[16.43452,48.24175],[16.43454,48.2418],[16.43453,48.24187],[16.4345,48.24194],[16.43444,48.24199],[16.43407,48.2423],[16.43392,48.24241],[16.43375,48.24251],[16.43364,48.24263],[16.43347,48.24279],[16.43335,48.24288],[16.43331,48.24297],[16.43324,48.24305],[16.43315,48.24311],[16.433,48.24321],[16.43297,48.24325],[16.43296,48.24331],[16.43297,48.24335],[16.43301,48.2434],[16.43309,48.24346],[16.43371,48.24389],[16.43374,48.24391],[16.434,48.24411],[16.43414,48.24423],[16.4342,48.2443],[16.43422,48.24434],[16.43431,48.24449],[16.43433,48.24456],[16.43433,48.24462],[16.43432,48.24469],[16.43429,48.24474],[16.43425,48.2448],[16.4342,48.24484],[16.43405,48.24491],[16.43329,48.24521],[16.43306,48.24532],[16.43104,48.24609],[16.43037,48.24634],[16.43028,48.24639],[16.43023,48.24644],[16.4302,48.24651],[16.43017,48.24664],[16.43013,48.24688],[16.42999,48.24759],[16.42996,48.24776],[16.43001,48.24826],[16.43003,48.24861],[16.43023,48.25091],[16.43025,48.25114],[16.43022,48.25122],[16.43019,48.25125],[16.43015,48.25129],[16.43005,48.25134],[16.42831,48.25185],[16.42734,48.25217],[16.42706,48.25225],[16.42654,48.25234],[16.42331,48.25286],[16.42287,48.25293],[16.42255,48.25298],[16.42228,48.25302],[16.42181,48.2531],[16.42139,48.25315],[16.42136,48.25316],[16.421,48.25318],[16.42031,48.25319],[16.4167,48.25321],[16.41457,48.25324],[16.4142,48.25324],[16.41387,48.25327],[16.41357,48.25334],[16.41096,48.25413],[16.40996,48.25444],[16.40955,48.25456],[16.40904,48.25472],[16.40878,48.2548],[16.40844,48.2549],[16.40829,48.25494],[16.4081,48.25498],[16.40727,48.25507],[16.40697,48.2551],[16.4065,48.25516],[16.40616,48.2552],[16.40602,48.25522],[16.40588,48.25525],[16.40579,48.25527],[16.4053,48.25542],[16.40477,48.25558],[16.40378,48.2559],[16.40315,48.25618],[16.40195,48.25671],[16.4014,48.25696],[16.40078,48.25725],[16.40067,48.2573],[16.4003,48.25746],[16.40018,48.25752],[16.40002,48.25756],[16.39988,48.25756],[16.39981,48.25755],[16.39972,48.25752],[16.3996,48.25743],[16.39953,48.25732],[16.39925,48.25694],[16.39899,48.25659],[16.39892,48.25651],[16.39885,48.25646],[16.39855,48.25626],[16.39845,48.25619],[16.3984,48.25614],[16.39819,48.2559],[16.3978,48.25547],[16.39779,48.25544],[16.39779,48.2554],[16.39778,48.25536],[16.39781,48.25531],[16.39784,48.25527],[16.39792,48.25523],[16.39836,48.25504],[16.39846,48.25502],[16.39853,48.25501],[16.39861,48.25502],[16.39867,48.25504],[16.39874,48.25507],[16.39877,48.25511],[16.3988,48.25515],[16.3989,48.25537],[16.39898,48.25552]]}},{"type":"Feature","properties":{"lineId":"26","name":"26","longName":"Hausfeldtstraße - Strebersdorf","mode":"tram","color":"#C00808","stops":[{"name":"Hausfeldstraße","lon":16.48625,"lat":48.2333},{"name":"Hausfeldstraße","lon":16.48736,"lat":48.23388},{"name":"Am Heidjöchl","lon":16.48782,"lat":48.23717},{"name":"Zanggasse","lon":16.48425,"lat":48.23925},{"name":"Prinzgasse","lon":16.48207,"lat":48.24004},{"name":"Ziegelhofstraße","lon":16.47813,"lat":48.23995},{"name":"Spargelfeldstraße","lon":16.47377,"lat":48.24109},{"name":"Oberfeldgasse","lon":16.46901,"lat":48.24289},{"name":"Gewerbepark Stadlau","lon":16.46216,"lat":48.24562},{"name":"Forstnergasse","lon":16.45432,"lat":48.24746},{"name":"Kraygasse","lon":16.44984,"lat":48.2485},{"name":"Kagraner Platz","lon":16.4427,"lat":48.25013},{"name":"Saikogasse","lon":16.43578,"lat":48.25073},{"name":"Josef-Baumann-Gasse","lon":16.43086,"lat":48.25129},{"name":"Carminweg","lon":16.42136,"lat":48.25318},{"name":"Fultonstraße","lon":16.41457,"lat":48.25329},{"name":"Hoßplatz","lon":16.40729,"lat":48.2551},{"name":"Floridsdorf","lon":16.40069,"lat":48.25732},{"name":"Am Spitz","lon":16.39709,"lat":48.25832},{"name":"Nordbrücke","lon":16.39529,"lat":48.26143},{"name":"Koloniestraße","lon":16.39344,"lat":48.26569},{"name":"Hopfengasse","lon":16.3919,"lat":48.26905},{"name":"Winkeläckerstraße","lon":16.38989,"lat":48.27348},{"name":"Autokaderstraße","lon":16.38818,"lat":48.27724},{"name":"Rußbergstraße","lon":16.38356,"lat":48.28763},{"name":"Strebersdorf Meriangasse","lon":16.38641,"lat":48.29105},{"name":"Strebersdorf Meriangasse","lon":16.3873,"lat":48.29163},{"name":"Strebersdorf Meriangasse","lon":16.3866,"lat":48.29145}],"lengthKm":12.2},"geometry":{"type":"LineString","coordinates":[[16.48625,48.23326],[16.4859,48.23323],[16.48581,48.23321],[16.48574,48.23318],[16.48568,48.23314],[16.48563,48.23309],[16.48561,48.23304],[16.48564,48.23292],[16.48569,48.23287],[16.48577,48.23283],[16.48583,48.23282],[16.48588,48.23281],[16.48595,48.23281],[16.486,48.23281],[16.48607,48.23283],[16.4862,48.23289],[16.48649,48.23304],[16.48683,48.23322],[16.48694,48.23327],[16.48703,48.23332],[16.48709,48.23338],[16.48717,48.23362],[16.48729,48.23389],[16.48752,48.2344],[16.48811,48.23547],[16.48825,48.23575],[16.48852,48.23635],[16.48856,48.23648],[16.48855,48.2366],[16.4885,48.23671],[16.4884,48.23683],[16.48826,48.23694],[16.48779,48.23712],[16.48544,48.23798],[16.48488,48.23819],[16.48478,48.23823],[16.48471,48.23828],[16.48463,48.23836],[16.48438,48.23888],[16.48416,48.23924],[16.48363,48.24013],[16.48358,48.24018],[16.48344,48.24025],[16.48335,48.24028],[16.4832,48.24028],[16.48211,48.23998],[16.48172,48.23988],[16.48148,48.23986],[16.48125,48.23989],[16.48108,48.23996],[16.48082,48.24013],[16.48059,48.24025],[16.4795,48.24067],[16.47934,48.2407],[16.47923,48.2407],[16.47914,48.2407],[16.47901,48.24067],[16.4789,48.24063],[16.4788,48.24057],[16.47818,48.23993],[16.47804,48.23978],[16.47795,48.23972],[16.47783,48.23966],[16.47773,48.23964],[16.4776,48.23964],[16.47375,48.24107],[16.46897,48.24284],[16.46887,48.24288],[16.46738,48.24359],[16.46561,48.24448],[16.46554,48.24454],[16.46472,48.24492],[16.46427,48.24508],[16.46303,48.24547],[16.46265,48.24557],[16.46219,48.24568],[16.46177,48.24578],[16.46055,48.24604],[16.46024,48.2461],[16.45973,48.24615],[16.45912,48.24618],[16.45858,48.24623],[16.45799,48.24629],[16.45737,48.24638],[16.45701,48.24646],[16.45668,48.24654],[16.45628,48.24666],[16.45529,48.24701],[16.45487,48.24716],[16.45428,48.24744],[16.4537,48.24773],[16.4534,48.24789],[16.45318,48.24801],[16.45294,48.24809],[16.45213,48.2483],[16.45196,48.24834],[16.45163,48.24838],[16.45143,48.24839],[16.45051,48.24842],[16.45012,48.24845],[16.44984,48.24849],[16.44972,48.2485],[16.44937,48.24857],[16.44918,48.24862],[16.44865,48.24875],[16.44678,48.24922],[16.44596,48.24941],[16.4454,48.24954],[16.44363,48.24996],[16.44329,48.25007],[16.44315,48.25009],[16.44304,48.2501],[16.44287,48.2501],[16.44271,48.25011],[16.44146,48.25013],[16.44038,48.25022],[16.43693,48.25058],[16.43577,48.2507],[16.43439,48.25083],[16.43306,48.25098],[16.43218,48.25106],[16.43119,48.25118],[16.43083,48.25122],[16.43055,48.25125],[16.43026,48.25129],[16.43005,48.25134],[16.42831,48.25185],[16.42734,48.25217],[16.42706,48.25225],[16.42654,48.25234],[16.42331,48.25286],[16.42287,48.25293],[16.42255,48.25298],[16.42228,48.25302],[16.42181,48.2531],[16.42139,48.25315],[16.42136,48.25316],[16.421,48.25318],[16.42031,48.25319],[16.4167,48.25321],[16.41457,48.25324],[16.4142,48.25324],[16.41387,48.25327],[16.41357,48.25334],[16.41096,48.25413],[16.40996,48.25444],[16.40955,48.25456],[16.40904,48.25472],[16.40878,48.2548],[16.40844,48.2549],[16.40829,48.25494],[16.4081,48.25498],[16.40727,48.25507],[16.40697,48.2551],[16.4065,48.25516],[16.40616,48.2552],[16.40602,48.25522],[16.40588,48.25525],[16.40579,48.25527],[16.4053,48.25542],[16.40477,48.25558],[16.40378,48.2559],[16.40315,48.25618],[16.40195,48.25671],[16.4014,48.25696],[16.40078,48.25725],[16.40067,48.2573],[16.4003,48.25746],[16.40018,48.25752],[16.40003,48.25759],[16.39986,48.25767],[16.39974,48.25775],[16.39962,48.25782],[16.39943,48.2579],[16.39938,48.25791],[16.39927,48.25794],[16.39905,48.25804],[16.39858,48.25825],[16.39842,48.25832],[16.39831,48.25833],[16.39819,48.25833],[16.39789,48.25827],[16.3978,48.25826],[16.39772,48.25827],[16.39758,48.25829],[16.39745,48.2583],[16.39733,48.2583],[16.3971,48.25829],[16.39692,48.25827],[16.39683,48.25828],[16.39677,48.2583],[16.39672,48.25831],[16.39668,48.25834],[16.39666,48.25836],[16.39662,48.25842],[16.39631,48.25911],[16.396,48.25981],[16.39582,48.2602],[16.39539,48.26116],[16.39526,48.26143],[16.39506,48.26185],[16.39476,48.26253],[16.39474,48.26266],[16.39458,48.26304],[16.39444,48.26339],[16.39432,48.26367],[16.39409,48.26418],[16.39383,48.26474],[16.39341,48.26568],[16.39303,48.26652],[16.39287,48.26683],[16.39231,48.26809],[16.39217,48.26843],[16.39205,48.26868],[16.39187,48.26903],[16.39177,48.26923],[16.39137,48.27009],[16.38985,48.27347],[16.38876,48.27589],[16.38815,48.27724],[16.38807,48.27741],[16.3879,48.27778],[16.38738,48.27894],[16.38722,48.27929],[16.38703,48.27969],[16.38665,48.28054],[16.38633,48.28128],[16.38505,48.28419],[16.38468,48.28495],[16.38448,48.28531],[16.38413,48.28593],[16.38385,48.28638],[16.38358,48.28681],[16.38328,48.28723],[16.38326,48.28728],[16.38325,48.28732],[16.38326,48.28736],[16.38328,48.2874],[16.38335,48.28747],[16.38355,48.28765],[16.38356,48.28766],[16.38417,48.28841],[16.38636,48.29103],[16.38638,48.29105],[16.3865,48.29116],[16.38662,48.29122],[16.38672,48.29124],[16.38682,48.29122],[16.38698,48.29116],[16.38715,48.2911],[16.38727,48.29108],[16.38737,48.2911],[16.38744,48.29112],[16.38753,48.29116],[16.38761,48.29124],[16.38763,48.29133],[16.38762,48.29138],[16.38759,48.29145],[16.38752,48.29151],[16.38732,48.2916],[16.38728,48.29161],[16.38714,48.29166],[16.38705,48.29167],[16.38698,48.29166],[16.38682,48.2916],[16.38668,48.29143]]}},{"type":"Feature","properties":{"lineId":"27","name":"27","longName":"Aspern Nord - Strebersdorf,Edmund-Hawranek-Platz","mode":"tram","color":"#C00808","stops":[{"name":"Aspern Nord","lon":16.5053,"lat":48.2338},{"name":"Aspern Nord, Mayrederbrücke","lon":16.50338,"lat":48.23489},{"name":"Schukowitzgasse","lon":16.4978,"lat":48.23707},{"name":"Stemolakgasse","lon":16.49338,"lat":48.23872},{"name":"Scheedgasse","lon":16.48908,"lat":48.24018},{"name":"Berresgasse","lon":16.4861,"lat":48.24114},{"name":"Prinzgasse","lon":16.48207,"lat":48.24004},{"name":"Ziegelhofstraße","lon":16.47813,"lat":48.23995},{"name":"Spargelfeldstraße","lon":16.47377,"lat":48.24109},{"name":"Oberfeldgasse","lon":16.46901,"lat":48.24289},{"name":"Gewerbepark Stadlau","lon":16.46216,"lat":48.24562},{"name":"Forstnergasse","lon":16.45432,"lat":48.24746},{"name":"Kraygasse","lon":16.44984,"lat":48.2485},{"name":"Kagraner Platz","lon":16.4427,"lat":48.25013},{"name":"Saikogasse","lon":16.43578,"lat":48.25073},{"name":"Josef-Baumann-Gasse","lon":16.43086,"lat":48.25129},{"name":"Carminweg","lon":16.42136,"lat":48.25318},{"name":"Fultonstraße","lon":16.41457,"lat":48.25329},{"name":"Hoßplatz","lon":16.40729,"lat":48.2551},{"name":"Floridsdorf","lon":16.40069,"lat":48.25732},{"name":"Am Spitz","lon":16.39709,"lat":48.25832},{"name":"Nordbrücke","lon":16.39529,"lat":48.26143},{"name":"Koloniestraße","lon":16.39344,"lat":48.26569},{"name":"Hopfengasse","lon":16.3919,"lat":48.26905},{"name":"Winkeläckerstraße","lon":16.38989,"lat":48.27348},{"name":"Autokaderstraße","lon":16.38818,"lat":48.27724},{"name":"Rußbergstraße","lon":16.38356,"lat":48.28763},{"name":"Strebersdorf Meriangasse","lon":16.38641,"lat":48.29105},{"name":"Strebersdorf Meriangasse","lon":16.3873,"lat":48.29163},{"name":"Strebersdorf Meriangasse","lon":16.3866,"lat":48.29145}],"lengthKm":13.1},"geometry":{"type":"LineString","coordinates":[[16.50533,48.23378],[16.50505,48.23369],[16.50468,48.23346],[16.50447,48.23342],[16.50429,48.2334],[16.50394,48.23345],[16.50362,48.23385],[16.50346,48.23415],[16.50337,48.23488],[16.50333,48.23519],[16.50325,48.23547],[16.503,48.23579],[16.5028,48.23601],[16.5026,48.23616],[16.50246,48.23623],[16.50225,48.23631],[16.502,48.23637],[16.5011,48.23651],[16.49781,48.23707],[16.49729,48.23716],[16.49704,48.23724],[16.49335,48.23869],[16.4922,48.23914],[16.49096,48.23961],[16.48989,48.23994],[16.48977,48.23999],[16.48907,48.24014],[16.48842,48.24029],[16.48817,48.24038],[16.48607,48.24111],[16.48548,48.24132],[16.48537,48.24131],[16.48525,48.24125],[16.4847,48.24071],[16.48457,48.24064],[16.48387,48.24044],[16.48343,48.24026],[16.48335,48.24028],[16.4832,48.24028],[16.48211,48.23998],[16.48172,48.23988],[16.48148,48.23986],[16.48125,48.23989],[16.48108,48.23996],[16.48082,48.24013],[16.48059,48.24025],[16.4795,48.24067],[16.47934,48.2407],[16.47923,48.2407],[16.47914,48.2407],[16.47901,48.24067],[16.4789,48.24063],[16.4788,48.24057],[16.47818,48.23993],[16.47804,48.23978],[16.47795,48.23972],[16.47783,48.23966],[16.47773,48.23964],[16.4776,48.23964],[16.47375,48.24107],[16.46897,48.24284],[16.46887,48.24288],[16.46738,48.24359],[16.46561,48.24448],[16.46554,48.24454],[16.46472,48.24492],[16.46427,48.24508],[16.46303,48.24547],[16.46265,48.24557],[16.46219,48.24568],[16.46177,48.24578],[16.46055,48.24604],[16.46024,48.2461],[16.45973,48.24615],[16.45912,48.24618],[16.45858,48.24623],[16.45799,48.24629],[16.45737,48.24638],[16.45701,48.24646],[16.45668,48.24654],[16.45628,48.24666],[16.45529,48.24701],[16.45487,48.24716],[16.45428,48.24744],[16.4537,48.24773],[16.4534,48.24789],[16.45318,48.24801],[16.45294,48.24809],[16.45213,48.2483],[16.45196,48.24834],[16.45163,48.24838],[16.45143,48.24839],[16.45051,48.24842],[16.45012,48.24845],[16.44984,48.24849],[16.44972,48.2485],[16.44937,48.24857],[16.44918,48.24862],[16.44865,48.24875],[16.44678,48.24922],[16.44596,48.24941],[16.4454,48.24954],[16.44363,48.24996],[16.44329,48.25007],[16.44315,48.25009],[16.44304,48.2501],[16.44287,48.2501],[16.44271,48.25011],[16.44146,48.25013],[16.44038,48.25022],[16.43693,48.25058],[16.43577,48.2507],[16.43439,48.25083],[16.43306,48.25098],[16.43218,48.25106],[16.43119,48.25118],[16.43083,48.25122],[16.43055,48.25125],[16.43026,48.25129],[16.43005,48.25134],[16.42831,48.25185],[16.42734,48.25217],[16.42706,48.25225],[16.42654,48.25234],[16.42331,48.25286],[16.42287,48.25293],[16.42255,48.25298],[16.42228,48.25302],[16.42181,48.2531],[16.42139,48.25315],[16.42136,48.25316],[16.421,48.25318],[16.42031,48.25319],[16.4167,48.25321],[16.41457,48.25324],[16.4142,48.25324],[16.41387,48.25327],[16.41357,48.25334],[16.41096,48.25413],[16.40996,48.25444],[16.40955,48.25456],[16.40904,48.25472],[16.40878,48.2548],[16.40844,48.2549],[16.40829,48.25494],[16.4081,48.25498],[16.40727,48.25507],[16.40697,48.2551],[16.4065,48.25516],[16.40616,48.2552],[16.40602,48.25522],[16.40588,48.25525],[16.40579,48.25527],[16.4053,48.25542],[16.40477,48.25558],[16.40378,48.2559],[16.40315,48.25618],[16.40195,48.25671],[16.4014,48.25696],[16.40078,48.25725],[16.40067,48.2573],[16.4003,48.25746],[16.40018,48.25752],[16.40003,48.25759],[16.39986,48.25767],[16.39974,48.25775],[16.39962,48.25782],[16.39943,48.2579],[16.39938,48.25791],[16.39927,48.25794],[16.39905,48.25804],[16.39858,48.25825],[16.39842,48.25832],[16.39831,48.25833],[16.39819,48.25833],[16.39789,48.25827],[16.3978,48.25826],[16.39772,48.25827],[16.39758,48.25829],[16.39745,48.2583],[16.39733,48.2583],[16.3971,48.25829],[16.39692,48.25827],[16.39683,48.25828],[16.39677,48.2583],[16.39672,48.25831],[16.39668,48.25834],[16.39666,48.25836],[16.39662,48.25842],[16.39631,48.25911],[16.396,48.25981],[16.39582,48.2602],[16.39539,48.26116],[16.39526,48.26143],[16.39506,48.26185],[16.39476,48.26253],[16.39474,48.26266],[16.39458,48.26304],[16.39444,48.26339],[16.39432,48.26367],[16.39409,48.26418],[16.39383,48.26474],[16.39341,48.26568],[16.39303,48.26652],[16.39287,48.26683],[16.39231,48.26809],[16.39217,48.26843],[16.39205,48.26868],[16.39187,48.26903],[16.39177,48.26923],[16.39137,48.27009],[16.38985,48.27347],[16.38876,48.27589],[16.38815,48.27724],[16.38807,48.27741],[16.3879,48.27778],[16.38738,48.27894],[16.38722,48.27929],[16.38703,48.27969],[16.38665,48.28054],[16.38633,48.28128],[16.38505,48.28419],[16.38468,48.28495],[16.38448,48.28531],[16.38413,48.28593],[16.38385,48.28638],[16.38358,48.28681],[16.38328,48.28723],[16.38326,48.28728],[16.38325,48.28732],[16.38326,48.28736],[16.38328,48.2874],[16.38335,48.28747],[16.38355,48.28765],[16.38356,48.28766],[16.38417,48.28841],[16.38636,48.29103],[16.38638,48.29105],[16.3865,48.29116],[16.38662,48.29122],[16.38672,48.29124],[16.38682,48.29122],[16.38698,48.29116],[16.38715,48.2911],[16.38727,48.29108],[16.38737,48.2911],[16.38744,48.29112],[16.38753,48.29116],[16.38761,48.29124],[16.38763,48.29133],[16.38762,48.29138],[16.38759,48.29145],[16.38752,48.29151],[16.38732,48.2916],[16.38728,48.29161],[16.38714,48.29166],[16.38705,48.29167],[16.38698,48.29166],[16.38682,48.2916],[16.38668,48.29143]]}},{"type":"Feature","properties":{"lineId":"30","name":"30","longName":"Floridsdorf - Stammersdorf","mode":"tram","color":"#C00808","stops":[{"name":"Stammersdorf","lon":16.42042,"lat":48.29793},{"name":"Van-Swieten-Kaserne","lon":16.41786,"lat":48.29287},{"name":"Anton-Schall-Gasse","lon":16.41567,"lat":48.28903},{"name":"Empergergasse","lon":16.41424,"lat":48.28652},{"name":"Hanreitergasse","lon":16.41253,"lat":48.28352},{"name":"Carabelligasse","lon":16.41102,"lat":48.28059},{"name":"Großjedlersdorf","lon":16.40876,"lat":48.27687},{"name":"Shuttleworthstraße","lon":16.406,"lat":48.27185},{"name":"Brünner Straße","lon":16.40393,"lat":48.26844},{"name":"Bahnsteggasse","lon":16.40188,"lat":48.26486},{"name":"Floridsdorfer Markt","lon":16.40057,"lat":48.26259},{"name":"Floridsdorf","lon":16.3992,"lat":48.25695},{"name":"Matthäus-Jiszda-Straße","lon":16.39479,"lat":48.25382},{"name":"Hubertusdamm","lon":16.39195,"lat":48.25057},{"name":"Floridsdorfer Brücke","lon":16.38808,"lat":48.24874},{"name":"Friedrich-Engels-Platz","lon":16.37939,"lat":48.24405},{"name":"Höchstädtplatz","lon":16.37711,"lat":48.23973},{"name":"Jägerstraße","lon":16.36974,"lat":48.23625},{"name":"Wexstraße","lon":16.36759,"lat":48.23608}],"lengthKm":8.6},"geometry":{"type":"LineString","coordinates":[[16.4204,48.29794],[16.42049,48.29811],[16.4205,48.29815],[16.42048,48.29821],[16.42045,48.29826],[16.42033,48.29833],[16.41962,48.29839],[16.4195,48.29838],[16.41943,48.29834],[16.41939,48.29831],[16.41908,48.29778],[16.41907,48.29774],[16.41907,48.2977],[16.41909,48.29766],[16.41911,48.29763],[16.41915,48.29759],[16.41921,48.29756],[16.41929,48.29755],[16.41937,48.29754],[16.41977,48.29749],[16.41985,48.29746],[16.41994,48.29742],[16.41999,48.29736],[16.42002,48.29729],[16.42003,48.29724],[16.42001,48.29715],[16.41994,48.29705],[16.41984,48.29688],[16.41972,48.29664],[16.41964,48.29644],[16.41959,48.29624],[16.41952,48.296],[16.41946,48.29584],[16.41922,48.29539],[16.41914,48.29521],[16.41903,48.29491],[16.41899,48.29481],[16.41883,48.29449],[16.41829,48.29357],[16.41816,48.29336],[16.41808,48.29318],[16.41798,48.29299],[16.41791,48.29286],[16.41724,48.2917],[16.41655,48.2905],[16.41614,48.28977],[16.4157,48.28902],[16.41436,48.28667],[16.41427,48.28651],[16.41419,48.28638],[16.41403,48.28613],[16.41293,48.28417],[16.41275,48.28383],[16.41257,48.28351],[16.41215,48.28278],[16.41201,48.28254],[16.41188,48.28233],[16.41179,48.28214],[16.41176,48.28201],[16.41174,48.28182],[16.41168,48.28165],[16.41107,48.28058],[16.41102,48.28049],[16.41078,48.28011],[16.41058,48.27978],[16.41034,48.27934],[16.40985,48.27849],[16.40924,48.2776],[16.40898,48.27714],[16.40881,48.27686],[16.4084,48.27617],[16.40814,48.27567],[16.40776,48.27496],[16.4072,48.2739],[16.40665,48.27293],[16.40641,48.27256],[16.40631,48.27239],[16.40625,48.27221],[16.40605,48.27184],[16.40592,48.27162],[16.40578,48.27146],[16.40562,48.27123],[16.40539,48.27082],[16.40525,48.27053],[16.40466,48.26954],[16.40436,48.26903],[16.40411,48.26863],[16.40398,48.26843],[16.40365,48.26793],[16.40344,48.26758],[16.40317,48.2671],[16.40234,48.26553],[16.40219,48.26527],[16.40197,48.26496],[16.40191,48.26485],[16.40121,48.26366],[16.4009,48.26313],[16.40059,48.26258],[16.40043,48.2623],[16.40025,48.26207],[16.40024,48.26205],[16.40022,48.26194],[16.39978,48.26124],[16.39953,48.26081],[16.39903,48.25995],[16.39832,48.25877],[16.3982,48.25857],[16.39819,48.25849],[16.39821,48.25844],[16.39825,48.25839],[16.39831,48.25834],[16.39847,48.25827],[16.39865,48.25819],[16.39959,48.25775],[16.39963,48.25772],[16.39967,48.25768],[16.39969,48.25765],[16.3997,48.25761],[16.39969,48.25756],[16.39953,48.25732],[16.39925,48.25694],[16.39899,48.25659],[16.39892,48.25651],[16.39885,48.25646],[16.39855,48.25626],[16.39845,48.25619],[16.3984,48.25614],[16.39819,48.2559],[16.39783,48.2555],[16.39752,48.25515],[16.39648,48.25394],[16.39639,48.25385],[16.39631,48.25381],[16.3962,48.25377],[16.3961,48.25376],[16.39592,48.25376],[16.39479,48.25379],[16.39464,48.2538],[16.3945,48.2538],[16.39437,48.25378],[16.39427,48.25376],[16.39421,48.25372],[16.39416,48.25368],[16.39411,48.25361],[16.39408,48.25359],[16.39357,48.25293],[16.39317,48.25237],[16.39281,48.25177],[16.39259,48.25139],[16.39238,48.25104],[16.3922,48.25078],[16.39199,48.25055],[16.39198,48.25054],[16.39186,48.25045],[16.39175,48.25037],[16.39161,48.25028],[16.39128,48.25012],[16.38856,48.2489],[16.38811,48.24871],[16.38755,48.24847],[16.38661,48.24807],[16.38458,48.24716],[16.38246,48.24622],[16.38209,48.24604],[16.38175,48.24585],[16.38143,48.24565],[16.38072,48.24516],[16.38036,48.24491],[16.38011,48.24473],[16.37994,48.24456],[16.37957,48.24417],[16.37943,48.24403],[16.37935,48.24395],[16.37925,48.24383],[16.37917,48.24372],[16.37904,48.24347],[16.37882,48.24296],[16.3781,48.24152],[16.37786,48.24103],[16.37719,48.23971],[16.37702,48.23936],[16.37697,48.2393],[16.37692,48.23925],[16.37685,48.23923],[16.37673,48.23919],[16.37574,48.23873],[16.37454,48.23816],[16.37288,48.23742],[16.37104,48.23658],[16.37072,48.23636],[16.36976,48.23619],[16.36933,48.23612],[16.3686,48.23605],[16.36787,48.236],[16.36759,48.23599]]}},{"type":"Feature","properties":{"lineId":"31","name":"31","longName":"Schottenring - Stammersdorf","mode":"tram","color":"#C00808","stops":[{"name":"Stammersdorf","lon":16.4205,"lat":48.29792},{"name":"Van-Swieten-Kaserne","lon":16.41786,"lat":48.29287},{"name":"Anton-Schall-Gasse","lon":16.41567,"lat":48.28903},{"name":"Empergergasse","lon":16.41424,"lat":48.28652},{"name":"Hanreitergasse","lon":16.41253,"lat":48.28352},{"name":"Carabelligasse","lon":16.41102,"lat":48.28059},{"name":"Großjedlersdorf","lon":16.40876,"lat":48.27687},{"name":"Shuttleworthstraße","lon":16.406,"lat":48.27185},{"name":"Brünner Straße","lon":16.40393,"lat":48.26844},{"name":"Bahnsteggasse","lon":16.40188,"lat":48.26486},{"name":"Floridsdorfer Markt","lon":16.40057,"lat":48.26259},{"name":"Floridsdorf","lon":16.3992,"lat":48.25695},{"name":"Matthäus-Jiszda-Straße","lon":16.39479,"lat":48.25382},{"name":"Hubertusdamm","lon":16.39195,"lat":48.25057},{"name":"Floridsdorfer Brücke","lon":16.38808,"lat":48.24874},{"name":"Friedrich-Engels-Platz","lon":16.37939,"lat":48.24405},{"name":"Höchstädtplatz","lon":16.37711,"lat":48.23973},{"name":"Jägerstraße","lon":16.36974,"lat":48.23625},{"name":"Wexstraße","lon":16.36577,"lat":48.23601},{"name":"Gerhardusgasse","lon":16.36615,"lat":48.23209},{"name":"Klosterneuburger Straße/Wallensteinstraße","lon":16.36797,"lat":48.22912},{"name":"Gaußplatz","lon":16.36969,"lat":48.22661},{"name":"Obere Augartenstraße","lon":16.37479,"lat":48.22245},{"name":"Obere Donaustraße","lon":16.37112,"lat":48.21956},{"name":"Schottenring","lon":16.37119,"lat":48.21683},{"name":"Schottenring","lon":16.37134,"lat":48.21683}],"lengthKm":11.6},"geometry":{"type":"LineString","coordinates":[[16.42047,48.29793],[16.42056,48.29809],[16.42057,48.29812],[16.42057,48.29815],[16.42057,48.2982],[16.42054,48.29823],[16.4205,48.29827],[16.42046,48.2983],[16.42041,48.29832],[16.42036,48.29833],[16.4203,48.29833],[16.41962,48.29839],[16.4195,48.29838],[16.41943,48.29834],[16.41939,48.29831],[16.41908,48.29778],[16.41907,48.29774],[16.41907,48.2977],[16.41909,48.29766],[16.41911,48.29763],[16.41915,48.29759],[16.41921,48.29756],[16.41929,48.29755],[16.41937,48.29754],[16.41977,48.29749],[16.41985,48.29746],[16.41994,48.29742],[16.41999,48.29736],[16.42002,48.29729],[16.42003,48.29724],[16.42001,48.29715],[16.41994,48.29705],[16.41984,48.29688],[16.41972,48.29664],[16.41964,48.29644],[16.41959,48.29624],[16.41952,48.296],[16.41946,48.29584],[16.41922,48.29539],[16.41914,48.29521],[16.41903,48.29491],[16.41899,48.29481],[16.41883,48.29449],[16.41829,48.29357],[16.41816,48.29336],[16.41808,48.29318],[16.41798,48.29299],[16.41791,48.29286],[16.41724,48.2917],[16.41655,48.2905],[16.41614,48.28977],[16.4157,48.28902],[16.41436,48.28667],[16.41427,48.28651],[16.41419,48.28638],[16.41403,48.28613],[16.41293,48.28417],[16.41275,48.28383],[16.41257,48.28351],[16.41215,48.28278],[16.41201,48.28254],[16.41188,48.28233],[16.41179,48.28214],[16.41176,48.28201],[16.41174,48.28182],[16.41168,48.28165],[16.41107,48.28058],[16.41102,48.28049],[16.41078,48.28011],[16.41058,48.27978],[16.41034,48.27934],[16.40985,48.27849],[16.40924,48.2776],[16.40898,48.27714],[16.40881,48.27686],[16.4084,48.27617],[16.40814,48.27567],[16.40776,48.27496],[16.4072,48.2739],[16.40665,48.27293],[16.40641,48.27256],[16.40631,48.27239],[16.40625,48.27221],[16.40605,48.27184],[16.40592,48.27162],[16.40578,48.27146],[16.40562,48.27123],[16.40539,48.27082],[16.40525,48.27053],[16.40466,48.26954],[16.40436,48.26903],[16.40411,48.26863],[16.40398,48.26843],[16.40365,48.26793],[16.40344,48.26758],[16.40317,48.2671],[16.40234,48.26553],[16.40219,48.26527],[16.40197,48.26496],[16.40191,48.26485],[16.40121,48.26366],[16.4009,48.26313],[16.40059,48.26258],[16.40043,48.2623],[16.40025,48.26207],[16.40024,48.26205],[16.40022,48.26194],[16.39978,48.26124],[16.39953,48.26081],[16.39903,48.25995],[16.39832,48.25877],[16.3982,48.25857],[16.39819,48.25849],[16.39821,48.25844],[16.39825,48.25839],[16.39831,48.25834],[16.39847,48.25827],[16.39865,48.25819],[16.39959,48.25775],[16.39963,48.25772],[16.39967,48.25768],[16.39969,48.25765],[16.3997,48.25761],[16.39969,48.25756],[16.39953,48.25732],[16.39925,48.25694],[16.39899,48.25659],[16.39892,48.25651],[16.39885,48.25646],[16.39855,48.25626],[16.39845,48.25619],[16.3984,48.25614],[16.39819,48.2559],[16.39783,48.2555],[16.39752,48.25515],[16.39648,48.25394],[16.39639,48.25385],[16.39631,48.25381],[16.3962,48.25377],[16.3961,48.25376],[16.39592,48.25376],[16.39479,48.25379],[16.39464,48.2538],[16.3945,48.2538],[16.39437,48.25378],[16.39427,48.25376],[16.39421,48.25372],[16.39416,48.25368],[16.39411,48.25361],[16.39408,48.25359],[16.39357,48.25293],[16.39317,48.25237],[16.39281,48.25177],[16.39259,48.25139],[16.39238,48.25104],[16.3922,48.25078],[16.39199,48.25055],[16.39198,48.25054],[16.39186,48.25045],[16.39175,48.25037],[16.39161,48.25028],[16.39128,48.25012],[16.38856,48.2489],[16.38811,48.24871],[16.38755,48.24847],[16.38661,48.24807],[16.38458,48.24716],[16.38246,48.24622],[16.38209,48.24604],[16.38175,48.24585],[16.38143,48.24565],[16.38072,48.24516],[16.38036,48.24491],[16.38011,48.24473],[16.37994,48.24456],[16.37957,48.24417],[16.37943,48.24403],[16.37935,48.24395],[16.37925,48.24383],[16.37917,48.24372],[16.37904,48.24347],[16.37882,48.24296],[16.3781,48.24152],[16.37786,48.24103],[16.37719,48.23971],[16.37702,48.23936],[16.37697,48.2393],[16.37692,48.23925],[16.37685,48.23923],[16.37673,48.23919],[16.37574,48.23873],[16.37454,48.23816],[16.37288,48.23742],[16.37104,48.23658],[16.37072,48.23636],[16.36976,48.23619],[16.36933,48.23612],[16.3686,48.23605],[16.36787,48.236],[16.36707,48.23598],[16.36649,48.23597],[16.36593,48.23596],[16.36578,48.23596],[16.36567,48.23595],[16.36562,48.23593],[16.36557,48.2359],[16.36552,48.23585],[16.36549,48.2358],[16.36549,48.23574],[16.36553,48.23555],[16.36572,48.23461],[16.36582,48.2341],[16.36593,48.23356],[16.36622,48.2321],[16.36626,48.23191],[16.36629,48.23177],[16.36656,48.23133],[16.36681,48.23097],[16.36711,48.23051],[16.36805,48.22914],[16.36821,48.2289],[16.36852,48.22844],[16.36905,48.22767],[16.36962,48.22684],[16.36977,48.22663],[16.36988,48.22646],[16.37009,48.22616],[16.37019,48.22603],[16.37025,48.22595],[16.37039,48.22585],[16.37054,48.22577],[16.37075,48.22567],[16.37106,48.22557],[16.3718,48.22537],[16.37195,48.22532],[16.37213,48.22526],[16.37231,48.22517],[16.37261,48.22497],[16.37324,48.22451],[16.37376,48.22414],[16.37514,48.22312],[16.37525,48.22304],[16.37529,48.22299],[16.37532,48.22295],[16.37533,48.22289],[16.37532,48.22284],[16.3753,48.22279],[16.37519,48.22269],[16.37485,48.22242],[16.3732,48.22111],[16.37206,48.22022],[16.37118,48.21952],[16.37112,48.21948],[16.37093,48.2193],[16.37067,48.21906],[16.36985,48.2184],[16.36982,48.21835],[16.36979,48.21829],[16.3698,48.21823],[16.36982,48.21817],[16.36987,48.2181],[16.36997,48.21802],[16.37037,48.21764],[16.37053,48.2175],[16.37124,48.21685],[16.3715,48.21661],[16.37158,48.21653],[16.37188,48.21623],[16.37196,48.21617],[16.37204,48.21615],[16.37212,48.21615],[16.37218,48.21615],[16.37226,48.21618],[16.37231,48.21621],[16.37234,48.21624],[16.37236,48.21628],[16.37236,48.21633],[16.37233,48.2164],[16.37229,48.21644],[16.37223,48.21647],[16.37217,48.21649],[16.37207,48.21649],[16.37195,48.21649],[16.37175,48.21652],[16.37161,48.21657],[16.3715,48.21661],[16.37129,48.2168]]}},{"type":"Feature","properties":{"lineId":"37","name":"37","longName":"Schottentor - Hohe Warte","mode":"tram","color":"#C00808","stops":[{"name":"Schottentor","lon":16.362,"lat":48.2141},{"name":"Schwarzspanierstraße","lon":16.35954,"lat":48.21705},{"name":"Spitalgasse","lon":16.35366,"lat":48.22206},{"name":"Alserbachstraße","lon":16.35518,"lat":48.22565},{"name":"Canisiusgasse","lon":16.35501,"lat":48.22798},{"name":"Nußdorfer Straße","lon":16.3544,"lat":48.23134},{"name":"Glatzgasse","lon":16.35343,"lat":48.23302},{"name":"Guneschgasse","lon":16.35352,"lat":48.2363},{"name":"Döblinger Hauptstraße/Gatterburggasse","lon":16.35458,"lat":48.23867},{"name":"Pokornygasse","lon":16.35552,"lat":48.24091},{"name":"Barawitzkagasse","lon":16.35564,"lat":48.24427},{"name":"Perntergasse","lon":16.35516,"lat":48.24875},{"name":"Hohe Warte","lon":16.35537,"lat":48.2514},{"name":"Döblinger Bad","lon":16.35696,"lat":48.2512},{"name":"Hohe Warte","lon":16.35555,"lat":48.25103}],"lengthKm":5},"geometry":{"type":"LineString","coordinates":[[16.36198,48.21409],[16.36199,48.21411],[16.36198,48.21414],[16.36196,48.21418],[16.36191,48.21422],[16.36185,48.2144],[16.36183,48.2145],[16.36171,48.21468],[16.36103,48.21534],[16.3607,48.21566],[16.36053,48.2159],[16.36032,48.21618],[16.35998,48.21653],[16.35948,48.21702],[16.35932,48.21717],[16.35925,48.21725],[16.35899,48.21757],[16.35846,48.21809],[16.35782,48.21878],[16.35743,48.21918],[16.35646,48.2201],[16.35629,48.22027],[16.35611,48.22039],[16.35586,48.22054],[16.35457,48.22142],[16.35363,48.22205],[16.3535,48.22213],[16.35342,48.2222],[16.35339,48.22226],[16.35338,48.22232],[16.35336,48.22239],[16.35344,48.22257],[16.35355,48.22286],[16.35373,48.22335],[16.35388,48.22377],[16.35403,48.22423],[16.3541,48.22444],[16.35415,48.22453],[16.35434,48.22473],[16.35445,48.22484],[16.35463,48.22504],[16.35482,48.22528],[16.35499,48.22549],[16.3551,48.22567],[16.35517,48.22579],[16.35524,48.22604],[16.35526,48.22655],[16.35523,48.22675],[16.35518,48.22696],[16.35507,48.22732],[16.35486,48.22796],[16.35479,48.22821],[16.3546,48.22909],[16.35448,48.22965],[16.35443,48.2298],[16.35439,48.22993],[16.35437,48.23008],[16.35438,48.23017],[16.35438,48.23026],[16.35441,48.23055],[16.35438,48.23118],[16.35434,48.23133],[16.35433,48.2314],[16.35427,48.23157],[16.35408,48.23194],[16.35387,48.23222],[16.35384,48.2323],[16.35343,48.23294],[16.35339,48.23301],[16.35323,48.23329],[16.35306,48.2335],[16.35298,48.23365],[16.3529,48.23384],[16.35288,48.23397],[16.35281,48.23418],[16.35279,48.23428],[16.35279,48.23436],[16.35282,48.23444],[16.35292,48.23488],[16.35344,48.23631],[16.3535,48.23645],[16.35356,48.2366],[16.35394,48.23734],[16.35417,48.23785],[16.35452,48.23869],[16.35459,48.23886],[16.35475,48.23923],[16.35521,48.2403],[16.35543,48.24093],[16.35548,48.24104],[16.35554,48.2412],[16.35556,48.2413],[16.35556,48.24191],[16.3555,48.24247],[16.35549,48.24269],[16.35545,48.24298],[16.35534,48.24385],[16.35534,48.24396],[16.35552,48.2443],[16.35565,48.24456],[16.35583,48.24497],[16.35603,48.2456],[16.35611,48.24587],[16.35608,48.24609],[16.35606,48.24627],[16.35595,48.24655],[16.35583,48.24687],[16.35547,48.24745],[16.35532,48.24782],[16.35518,48.24821],[16.3551,48.24875],[16.35506,48.24904],[16.35505,48.24963],[16.35502,48.25033],[16.35501,48.25086],[16.355,48.25094],[16.35501,48.25098],[16.35502,48.25101],[16.35505,48.25104],[16.35516,48.25109],[16.35524,48.25115],[16.35528,48.25123],[16.35531,48.2513],[16.35533,48.25141],[16.35563,48.25257],[16.35564,48.2526],[16.35568,48.25263],[16.35574,48.25265],[16.3558,48.25267],[16.35711,48.25274],[16.35718,48.25274],[16.3572,48.25274],[16.35723,48.25272],[16.35734,48.25198],[16.35745,48.25137],[16.35739,48.25129],[16.35735,48.25126],[16.3573,48.25124],[16.3572,48.25121],[16.35697,48.25118],[16.35621,48.25107],[16.35583,48.25102],[16.35554,48.25102]]}},{"type":"Feature","properties":{"lineId":"38","name":"38","longName":"Schottentor - Grinzing","mode":"tram","color":"#C00808","stops":[{"name":"Grinzing","lon":16.34184,"lat":48.25511},{"name":"An den langen Lüssen","lon":16.34196,"lat":48.25301},{"name":"Paradisgasse","lon":16.34177,"lat":48.2489},{"name":"Sieveringer Straße","lon":16.34243,"lat":48.24631},{"name":"Oberdöbling","lon":16.3443,"lat":48.24471},{"name":"Silbergasse","lon":16.34824,"lat":48.24286},{"name":"Gatterburggasse","lon":16.34899,"lat":48.23981},{"name":"Hardtgasse","lon":16.34895,"lat":48.23731},{"name":"Nußdorfer Straße","lon":16.35364,"lat":48.23247},{"name":"Canisiusgasse","lon":16.35468,"lat":48.22823},{"name":"Alserbachstraße","lon":16.35466,"lat":48.2252},{"name":"Spitalgasse","lon":16.35343,"lat":48.22267},{"name":"Sensengasse","lon":16.35512,"lat":48.22091},{"name":"Schwarzspanierstraße","lon":16.35896,"lat":48.21748},{"name":"Schottentor","lon":16.362,"lat":48.2141}],"lengthKm":5.3},"geometry":{"type":"LineString","coordinates":[[16.34188,48.2551],[16.34185,48.255],[16.34185,48.25492],[16.34188,48.25487],[16.34194,48.25483],[16.342,48.2548],[16.34212,48.25478],[16.34223,48.25477],[16.34233,48.25474],[16.3424,48.25471],[16.34246,48.25467],[16.34249,48.25462],[16.34253,48.25453],[16.34254,48.25416],[16.34253,48.25403],[16.34251,48.25391],[16.34246,48.25376],[16.34242,48.25364],[16.34228,48.25342],[16.3422,48.2533],[16.34204,48.25299],[16.34186,48.25263],[16.3418,48.2525],[16.3417,48.25215],[16.34143,48.2512],[16.34141,48.25105],[16.34139,48.25086],[16.34141,48.25071],[16.34148,48.2504],[16.34159,48.24999],[16.34172,48.24946],[16.34185,48.24892],[16.34215,48.24776],[16.34235,48.24692],[16.34245,48.24655],[16.3425,48.24633],[16.34253,48.24623],[16.34258,48.24612],[16.34264,48.24602],[16.34268,48.24596],[16.34277,48.24589],[16.34319,48.24559],[16.34393,48.24502],[16.34428,48.2448],[16.34436,48.24475],[16.34463,48.24455],[16.34478,48.24443],[16.34526,48.24404],[16.34562,48.24376],[16.34587,48.24358],[16.34606,48.24347],[16.34638,48.24332],[16.34658,48.24324],[16.34698,48.24313],[16.3473,48.24306],[16.34757,48.24301],[16.34778,48.24298],[16.34808,48.24294],[16.34826,48.24291],[16.34832,48.2429],[16.34847,48.24285],[16.34855,48.24282],[16.3486,48.24279],[16.34866,48.24275],[16.34872,48.24269],[16.34875,48.24263],[16.34877,48.24256],[16.34878,48.24247],[16.34883,48.24187],[16.34886,48.24124],[16.34888,48.24041],[16.3489,48.24026],[16.34895,48.24011],[16.34907,48.23982],[16.34914,48.23967],[16.34925,48.23934],[16.34927,48.23915],[16.34931,48.23895],[16.3493,48.23873],[16.34911,48.23751],[16.34907,48.23729],[16.34904,48.2371],[16.34902,48.23693],[16.34904,48.23677],[16.34909,48.23665],[16.34916,48.23654],[16.34928,48.2364],[16.34986,48.23593],[16.35018,48.23562],[16.35033,48.23545],[16.35077,48.23491],[16.35145,48.23426],[16.3517,48.23409],[16.35218,48.23377],[16.35237,48.23366],[16.35252,48.2336],[16.35271,48.23353],[16.35309,48.2334],[16.35323,48.23329],[16.35343,48.23294],[16.35372,48.23249],[16.35384,48.2323],[16.35387,48.23222],[16.35408,48.23194],[16.35427,48.23157],[16.35433,48.2314],[16.35438,48.23118],[16.35441,48.23055],[16.35438,48.23026],[16.35438,48.23017],[16.35437,48.23008],[16.35439,48.22993],[16.35443,48.2298],[16.35448,48.22965],[16.3546,48.22909],[16.35479,48.22823],[16.35487,48.22794],[16.35507,48.22732],[16.35518,48.22696],[16.35523,48.22675],[16.35526,48.22655],[16.35524,48.22604],[16.35517,48.22579],[16.3551,48.22566],[16.35499,48.22549],[16.35482,48.22528],[16.35474,48.22517],[16.35463,48.22504],[16.35445,48.22484],[16.35434,48.22473],[16.35415,48.22453],[16.3541,48.22444],[16.35403,48.22423],[16.35388,48.22377],[16.35373,48.22335],[16.35355,48.22286],[16.35348,48.22266],[16.35344,48.22257],[16.35336,48.22239],[16.35338,48.22232],[16.35339,48.22226],[16.35342,48.2222],[16.3535,48.22213],[16.35371,48.222],[16.35457,48.22142],[16.35522,48.22097],[16.35586,48.22054],[16.35611,48.22039],[16.35629,48.22027],[16.35646,48.2201],[16.35743,48.21918],[16.35782,48.21878],[16.35846,48.21809],[16.35899,48.21757],[16.35904,48.21751],[16.35925,48.21725],[16.35932,48.21717],[16.35998,48.21653],[16.36032,48.21618],[16.36053,48.2159],[16.3607,48.21566],[16.36103,48.21534],[16.36171,48.21468],[16.36183,48.2145],[16.36182,48.2144],[16.36179,48.21433],[16.36172,48.21429],[16.36164,48.21427],[16.36155,48.21423],[16.36128,48.21411],[16.36123,48.21406],[16.36121,48.21402],[16.36121,48.21396],[16.36123,48.21391],[16.36128,48.21386],[16.36134,48.21383],[16.3614,48.21381],[16.36149,48.21381],[16.36158,48.21382],[16.36167,48.21385],[16.36179,48.21391],[16.36191,48.21397],[16.36196,48.21401],[16.36198,48.21406],[16.36198,48.21409]]}},{"type":"Feature","properties":{"lineId":"40","name":"40","longName":"Schottentor - Gersthof, Herbeckstraße","mode":"tram","color":"#C00808","stops":[{"name":"Schottentor","lon":16.362,"lat":48.2141},{"name":"Schwarzspanierstraße","lon":16.35954,"lat":48.21705},{"name":"Spitalgasse","lon":16.35366,"lat":48.22206},{"name":"Währinger Straße-Volksoper","lon":16.34927,"lat":48.22465},{"name":"Michelbeuern-AKH","lon":16.34319,"lat":48.22209},{"name":"Eduardgasse","lon":16.34031,"lat":48.22269},{"name":"Johann-Nepomuk-Vogl-Platz","lon":16.33689,"lat":48.22388},{"name":"Vinzenzgasse","lon":16.33471,"lat":48.22491},{"name":"Sommarugagasse","lon":16.33208,"lat":48.22608},{"name":"Simonygasse","lon":16.32858,"lat":48.22771},{"name":"Gersthof","lon":16.3289,"lat":48.23165},{"name":"Schöffelgasse","lon":16.32608,"lat":48.23178},{"name":"Alsegger Straße","lon":16.32474,"lat":48.23167},{"name":"Gersthof, Herbeckstraße","lon":16.31825,"lat":48.23245},{"name":"Eckpergasse","lon":16.31644,"lat":48.23339},{"name":"Gersthof, Herbeckstraße","lon":16.31719,"lat":48.23242}],"lengthKm":5.2},"geometry":{"type":"LineString","coordinates":[[16.36198,48.21409],[16.36199,48.21411],[16.36198,48.21414],[16.36196,48.21418],[16.36191,48.21422],[16.36185,48.2144],[16.36183,48.2145],[16.36171,48.21468],[16.36103,48.21534],[16.3607,48.21566],[16.36053,48.2159],[16.36032,48.21618],[16.35998,48.21653],[16.35948,48.21702],[16.35932,48.21717],[16.35925,48.21725],[16.35899,48.21757],[16.35846,48.21809],[16.35782,48.21878],[16.35743,48.21918],[16.35646,48.2201],[16.35629,48.22027],[16.35611,48.22039],[16.35586,48.22054],[16.35457,48.22142],[16.35363,48.22205],[16.35312,48.22238],[16.3518,48.22323],[16.34982,48.22451],[16.34972,48.22456],[16.34962,48.22459],[16.34933,48.22462],[16.34927,48.22462],[16.34924,48.22462],[16.34914,48.22459],[16.3491,48.22457],[16.34905,48.22453],[16.349,48.22447],[16.34888,48.22395],[16.34883,48.22378],[16.34877,48.22368],[16.3487,48.22358],[16.3486,48.22348],[16.34846,48.22335],[16.34831,48.22324],[16.34814,48.22315],[16.34791,48.22307],[16.34735,48.22292],[16.34626,48.22264],[16.34532,48.22239],[16.34491,48.22227],[16.34397,48.22202],[16.34388,48.22199],[16.34381,48.22199],[16.34371,48.22199],[16.34355,48.22201],[16.34318,48.22206],[16.34177,48.22227],[16.34152,48.22232],[16.34029,48.22266],[16.33914,48.22297],[16.33895,48.22304],[16.33861,48.22315],[16.33686,48.22385],[16.33668,48.22392],[16.33652,48.224],[16.33544,48.22453],[16.3347,48.2249],[16.3343,48.22509],[16.33355,48.22546],[16.33277,48.22584],[16.33259,48.22591],[16.33206,48.22606],[16.33133,48.22627],[16.33096,48.22638],[16.33041,48.22656],[16.32987,48.22671],[16.32907,48.22694],[16.32869,48.22709],[16.32849,48.22719],[16.32828,48.2273],[16.32822,48.22736],[16.32821,48.22741],[16.32823,48.22748],[16.32828,48.22753],[16.32855,48.22772],[16.32871,48.22782],[16.32895,48.22803],[16.32914,48.22828],[16.32925,48.22846],[16.32947,48.22887],[16.32953,48.22908],[16.32956,48.22932],[16.32954,48.23002],[16.32947,48.23079],[16.32942,48.23119],[16.3294,48.23129],[16.32939,48.23133],[16.32936,48.23138],[16.3293,48.23143],[16.32887,48.23163],[16.32871,48.2317],[16.32865,48.23174],[16.32858,48.23179],[16.32846,48.23181],[16.32813,48.23186],[16.32766,48.23195],[16.32663,48.23211],[16.32651,48.23214],[16.32643,48.23214],[16.32636,48.23212],[16.32632,48.23211],[16.32627,48.23208],[16.32622,48.23203],[16.32613,48.23177],[16.32608,48.23162],[16.326,48.23155],[16.3259,48.23151],[16.32583,48.2315],[16.32567,48.23149],[16.32473,48.23163],[16.32432,48.23169],[16.31987,48.23232],[16.31823,48.2324],[16.31785,48.23242],[16.31776,48.23246],[16.31768,48.23248],[16.31761,48.23252],[16.31757,48.23257],[16.31754,48.23262],[16.31754,48.23268],[16.31757,48.23279],[16.31757,48.23288],[16.31757,48.23309],[16.31755,48.23315],[16.31752,48.23319],[16.31748,48.23322],[16.31741,48.23325],[16.31734,48.23327],[16.31643,48.23336],[16.31618,48.23338],[16.31609,48.23337],[16.31602,48.23334],[16.31598,48.23332],[16.31594,48.23327],[16.31592,48.23322],[16.31592,48.23309],[16.31593,48.2329],[16.31596,48.23277],[16.31601,48.2327],[16.31605,48.23264],[16.3161,48.23259],[16.31617,48.23255],[16.31624,48.23253],[16.31634,48.23251],[16.31719,48.23246]]}},{"type":"Feature","properties":{"lineId":"41","name":"41","longName":"Schottentor - Pötzleinsdorf","mode":"tram","color":"#C00808","stops":[{"name":"Pötzleinsdorf","lon":16.31095,"lat":48.24074},{"name":"Scheibenbergstraße","lon":16.3179,"lat":48.23893},{"name":"Erndtgasse","lon":16.32331,"lat":48.23715},{"name":"Türkenschanzplatz","lon":16.32699,"lat":48.23518},{"name":"Gersthof","lon":16.32901,"lat":48.23152},{"name":"Simonygasse","lon":16.32827,"lat":48.22762},{"name":"Sommarugagasse","lon":16.33139,"lat":48.2262},{"name":"Vinzenzgasse","lon":16.33406,"lat":48.22514},{"name":"Johann-Nepomuk-Vogl-Platz","lon":16.33631,"lat":48.22404},{"name":"Eduardgasse","lon":16.33971,"lat":48.22276},{"name":"Michelbeuern-AKH","lon":16.34318,"lat":48.22201},{"name":"Währinger Straße-Volksoper","lon":16.34902,"lat":48.22425},{"name":"Spitalgasse","lon":16.35294,"lat":48.22243},{"name":"Sensengasse","lon":16.35512,"lat":48.22091},{"name":"Schwarzspanierstraße","lon":16.35896,"lat":48.21748},{"name":"Schottentor","lon":16.362,"lat":48.2141}],"lengthKm":5.8},"geometry":{"type":"LineString","coordinates":[[16.31094,48.24076],[16.31121,48.24082],[16.3113,48.24083],[16.31138,48.24082],[16.31151,48.24078],[16.3118,48.2407],[16.31791,48.23895],[16.31803,48.23892],[16.31821,48.23886],[16.31842,48.23878],[16.31867,48.23868],[16.31913,48.23849],[16.31949,48.23834],[16.32011,48.23811],[16.32055,48.23794],[16.32085,48.23785],[16.32104,48.23779],[16.32145,48.23768],[16.32169,48.23762],[16.32227,48.23747],[16.32297,48.23727],[16.32331,48.23717],[16.32443,48.23684],[16.32524,48.2365],[16.32592,48.2362],[16.32623,48.23603],[16.32645,48.2359],[16.3266,48.23572],[16.32701,48.23519],[16.32732,48.23479],[16.32738,48.23469],[16.32785,48.23354],[16.3281,48.23294],[16.32822,48.23263],[16.32832,48.2324],[16.32853,48.23201],[16.32859,48.23185],[16.32865,48.23179],[16.32871,48.2317],[16.32889,48.23162],[16.32904,48.23155],[16.3293,48.23143],[16.32936,48.23138],[16.32939,48.23133],[16.3294,48.23129],[16.32942,48.23119],[16.32947,48.23079],[16.32954,48.23002],[16.32956,48.22932],[16.32953,48.22908],[16.32947,48.22887],[16.32925,48.22846],[16.32914,48.22828],[16.32895,48.22803],[16.32871,48.22782],[16.32834,48.22757],[16.32828,48.22753],[16.32823,48.22748],[16.32821,48.22741],[16.32822,48.22736],[16.32828,48.2273],[16.32849,48.22719],[16.32869,48.22709],[16.32907,48.22694],[16.32987,48.22671],[16.33041,48.22656],[16.33096,48.22638],[16.33133,48.22627],[16.33141,48.22624],[16.33259,48.22591],[16.33277,48.22584],[16.33355,48.22546],[16.33411,48.22518],[16.33544,48.22453],[16.33634,48.22408],[16.33652,48.224],[16.33668,48.22392],[16.33861,48.22315],[16.33895,48.22304],[16.33914,48.22297],[16.33974,48.22281],[16.34012,48.2227],[16.34152,48.22232],[16.34177,48.22227],[16.34319,48.22206],[16.34355,48.22201],[16.34371,48.22199],[16.34381,48.22199],[16.34388,48.22199],[16.34397,48.22202],[16.34491,48.22227],[16.34532,48.22239],[16.34626,48.22264],[16.34735,48.22292],[16.34791,48.22307],[16.34814,48.22315],[16.34831,48.22324],[16.34846,48.22335],[16.3486,48.22348],[16.3487,48.22358],[16.34877,48.22368],[16.34883,48.22378],[16.34888,48.22395],[16.34895,48.22426],[16.349,48.22447],[16.34905,48.22453],[16.3491,48.22457],[16.34914,48.22459],[16.34924,48.22462],[16.34933,48.22462],[16.34962,48.22459],[16.34972,48.22456],[16.34982,48.22451],[16.3518,48.22323],[16.35299,48.22246],[16.35371,48.222],[16.35457,48.22142],[16.35522,48.22097],[16.35586,48.22054],[16.35611,48.22039],[16.35629,48.22027],[16.35646,48.2201],[16.35743,48.21918],[16.35782,48.21878],[16.35846,48.21809],[16.35899,48.21757],[16.35904,48.21751],[16.35925,48.21725],[16.35932,48.21717],[16.35998,48.21653],[16.36032,48.21618],[16.36053,48.2159],[16.3607,48.21566],[16.36103,48.21534],[16.36171,48.21468],[16.36183,48.2145],[16.36182,48.2144],[16.36179,48.21433],[16.36172,48.21429],[16.36164,48.21427],[16.36155,48.21423],[16.36128,48.21411],[16.36123,48.21406],[16.36121,48.21402],[16.36121,48.21396],[16.36123,48.21391],[16.36128,48.21386],[16.36134,48.21383],[16.3614,48.21381],[16.36149,48.21381],[16.36158,48.21382],[16.36167,48.21385],[16.36179,48.21391],[16.36191,48.21397],[16.36196,48.21401],[16.36198,48.21406],[16.36198,48.21409]]}},{"type":"Feature","properties":{"lineId":"42","name":"42","longName":"Schottentor - Antonigasse","mode":"tram","color":"#C00808","stops":[{"name":"Antonigasse","lon":16.32995,"lat":48.22583},{"name":"Sommarugagasse","lon":16.33151,"lat":48.22596},{"name":"Vinzenzgasse","lon":16.33406,"lat":48.22514},{"name":"Johann-Nepomuk-Vogl-Platz","lon":16.33631,"lat":48.22404},{"name":"Eduardgasse","lon":16.33971,"lat":48.22276},{"name":"Michelbeuern-AKH","lon":16.34318,"lat":48.22201},{"name":"Währinger Straße-Volksoper","lon":16.34902,"lat":48.22425},{"name":"Spitalgasse","lon":16.35294,"lat":48.22243},{"name":"Sensengasse","lon":16.35512,"lat":48.22091},{"name":"Schwarzspanierstraße","lon":16.35896,"lat":48.21748},{"name":"Schottentor","lon":16.362,"lat":48.2141}],"lengthKm":3.4},"geometry":{"type":"LineString","coordinates":[[16.32998,48.22585],[16.3303,48.22571],[16.33044,48.22567],[16.33089,48.22546],[16.33101,48.22542],[16.3311,48.22543],[16.33116,48.22544],[16.33123,48.22547],[16.33129,48.22552],[16.33131,48.22558],[16.33133,48.22571],[16.33135,48.22577],[16.33145,48.22593],[16.33148,48.22597],[16.33153,48.22604],[16.33159,48.22608],[16.33163,48.2261],[16.33169,48.2261],[16.33189,48.22611],[16.33259,48.22591],[16.33277,48.22584],[16.33355,48.22546],[16.33411,48.22518],[16.33544,48.22453],[16.33634,48.22408],[16.33652,48.224],[16.33668,48.22392],[16.33861,48.22315],[16.33895,48.22304],[16.33914,48.22297],[16.33974,48.22281],[16.34012,48.2227],[16.34152,48.22232],[16.34177,48.22227],[16.34319,48.22206],[16.34355,48.22201],[16.34371,48.22199],[16.34381,48.22199],[16.34388,48.22199],[16.34397,48.22202],[16.34491,48.22227],[16.34532,48.22239],[16.34626,48.22264],[16.34735,48.22292],[16.34791,48.22307],[16.34814,48.22315],[16.34831,48.22324],[16.34846,48.22335],[16.3486,48.22348],[16.3487,48.22358],[16.34877,48.22368],[16.34883,48.22378],[16.34888,48.22395],[16.34895,48.22426],[16.349,48.22447],[16.34905,48.22453],[16.3491,48.22457],[16.34914,48.22459],[16.34924,48.22462],[16.34933,48.22462],[16.34962,48.22459],[16.34972,48.22456],[16.34982,48.22451],[16.3518,48.22323],[16.35299,48.22246],[16.35371,48.222],[16.35457,48.22142],[16.35522,48.22097],[16.35586,48.22054],[16.35611,48.22039],[16.35629,48.22027],[16.35646,48.2201],[16.35743,48.21918],[16.35782,48.21878],[16.35846,48.21809],[16.35899,48.21757],[16.35904,48.21751],[16.35925,48.21725],[16.35932,48.21717],[16.35998,48.21653],[16.36032,48.21618],[16.36053,48.2159],[16.3607,48.21566],[16.36103,48.21534],[16.36171,48.21468],[16.36183,48.2145],[16.36182,48.2144],[16.36179,48.21433],[16.36172,48.21429],[16.36164,48.21427],[16.36155,48.21423],[16.36128,48.21411],[16.36123,48.21406],[16.36121,48.21402],[16.36121,48.21396],[16.36123,48.21391],[16.36128,48.21386],[16.36134,48.21383],[16.3614,48.21381],[16.36149,48.21381],[16.36158,48.21382],[16.36167,48.21385],[16.36179,48.21391],[16.36191,48.21397],[16.36196,48.21401],[16.36198,48.21406],[16.36198,48.21409]]}},{"type":"Feature","properties":{"lineId":"43","name":"43","longName":"Schottentor - Neuwaldegg","mode":"tram","color":"#C00808","stops":[{"name":"Schottentor","lon":16.36201,"lat":48.21399},{"name":"Landesgerichtsstraße","lon":16.35705,"lat":48.21444},{"name":"Lange Gasse","lon":16.35138,"lat":48.21503},{"name":"Skodagasse","lon":16.34883,"lat":48.21526},{"name":"Brünnlbadgasse","lon":16.34638,"lat":48.21548},{"name":"Alser Straße","lon":16.342,"lat":48.21723},{"name":"Palffygasse","lon":16.33664,"lat":48.21763},{"name":"Elterleinplatz","lon":16.33193,"lat":48.21817},{"name":"Rosensteingasse","lon":16.3271,"lat":48.2192},{"name":"Hernals, Wattgasse","lon":16.32181,"lat":48.22142},{"name":"Hernals","lon":16.315,"lat":48.22363},{"name":"Dornbach","lon":16.30812,"lat":48.22627},{"name":"Dornbacher Straße","lon":16.30234,"lat":48.22809},{"name":"Himmelmutterweg","lon":16.29622,"lat":48.23063},{"name":"Neuwaldegg","lon":16.29168,"lat":48.2334},{"name":"Neuwaldegg","lon":16.29137,"lat":48.23365}],"lengthKm":6},"geometry":{"type":"LineString","coordinates":[[16.36199,48.214],[16.36201,48.21406],[16.36202,48.21412],[16.362,48.21417],[16.36197,48.21421],[16.36193,48.21424],[16.36189,48.21426],[16.36178,48.21429],[16.3617,48.2143],[16.36159,48.21428],[16.3611,48.21405],[16.36099,48.21402],[16.36089,48.21401],[16.36064,48.21402],[16.36041,48.21406],[16.35824,48.21434],[16.35708,48.2145],[16.35683,48.21453],[16.35643,48.21463],[16.35585,48.21477],[16.35518,48.2148],[16.35471,48.21482],[16.35418,48.2148],[16.3538,48.21481],[16.35306,48.21485],[16.35137,48.21497],[16.3511,48.21499],[16.35071,48.21502],[16.35029,48.21505],[16.34963,48.21511],[16.34938,48.21514],[16.34882,48.2152],[16.34874,48.21521],[16.34801,48.21526],[16.34658,48.2154],[16.34636,48.21542],[16.34619,48.21543],[16.3461,48.21544],[16.34604,48.21543],[16.34597,48.21542],[16.34585,48.21541],[16.34573,48.21542],[16.34564,48.21543],[16.34541,48.21549],[16.34491,48.21562],[16.34388,48.21589],[16.34379,48.21594],[16.34374,48.21598],[16.34371,48.21602],[16.34369,48.21606],[16.34369,48.21615],[16.34365,48.2166],[16.34364,48.21673],[16.34363,48.2168],[16.3436,48.21685],[16.34357,48.21689],[16.34349,48.21693],[16.34333,48.21697],[16.34293,48.21705],[16.34258,48.21711],[16.34221,48.21715],[16.34198,48.21718],[16.34038,48.2174],[16.33926,48.21757],[16.33878,48.21763],[16.33813,48.21768],[16.33788,48.21768],[16.33724,48.21757],[16.33699,48.21754],[16.33685,48.21755],[16.33662,48.21758],[16.33547,48.21779],[16.33531,48.21783],[16.33485,48.21802],[16.33471,48.21807],[16.3346,48.21809],[16.33445,48.21811],[16.33396,48.21812],[16.33317,48.21809],[16.33272,48.21808],[16.33244,48.21808],[16.33227,48.21808],[16.33191,48.21811],[16.33173,48.21813],[16.33132,48.21815],[16.33105,48.21816],[16.3306,48.21818],[16.33022,48.21822],[16.32996,48.21826],[16.32913,48.21842],[16.32863,48.21855],[16.32835,48.21863],[16.32826,48.21866],[16.32793,48.21878],[16.3276,48.21892],[16.32739,48.21901],[16.32706,48.21916],[16.32671,48.21931],[16.32629,48.21951],[16.3254,48.21991],[16.3242,48.22043],[16.3238,48.22061],[16.32346,48.22075],[16.32324,48.22083],[16.32286,48.22097],[16.32244,48.22112],[16.32177,48.22138],[16.3205,48.22185],[16.31947,48.2222],[16.31824,48.2226],[16.31744,48.22287],[16.31652,48.22318],[16.3159,48.22338],[16.31578,48.22341],[16.31545,48.22344],[16.31527,48.22347],[16.31509,48.22353],[16.31496,48.22358],[16.31474,48.22366],[16.31457,48.22373],[16.31448,48.22378],[16.31441,48.22385],[16.31426,48.22395],[16.31337,48.22427],[16.31232,48.22466],[16.31116,48.22508],[16.30998,48.22552],[16.30913,48.22583],[16.30878,48.22596],[16.30809,48.22624],[16.30792,48.22631],[16.30762,48.22642],[16.30688,48.22666],[16.3048,48.22728],[16.30364,48.22763],[16.30231,48.22804],[16.30205,48.22812],[16.30197,48.22814],[16.30191,48.22818],[16.30189,48.22821],[16.30186,48.22826],[16.30186,48.22835],[16.30188,48.22845],[16.3019,48.22855],[16.30189,48.22865],[16.30187,48.22878],[16.30168,48.22932],[16.30163,48.2294],[16.3016,48.22942],[16.30157,48.22945],[16.3015,48.22949],[16.30143,48.22951],[16.30113,48.22957],[16.30026,48.22975],[16.29899,48.23],[16.29744,48.23032],[16.29672,48.23046],[16.2964,48.23054],[16.2962,48.23061],[16.29535,48.23086],[16.29506,48.23095],[16.29495,48.231],[16.29427,48.23147],[16.29354,48.23193],[16.29307,48.23222],[16.29274,48.23241],[16.29188,48.23282],[16.29164,48.23296],[16.29157,48.23307],[16.29154,48.23313],[16.29153,48.23319],[16.29157,48.23325],[16.29163,48.23338],[16.29163,48.2334],[16.29165,48.23347],[16.29162,48.23352],[16.29158,48.23356],[16.29151,48.23359],[16.29142,48.2336],[16.29139,48.2336]]}},{"type":"Feature","properties":{"lineId":"44","name":"44","longName":"Schottentor - Maroltingergasse","mode":"tram","color":"#C00808","stops":[{"name":"Maroltingergasse","lon":16.30575,"lat":48.21441},{"name":"Maroltingergasse","lon":16.30596,"lat":48.21349},{"name":"Ottakring","lon":16.31168,"lat":48.21261},{"name":"Redtenbachergasse","lon":16.31438,"lat":48.21333},{"name":"Familienplatz","lon":16.31855,"lat":48.21343},{"name":"Johann-Nepomuk-Berger-Platz","lon":16.3251,"lat":48.21319},{"name":"Frauengasse","lon":16.3287,"lat":48.21366},{"name":"Yppengasse","lon":16.3352,"lat":48.21462},{"name":"Hernalser Gürtel","lon":16.34014,"lat":48.21512},{"name":"Brünnlbadgasse","lon":16.34536,"lat":48.21529},{"name":"Skodagasse","lon":16.34881,"lat":48.21513},{"name":"Lange Gasse","lon":16.35045,"lat":48.21499},{"name":"Landesgerichtsstraße","lon":16.35549,"lat":48.21466},{"name":"Schottentor","lon":16.36201,"lat":48.21399}],"lengthKm":4.5},"geometry":{"type":"LineString","coordinates":[[16.30576,48.21438],[16.30559,48.21436],[16.30536,48.21431],[16.30526,48.21428],[16.30519,48.21423],[16.30516,48.21418],[16.30514,48.21411],[16.30509,48.21381],[16.3051,48.21375],[16.30513,48.21371],[16.30518,48.21367],[16.30525,48.21365],[16.30598,48.21353],[16.30626,48.21349],[16.30635,48.21349],[16.30681,48.21344],[16.30689,48.21342],[16.31073,48.21284],[16.31171,48.21268],[16.31194,48.21265],[16.31202,48.21264],[16.31208,48.21265],[16.31211,48.21266],[16.31218,48.21271],[16.31224,48.21277],[16.31246,48.21348],[16.31253,48.21355],[16.31261,48.21358],[16.31275,48.21358],[16.31299,48.21357],[16.31438,48.21338],[16.31455,48.21335],[16.31504,48.21331],[16.3153,48.21329],[16.31546,48.21328],[16.31574,48.21326],[16.31591,48.21327],[16.3163,48.2133],[16.31694,48.21337],[16.31817,48.21348],[16.31855,48.2135],[16.31872,48.21351],[16.32055,48.21352],[16.32185,48.21352],[16.32243,48.21352],[16.32287,48.21351],[16.32336,48.21348],[16.32386,48.21343],[16.32488,48.21329],[16.32507,48.21326],[16.32513,48.21324],[16.32528,48.2132],[16.32541,48.21318],[16.32547,48.21317],[16.32557,48.21316],[16.32566,48.21316],[16.32572,48.21317],[16.32583,48.21319],[16.3268,48.21336],[16.32831,48.21365],[16.32867,48.21372],[16.32953,48.21387],[16.33009,48.21398],[16.33059,48.21407],[16.33142,48.21421],[16.33174,48.21425],[16.33321,48.21443],[16.33366,48.21447],[16.33518,48.21467],[16.33749,48.21496],[16.33817,48.21505],[16.33844,48.2151],[16.33872,48.21514],[16.33896,48.21515],[16.34014,48.21517],[16.34042,48.21517],[16.34273,48.21523],[16.34348,48.21526],[16.34391,48.2153],[16.34536,48.21534],[16.34557,48.21535],[16.34566,48.21536],[16.34581,48.21539],[16.34597,48.21542],[16.34604,48.21543],[16.3461,48.21544],[16.34619,48.21543],[16.34658,48.2154],[16.34801,48.21526],[16.34874,48.21521],[16.34883,48.2152],[16.34938,48.21514],[16.34963,48.21511],[16.35029,48.21505],[16.35046,48.21504],[16.35071,48.21502],[16.3511,48.21499],[16.35306,48.21485],[16.3538,48.21481],[16.35418,48.2148],[16.35471,48.21482],[16.35518,48.2148],[16.3555,48.21478],[16.35585,48.21477],[16.35643,48.21463],[16.35683,48.21453],[16.35824,48.21434],[16.36041,48.21406],[16.36055,48.21401],[16.36104,48.21394],[16.36112,48.21392],[16.36119,48.21389],[16.36125,48.21386],[16.36131,48.21382],[16.36136,48.2138],[16.36142,48.21379],[16.3615,48.21378],[16.36157,48.21379],[16.36169,48.21383],[16.36189,48.21393],[16.36195,48.21396],[16.36199,48.214]]}},{"type":"Feature","properties":{"lineId":"46","name":"46","longName":"Ring/Volkstheater - Joachimsthalerplatz","mode":"tram","color":"#C00808","stops":[{"name":"Ring/Volkstheater","lon":16.35963,"lat":48.20679},{"name":"Auerspergstraße","lon":16.35619,"lat":48.20704},{"name":"Strozzigasse","lon":16.3497,"lat":48.20642},{"name":"Schottenfeldgasse","lon":16.34414,"lat":48.20746},{"name":"Thaliastraße","lon":16.33846,"lat":48.20861},{"name":"Brunnengasse","lon":16.33576,"lat":48.20904},{"name":"Thaliastraße/Haberlgasse","lon":16.33037,"lat":48.20986},{"name":"Feßtgasse","lon":16.32609,"lat":48.21051},{"name":"Schuhmeierplatz","lon":16.31979,"lat":48.21147},{"name":"Ottakring","lon":16.3115,"lat":48.21275},{"name":"Maroltingergasse","lon":16.30709,"lat":48.21345},{"name":"Rankgasse","lon":16.30564,"lat":48.21115},{"name":"Joachimsthalerplatz","lon":16.30511,"lat":48.20933},{"name":"Joachimsthalerplatz","lon":16.30454,"lat":48.20893}],"lengthKm":4.8},"geometry":{"type":"LineString","coordinates":[[16.35962,48.20678],[16.35959,48.2068],[16.35953,48.20683],[16.35944,48.20684],[16.35939,48.20684],[16.35933,48.20683],[16.35929,48.20682],[16.35907,48.2067],[16.35864,48.20644],[16.35853,48.20641],[16.35843,48.20641],[16.35837,48.20642],[16.3583,48.20646],[16.35821,48.20654],[16.35805,48.20667],[16.35756,48.20704],[16.35746,48.20711],[16.35734,48.20717],[16.35728,48.20719],[16.35721,48.20721],[16.3571,48.20723],[16.357,48.20724],[16.35692,48.20723],[16.35682,48.20722],[16.35675,48.20721],[16.35622,48.20702],[16.35608,48.20697],[16.35593,48.20693],[16.35577,48.2069],[16.35554,48.20686],[16.35511,48.2068],[16.35478,48.20677],[16.35447,48.20674],[16.35304,48.20653],[16.35247,48.20645],[16.35199,48.20638],[16.35166,48.20634],[16.35138,48.20633],[16.35088,48.20636],[16.3497,48.2064],[16.34963,48.20641],[16.34943,48.20642],[16.34924,48.20644],[16.349,48.20647],[16.34804,48.20663],[16.34781,48.20667],[16.34559,48.20713],[16.34482,48.20729],[16.34412,48.20743],[16.34294,48.20768],[16.34163,48.20795],[16.33928,48.20845],[16.33903,48.2085],[16.33864,48.20856],[16.33845,48.20859],[16.33575,48.20901],[16.33388,48.20929],[16.33036,48.20983],[16.32799,48.2102],[16.32608,48.21049],[16.31978,48.21145],[16.31787,48.21174],[16.3145,48.21226],[16.31194,48.21265],[16.31149,48.21272],[16.31073,48.21284],[16.30706,48.21339],[16.30689,48.21342],[16.30677,48.21341],[16.30668,48.2134],[16.30659,48.21337],[16.30653,48.21331],[16.30649,48.21324],[16.30614,48.21218],[16.30579,48.21113],[16.30539,48.20997],[16.30531,48.20963],[16.30519,48.20931],[16.3051,48.20906],[16.30495,48.2087],[16.3048,48.20861],[16.30472,48.20858],[16.30461,48.20857],[16.30451,48.20856],[16.30407,48.20862],[16.30396,48.20865],[16.30389,48.20869],[16.30385,48.20872],[16.30382,48.20877],[16.30382,48.20882],[16.30383,48.20887],[16.30387,48.20893],[16.30396,48.20899],[16.30402,48.20901],[16.30409,48.20902],[16.30455,48.20895]]}},{"type":"Feature","properties":{"lineId":"49","name":"49","longName":"Ring/Volkstheater - Hütteldorf, Bujattigasse","mode":"tram","color":"#C00808","stops":[{"name":"Ring/Volkstheater","lon":16.35963,"lat":48.20679},{"name":"Volkstheater","lon":16.35714,"lat":48.20482},{"name":"Stiftgasse","lon":16.35484,"lat":48.20249},{"name":"Kirchengasse","lon":16.3521,"lat":48.20222},{"name":"Siebensterngasse","lon":16.34941,"lat":48.20222},{"name":"Westbahnstraße/Zieglergasse","lon":16.34536,"lat":48.20187},{"name":"Kaiserstraße","lon":16.34085,"lat":48.20189},{"name":"Urban-Loritz-Platz","lon":16.33754,"lat":48.20118},{"name":"Beingasse","lon":16.33255,"lat":48.19952},{"name":"Schweglerstraße","lon":16.32873,"lat":48.19848},{"name":"Huglgasse","lon":16.32522,"lat":48.19797},{"name":"Johnstraße","lon":16.3195,"lat":48.19907},{"name":"Hütteldorfer Straße","lon":16.31151,"lat":48.19907},{"name":"Breitensee","lon":16.30741,"lat":48.19903},{"name":"Leyserstraße","lon":16.30291,"lat":48.19825},{"name":"Lützowgasse","lon":16.29544,"lat":48.19734},{"name":"Seckendorfstraße","lon":16.28753,"lat":48.19689},{"name":"Waidhausenstraße","lon":16.28142,"lat":48.19754},{"name":"Hochsatzengasse","lon":16.27782,"lat":48.19797},{"name":"Baumgarten","lon":16.2723,"lat":48.19896},{"name":"Deutschordenstraße","lon":16.2675,"lat":48.20001},{"name":"Rettichgasse","lon":16.26223,"lat":48.20163},{"name":"Hütteldorf, Bujattigasse","lon":16.25595,"lat":48.20266}],"lengthKm":8.5},"geometry":{"type":"LineString","coordinates":[[16.35962,48.20678],[16.35959,48.2068],[16.35953,48.20683],[16.35944,48.20684],[16.35939,48.20684],[16.35933,48.20683],[16.35929,48.20682],[16.35907,48.2067],[16.35864,48.20644],[16.35855,48.20638],[16.3585,48.20633],[16.35849,48.20625],[16.35852,48.2062],[16.35855,48.20616],[16.35864,48.2061],[16.35886,48.20592],[16.35889,48.2059],[16.35891,48.20588],[16.35892,48.20585],[16.35893,48.20582],[16.35893,48.20579],[16.35892,48.20577],[16.3589,48.20573],[16.35882,48.20567],[16.35817,48.20528],[16.35803,48.20521],[16.35781,48.20512],[16.35716,48.20481],[16.35701,48.20474],[16.35689,48.20467],[16.35662,48.20451],[16.35656,48.20447],[16.35653,48.20444],[16.35651,48.20441],[16.3565,48.20437],[16.35649,48.20433],[16.3565,48.20429],[16.35659,48.2041],[16.35692,48.20335],[16.35703,48.20313],[16.35707,48.20307],[16.35708,48.20302],[16.35708,48.20297],[16.35705,48.20292],[16.35702,48.20289],[16.35698,48.20287],[16.35692,48.20285],[16.35618,48.20271],[16.35486,48.20246],[16.35454,48.2024],[16.35439,48.20238],[16.35281,48.20224],[16.35242,48.2022],[16.35217,48.20219],[16.35209,48.20219],[16.35205,48.2022],[16.35187,48.20221],[16.35174,48.20222],[16.35166,48.20224],[16.35142,48.20226],[16.35117,48.20227],[16.35096,48.20226],[16.35006,48.20221],[16.34941,48.20218],[16.34925,48.20218],[16.34919,48.20216],[16.34913,48.20213],[16.34909,48.2021],[16.34906,48.20207],[16.34903,48.20202],[16.34903,48.20192],[16.34902,48.20188],[16.34899,48.20184],[16.34896,48.20181],[16.34888,48.20177],[16.3488,48.20176],[16.34835,48.20179],[16.34738,48.20181],[16.34696,48.20181],[16.34596,48.20183],[16.34558,48.20184],[16.34535,48.20184],[16.3451,48.20185],[16.34332,48.20184],[16.34085,48.20186],[16.34048,48.20186],[16.34027,48.20184],[16.33867,48.20173],[16.33797,48.20166],[16.33787,48.20165],[16.33779,48.20162],[16.33777,48.20161],[16.33773,48.20158],[16.33769,48.20153],[16.33763,48.2014],[16.33758,48.20117],[16.33753,48.20098],[16.3375,48.20092],[16.3374,48.20086],[16.33733,48.20083],[16.3372,48.20079],[16.33612,48.20049],[16.33602,48.20044],[16.33258,48.19948],[16.32876,48.19842],[16.32849,48.19834],[16.3257,48.19757],[16.32559,48.19756],[16.3255,48.19756],[16.32542,48.19758],[16.32536,48.19761],[16.32531,48.19766],[16.32526,48.19771],[16.3252,48.19785],[16.32514,48.19795],[16.32505,48.19811],[16.32483,48.19847],[16.32479,48.19853],[16.32473,48.19858],[16.32467,48.19861],[16.3246,48.19862],[16.32433,48.19865],[16.32183,48.19885],[16.32007,48.19897],[16.31989,48.19898],[16.31948,48.19901],[16.31937,48.19902],[16.31909,48.19906],[16.31872,48.19912],[16.31855,48.19913],[16.31834,48.19913],[16.31817,48.19912],[16.31793,48.19908],[16.31773,48.19907],[16.31305,48.19902],[16.31186,48.19901],[16.31152,48.199],[16.31064,48.19899],[16.30778,48.19897],[16.30741,48.19897],[16.30724,48.19896],[16.30713,48.19896],[16.30698,48.19895],[16.30665,48.19892],[16.30619,48.19883],[16.30561,48.19871],[16.30435,48.19845],[16.30407,48.1984],[16.30293,48.19823],[16.3023,48.19813],[16.30005,48.19778],[16.29923,48.19768],[16.29709,48.19744],[16.29545,48.19731],[16.29508,48.19729],[16.29361,48.19716],[16.29291,48.19711],[16.29045,48.19696],[16.28861,48.19684],[16.28845,48.19684],[16.28833,48.19684],[16.28753,48.19687],[16.28715,48.19688],[16.28683,48.1969],[16.28646,48.19691],[16.28597,48.19697],[16.28518,48.19707],[16.28415,48.19719],[16.28244,48.19739],[16.28141,48.19752],[16.27781,48.19794],[16.27584,48.19819],[16.27569,48.19821],[16.2756,48.19823],[16.27394,48.19858],[16.27229,48.19894],[16.27211,48.19898],[16.27186,48.19902],[16.27129,48.19911],[16.27031,48.1993],[16.26812,48.19974],[16.26793,48.19979],[16.26764,48.19988],[16.26746,48.19995],[16.26541,48.20073],[16.26526,48.20079],[16.26477,48.20096],[16.26399,48.20123],[16.26364,48.20132],[16.26252,48.20155],[16.26222,48.2016],[16.26164,48.2017],[16.26135,48.20175],[16.26106,48.2018],[16.26071,48.20185],[16.2603,48.20188],[16.26017,48.20188],[16.26002,48.20187],[16.25952,48.20183],[16.2592,48.20183],[16.25851,48.20187],[16.25823,48.20189],[16.25788,48.20192],[16.25727,48.202],[16.25697,48.20205],[16.25666,48.2021],[16.25649,48.20214],[16.25638,48.20216],[16.25622,48.20221],[16.25602,48.20227],[16.25588,48.20233],[16.25581,48.20236],[16.25578,48.2024],[16.25575,48.20246],[16.25575,48.2025],[16.25578,48.20255],[16.2558,48.20258],[16.25586,48.20263],[16.25592,48.20267]]}},{"type":"Feature","properties":{"lineId":"52","name":"52","longName":"Westbahnhof - Baumgarten","mode":"tram","color":"#C00808","stops":[{"name":"Baumgarten","lon":16.27116,"lat":48.19909},{"name":"Linzer Str., Hochsatzengasse","lon":16.27661,"lat":48.19702},{"name":"Gruschaplatz","lon":16.28313,"lat":48.19523},{"name":"Zehetnergasse","lon":16.28585,"lat":48.19458},{"name":"Gusenleithnergasse","lon":16.28973,"lat":48.19463},{"name":"Linzer Straße,Lützowgasse","lon":16.29518,"lat":48.19431},{"name":"Ameisgasse","lon":16.2991,"lat":48.19394},{"name":"Diesterweggasse","lon":16.3056,"lat":48.19378},{"name":"Reinlgasse","lon":16.31101,"lat":48.19327},{"name":"Linzer Straße","lon":16.31486,"lat":48.19267},{"name":"Schloss Schönbrunn","lon":16.31353,"lat":48.18828},{"name":"Hietzing","lon":16.3041,"lat":48.18768},{"name":"Dommayergasse","lon":16.29898,"lat":48.18645},{"name":"Gloriettegasse","lon":16.29132,"lat":48.18302},{"name":"Stadlergasse","lon":16.28588,"lat":48.18175},{"name":"Jagdschloßgasse","lon":16.28369,"lat":48.17732},{"name":"Preyergasse","lon":16.28522,"lat":48.17382},{"name":"Hofwiesengasse","lon":16.28712,"lat":48.17058},{"name":"Wattmanngasse","lon":16.29088,"lat":48.17089}],"lengthKm":8.1},"geometry":{"type":"LineString","coordinates":[[16.27118,48.19913],[16.27129,48.19911],[16.2715,48.19903],[16.27158,48.19898],[16.27165,48.1989],[16.27173,48.19884],[16.27195,48.19875],[16.27266,48.19847],[16.2736,48.1981],[16.27399,48.19794],[16.27424,48.19784],[16.27495,48.19758],[16.27538,48.19743],[16.27662,48.19704],[16.27672,48.19701],[16.27684,48.19696],[16.27696,48.19689],[16.27708,48.19681],[16.2778,48.19625],[16.27794,48.19614],[16.27806,48.19606],[16.27817,48.19601],[16.27826,48.19597],[16.27838,48.19593],[16.27851,48.1959],[16.2787,48.19586],[16.27907,48.19582],[16.27983,48.19572],[16.28067,48.1956],[16.28109,48.19556],[16.28161,48.19552],[16.28215,48.19544],[16.28272,48.19534],[16.28314,48.19524],[16.28337,48.19519],[16.28514,48.19474],[16.28551,48.19466],[16.28586,48.1946],[16.28596,48.19459],[16.28612,48.19457],[16.28625,48.19457],[16.28642,48.19457],[16.28663,48.19459],[16.28692,48.19463],[16.28718,48.19468],[16.28756,48.1947],[16.28776,48.1947],[16.28958,48.19466],[16.28974,48.19465],[16.28986,48.19464],[16.29012,48.19462],[16.29161,48.19429],[16.29181,48.19426],[16.29197,48.19424],[16.29235,48.19423],[16.2939,48.19429],[16.29518,48.19433],[16.29549,48.19434],[16.29626,48.1943],[16.2974,48.1942],[16.29832,48.19408],[16.29879,48.19401],[16.29911,48.19396],[16.29916,48.19395],[16.29952,48.19387],[16.2998,48.1938],[16.30072,48.19364],[16.30104,48.19359],[16.30123,48.19357],[16.30148,48.19357],[16.3019,48.19358],[16.30221,48.19361],[16.3042,48.19376],[16.30476,48.19381],[16.305,48.19382],[16.30524,48.19382],[16.3056,48.1938],[16.30592,48.19378],[16.3075,48.19365],[16.309,48.19354],[16.30957,48.19349],[16.3103,48.19341],[16.31103,48.19333],[16.31127,48.1933],[16.31167,48.19323],[16.31314,48.19297],[16.31434,48.1928],[16.31487,48.19273],[16.31525,48.19268],[16.31597,48.19253],[16.3161,48.19249],[16.31617,48.19244],[16.31622,48.19239],[16.31624,48.19233],[16.31625,48.19227],[16.31619,48.19214],[16.31532,48.19054],[16.31527,48.19047],[16.31519,48.19039],[16.3151,48.19034],[16.31502,48.19028],[16.31493,48.19016],[16.31485,48.19001],[16.31421,48.18883],[16.31412,48.18866],[16.31405,48.18853],[16.31397,48.18843],[16.3139,48.18838],[16.31383,48.18835],[16.31355,48.18826],[16.31345,48.18822],[16.31314,48.18813],[16.31301,48.1881],[16.31287,48.1881],[16.31234,48.1881],[16.31173,48.18809],[16.31062,48.188],[16.31037,48.18799],[16.31001,48.18799],[16.3085,48.18801],[16.3077,48.18805],[16.30684,48.18809],[16.30606,48.18813],[16.30523,48.18815],[16.3047,48.18814],[16.30452,48.18812],[16.30442,48.1881],[16.30438,48.18808],[16.30434,48.18806],[16.30428,48.18799],[16.30426,48.18796],[16.30424,48.1879],[16.30424,48.18788],[16.30415,48.18767],[16.30409,48.18756],[16.30401,48.1875],[16.30391,48.18744],[16.30358,48.18745],[16.30348,48.18744],[16.30337,48.18742],[16.30327,48.18739],[16.3032,48.18734],[16.30311,48.18727],[16.30303,48.18721],[16.30297,48.18713],[16.30254,48.18659],[16.30237,48.18633],[16.30232,48.18627],[16.30227,48.18623],[16.30215,48.18617],[16.30207,48.18614],[16.30201,48.18612],[16.30193,48.18611],[16.30182,48.1861],[16.30173,48.1861],[16.30156,48.18613],[16.30093,48.1862],[16.29964,48.18633],[16.29897,48.18642],[16.29883,48.18643],[16.29872,48.18643],[16.29862,48.1864],[16.29854,48.18637],[16.29847,48.18629],[16.29839,48.18624],[16.29828,48.18619],[16.2979,48.18603],[16.29745,48.18586],[16.2968,48.18557],[16.29526,48.18487],[16.29496,48.1847],[16.2941,48.18424],[16.29386,48.1841],[16.29323,48.18365],[16.29289,48.18334],[16.29265,48.18311],[16.29259,48.18306],[16.29251,48.18302],[16.2924,48.183],[16.29232,48.18299],[16.29132,48.18297],[16.28997,48.18293],[16.28983,48.18293],[16.28971,48.18292],[16.28933,48.18287],[16.2878,48.18262],[16.28767,48.1826],[16.28754,48.18256],[16.2873,48.18247],[16.2866,48.18221],[16.28646,48.18215],[16.28635,48.18209],[16.28625,48.18201],[16.28594,48.18172],[16.2856,48.1814],[16.28518,48.18099],[16.28487,48.1807],[16.28418,48.17999],[16.28412,48.17991],[16.2841,48.17984],[16.2841,48.17977],[16.28411,48.17966],[16.2842,48.17904],[16.2842,48.17891],[16.28402,48.17808],[16.28392,48.17771],[16.28386,48.17749],[16.28377,48.17731],[16.28366,48.17707],[16.28365,48.17698],[16.28366,48.17691],[16.2837,48.17682],[16.28389,48.17649],[16.28393,48.17639],[16.28399,48.17613],[16.28407,48.17567],[16.28411,48.17525],[16.28413,48.17511],[16.28419,48.17491],[16.28447,48.17419],[16.28451,48.17412],[16.28456,48.17406],[16.28463,48.17401],[16.28469,48.17399],[16.28476,48.17397],[16.28525,48.17387],[16.28545,48.17383],[16.28617,48.17368],[16.28634,48.17364],[16.28641,48.17361],[16.28647,48.17356],[16.2865,48.17353],[16.28668,48.17317],[16.28674,48.17303],[16.28704,48.17212],[16.28712,48.17179],[16.28717,48.17153],[16.28724,48.17058],[16.28725,48.17044],[16.28727,48.17037],[16.28729,48.17034],[16.28734,48.1703],[16.2874,48.17027],[16.28747,48.17026],[16.28754,48.17026],[16.28761,48.17026],[16.28848,48.17043],[16.28924,48.1706],[16.28981,48.17077],[16.29013,48.17084],[16.29047,48.17089],[16.29077,48.17092],[16.29088,48.17093]]}},{"type":"Feature","properties":{"lineId":"60","name":"60","longName":"Westbahnhof - Rodaun VCM","mode":"tram","color":"#C00808","stops":[{"name":"Baumgarten","lon":16.27116,"lat":48.19909},{"name":"Linzer Str., Hochsatzengasse","lon":16.27661,"lat":48.19702},{"name":"Gruschaplatz","lon":16.28313,"lat":48.19523},{"name":"Zehetnergasse","lon":16.28585,"lat":48.19458},{"name":"Gusenleithnergasse","lon":16.28973,"lat":48.19463},{"name":"Linzer Straße,Lützowgasse","lon":16.29518,"lat":48.19431},{"name":"Ameisgasse","lon":16.2991,"lat":48.19394},{"name":"Diesterweggasse","lon":16.3056,"lat":48.19378},{"name":"Reinlgasse","lon":16.31101,"lat":48.19327},{"name":"Linzer Straße","lon":16.31486,"lat":48.19267},{"name":"Schloss Schönbrunn","lon":16.31353,"lat":48.18828},{"name":"Hietzing","lon":16.3041,"lat":48.18768},{"name":"Dommayergasse","lon":16.29898,"lat":48.18645},{"name":"Gloriettegasse","lon":16.29132,"lat":48.18302},{"name":"Stadlergasse","lon":16.28588,"lat":48.18175},{"name":"Jagdschloßgasse","lon":16.28369,"lat":48.17732},{"name":"Preyergasse","lon":16.28522,"lat":48.17382},{"name":"Hofwiesengasse","lon":16.28712,"lat":48.17058},{"name":"Speising, Hermesstraße","lon":16.28421,"lat":48.16846},{"name":"Riedelgasse","lon":16.27937,"lat":48.16304},{"name":"Sillerplatz","lon":16.27628,"lat":48.1596},{"name":"Franz-Asenbauer-Gasse","lon":16.27118,"lat":48.15475},{"name":"Maurer Hauptplatz","lon":16.26864,"lat":48.1499},{"name":"Maurer Lange Gasse","lon":16.26815,"lat":48.14732},{"name":"Anton-Krieger-Gasse","lon":16.27034,"lat":48.14299},{"name":"Rodaunbrücke","lon":16.26773,"lat":48.13873},{"name":"Kaiser-Franz-Josef-Straße","lon":16.26674,"lat":48.13612},{"name":"Rodaun","lon":16.26242,"lat":48.13317},{"name":"Rodaun","lon":16.2631,"lat":48.13249}],"lengthKm":12.8},"geometry":{"type":"LineString","coordinates":[[16.27118,48.19913],[16.27129,48.19911],[16.2715,48.19903],[16.27158,48.19898],[16.27165,48.1989],[16.27173,48.19884],[16.27195,48.19875],[16.27266,48.19847],[16.2736,48.1981],[16.27399,48.19794],[16.27424,48.19784],[16.27495,48.19758],[16.27538,48.19743],[16.27662,48.19704],[16.27672,48.19701],[16.27684,48.19696],[16.27696,48.19689],[16.27708,48.19681],[16.2778,48.19625],[16.27794,48.19614],[16.27806,48.19606],[16.27817,48.19601],[16.27826,48.19597],[16.27838,48.19593],[16.27851,48.1959],[16.2787,48.19586],[16.27907,48.19582],[16.27983,48.19572],[16.28067,48.1956],[16.28109,48.19556],[16.28161,48.19552],[16.28215,48.19544],[16.28272,48.19534],[16.28314,48.19524],[16.28337,48.19519],[16.28514,48.19474],[16.28551,48.19466],[16.28586,48.1946],[16.28596,48.19459],[16.28612,48.19457],[16.28625,48.19457],[16.28642,48.19457],[16.28663,48.19459],[16.28692,48.19463],[16.28718,48.19468],[16.28756,48.1947],[16.28776,48.1947],[16.28958,48.19466],[16.28974,48.19465],[16.28986,48.19464],[16.29012,48.19462],[16.29161,48.19429],[16.29181,48.19426],[16.29197,48.19424],[16.29235,48.19423],[16.2939,48.19429],[16.29518,48.19433],[16.29549,48.19434],[16.29626,48.1943],[16.2974,48.1942],[16.29832,48.19408],[16.29879,48.19401],[16.29911,48.19396],[16.29916,48.19395],[16.29952,48.19387],[16.2998,48.1938],[16.30072,48.19364],[16.30104,48.19359],[16.30123,48.19357],[16.30148,48.19357],[16.3019,48.19358],[16.30221,48.19361],[16.3042,48.19376],[16.30476,48.19381],[16.305,48.19382],[16.30524,48.19382],[16.3056,48.1938],[16.30592,48.19378],[16.3075,48.19365],[16.309,48.19354],[16.30957,48.19349],[16.3103,48.19341],[16.31103,48.19333],[16.31127,48.1933],[16.31167,48.19323],[16.31314,48.19297],[16.31434,48.1928],[16.31487,48.19273],[16.31525,48.19268],[16.31597,48.19253],[16.3161,48.19249],[16.31617,48.19244],[16.31622,48.19239],[16.31624,48.19233],[16.31625,48.19227],[16.31619,48.19214],[16.31532,48.19054],[16.31527,48.19047],[16.31519,48.19039],[16.3151,48.19034],[16.31502,48.19028],[16.31493,48.19016],[16.31485,48.19001],[16.31421,48.18883],[16.31412,48.18866],[16.31405,48.18853],[16.31397,48.18843],[16.3139,48.18838],[16.31383,48.18835],[16.31355,48.18826],[16.31345,48.18822],[16.31314,48.18813],[16.31301,48.1881],[16.31287,48.1881],[16.31234,48.1881],[16.31173,48.18809],[16.31062,48.188],[16.31037,48.18799],[16.31001,48.18799],[16.3085,48.18801],[16.3077,48.18805],[16.30684,48.18809],[16.30606,48.18813],[16.30523,48.18815],[16.3047,48.18814],[16.30452,48.18812],[16.30442,48.1881],[16.30438,48.18808],[16.30434,48.18806],[16.30428,48.18799],[16.30426,48.18796],[16.30424,48.1879],[16.30424,48.18788],[16.30415,48.18767],[16.30409,48.18756],[16.30401,48.1875],[16.30391,48.18744],[16.30358,48.18745],[16.30348,48.18744],[16.30337,48.18742],[16.30327,48.18739],[16.3032,48.18734],[16.30311,48.18727],[16.30303,48.18721],[16.30297,48.18713],[16.30254,48.18659],[16.30237,48.18633],[16.30232,48.18627],[16.30227,48.18623],[16.30215,48.18617],[16.30207,48.18614],[16.30201,48.18612],[16.30193,48.18611],[16.30182,48.1861],[16.30173,48.1861],[16.30156,48.18613],[16.30093,48.1862],[16.29964,48.18633],[16.29897,48.18642],[16.29883,48.18643],[16.29872,48.18643],[16.29862,48.1864],[16.29854,48.18637],[16.29847,48.18629],[16.29839,48.18624],[16.29828,48.18619],[16.2979,48.18603],[16.29745,48.18586],[16.2968,48.18557],[16.29526,48.18487],[16.29496,48.1847],[16.2941,48.18424],[16.29386,48.1841],[16.29323,48.18365],[16.29289,48.18334],[16.29265,48.18311],[16.29259,48.18306],[16.29251,48.18302],[16.2924,48.183],[16.29232,48.18299],[16.29132,48.18297],[16.28997,48.18293],[16.28983,48.18293],[16.28971,48.18292],[16.28933,48.18287],[16.2878,48.18262],[16.28767,48.1826],[16.28754,48.18256],[16.2873,48.18247],[16.2866,48.18221],[16.28646,48.18215],[16.28635,48.18209],[16.28625,48.18201],[16.28594,48.18172],[16.2856,48.1814],[16.28518,48.18099],[16.28487,48.1807],[16.28418,48.17999],[16.28412,48.17991],[16.2841,48.17984],[16.2841,48.17977],[16.28411,48.17966],[16.2842,48.17904],[16.2842,48.17891],[16.28402,48.17808],[16.28392,48.17771],[16.28386,48.17749],[16.28377,48.17731],[16.28366,48.17707],[16.28365,48.17698],[16.28366,48.17691],[16.2837,48.17682],[16.28389,48.17649],[16.28393,48.17639],[16.28399,48.17613],[16.28407,48.17567],[16.28411,48.17525],[16.28413,48.17511],[16.28419,48.17491],[16.28447,48.17419],[16.28451,48.17412],[16.28456,48.17406],[16.28463,48.17401],[16.28469,48.17399],[16.28476,48.17397],[16.28525,48.17387],[16.28545,48.17383],[16.28617,48.17368],[16.28634,48.17364],[16.28641,48.17361],[16.28647,48.17356],[16.2865,48.17353],[16.28668,48.17317],[16.28674,48.17303],[16.28704,48.17212],[16.28712,48.17179],[16.28717,48.17153],[16.28724,48.17058],[16.28725,48.17044],[16.28725,48.17038],[16.28724,48.17032],[16.28722,48.17025],[16.28718,48.17021],[16.2871,48.17016],[16.28698,48.17012],[16.28637,48.17001],[16.28626,48.16998],[16.28607,48.1699],[16.28596,48.16982],[16.28561,48.16957],[16.28537,48.16939],[16.28467,48.16881],[16.28437,48.16853],[16.28428,48.16844],[16.28409,48.16824],[16.28338,48.16746],[16.28242,48.16639],[16.28185,48.16575],[16.28157,48.16543],[16.28111,48.1649],[16.27991,48.16358],[16.27962,48.16324],[16.27948,48.16306],[16.27944,48.16302],[16.27925,48.1628],[16.27876,48.16226],[16.27848,48.16195],[16.27782,48.16122],[16.277,48.1603],[16.27659,48.15984],[16.27634,48.15957],[16.27598,48.15916],[16.27525,48.15836],[16.27457,48.15759],[16.27332,48.15619],[16.273,48.15584],[16.27289,48.15575],[16.2728,48.15568],[16.27174,48.15502],[16.27123,48.15471],[16.27114,48.15465],[16.271,48.15456],[16.27091,48.15449],[16.27082,48.1544],[16.27077,48.15433],[16.27046,48.1538],[16.27003,48.15292],[16.26963,48.15214],[16.26893,48.15073],[16.26889,48.15063],[16.26888,48.15047],[16.26872,48.14989],[16.26861,48.14948],[16.26851,48.14909],[16.26823,48.14779],[16.26822,48.14765],[16.26824,48.1475],[16.26823,48.14731],[16.26822,48.14708],[16.26824,48.14686],[16.26827,48.14679],[16.26831,48.14672],[16.26841,48.1466],[16.26853,48.14649],[16.26878,48.14627],[16.2689,48.14617],[16.26902,48.1461],[16.26925,48.14597],[16.26961,48.14573],[16.26975,48.14561],[16.26985,48.14548],[16.26994,48.14534],[16.27001,48.14521],[16.27003,48.14512],[16.27015,48.14453],[16.2703,48.14374],[16.27041,48.14312],[16.27041,48.14299],[16.27041,48.14287],[16.2704,48.14257],[16.27039,48.14243],[16.27037,48.14234],[16.27033,48.14222],[16.27027,48.14211],[16.26993,48.14149],[16.26979,48.14124],[16.26971,48.1411],[16.26959,48.14092],[16.26952,48.14082],[16.2692,48.14039],[16.26783,48.13869],[16.26721,48.13791],[16.26713,48.13778],[16.26707,48.13766],[16.26703,48.13757],[16.26699,48.13743],[16.26695,48.1371],[16.26694,48.137],[16.26684,48.13611],[16.26663,48.13416],[16.26657,48.13408],[16.26654,48.13403],[16.2665,48.13399],[16.26644,48.13397],[16.26624,48.13393],[16.26577,48.13384],[16.2656,48.13382],[16.26534,48.1338],[16.26484,48.13377],[16.26431,48.13377],[16.26387,48.13377],[16.26357,48.13375],[16.26282,48.13366],[16.26267,48.13364],[16.2626,48.13362],[16.26254,48.13359],[16.2625,48.13355],[16.26246,48.13349],[16.26243,48.13343],[16.26241,48.13339],[16.26241,48.13335],[16.26242,48.13329],[16.26245,48.13317],[16.26248,48.13304],[16.26252,48.13297],[16.26255,48.13293],[16.26258,48.1329],[16.26268,48.13283],[16.26271,48.13281],[16.26314,48.13252]]}},{"type":"Feature","properties":{"lineId":"62","name":"62","longName":"Oper/Karlsplatz - Lainz, Wolkersbergenstraße","mode":"tram","color":"#C00808","stops":[{"name":"Oper/Karlsplatz","lon":16.3704,"lat":48.20203},{"name":"Resselgasse","lon":16.36761,"lat":48.19863},{"name":"Paulanergasse","lon":16.36696,"lat":48.19517},{"name":"Mayerhofgasse","lon":16.36687,"lat":48.1926},{"name":"Johann-Strauß-Gasse","lon":16.36637,"lat":48.19055},{"name":"Laurenzgasse","lon":16.36292,"lat":48.18588},{"name":"Kliebergasse","lon":16.36412,"lat":48.18309},{"name":"Matzleinsdorfer Platz","lon":16.35945,"lat":48.18092},{"name":"Eichenstraße","lon":16.34967,"lat":48.18053},{"name":"Marx-Meidlinger-Straße","lon":16.3445,"lat":48.18059},{"name":"Flurschützstraße","lon":16.34048,"lat":48.17952},{"name":"Aßmayergasse","lon":16.33803,"lat":48.17887},{"name":"Dörfelstraße","lon":16.33498,"lat":48.17534},{"name":"Meidling","lon":16.33075,"lat":48.17446},{"name":"Wienerbergbrücke","lon":16.3279,"lat":48.17246},{"name":"Sonnergasse","lon":16.31936,"lat":48.16814},{"name":"Hetzendorf","lon":16.31376,"lat":48.16587},{"name":"Schloss Hetzendorf","lon":16.30959,"lat":48.16726},{"name":"Rosenhügelstraße","lon":16.30201,"lat":48.16909},{"name":"Atzgersdorfer Straße","lon":16.2969,"lat":48.17055},{"name":"Wattmanngasse","lon":16.29198,"lat":48.17094},{"name":"Hofwiesengasse","lon":16.28778,"lat":48.17033},{"name":"Speising, Hermesstraße","lon":16.28421,"lat":48.16846},{"name":"Klinik Hietzing","lon":16.27946,"lat":48.16892},{"name":"Versorgungsheimplatz","lon":16.27612,"lat":48.17276},{"name":"Lainz, Wolkersbergenstraße","lon":16.27412,"lat":48.17555},{"name":"Lainz, Wolkersbergenstraße","lon":16.27423,"lat":48.17516}],"lengthKm":11},"geometry":{"type":"LineString","coordinates":[[16.37039,48.202],[16.3703,48.20202],[16.37002,48.20209],[16.3698,48.20213],[16.36972,48.20213],[16.36966,48.20212],[16.36961,48.2021],[16.36952,48.20203],[16.36913,48.20121],[16.36909,48.20106],[16.36894,48.20073],[16.3688,48.20044],[16.3686,48.20011],[16.36837,48.19966],[16.36833,48.19962],[16.36828,48.19957],[16.36808,48.19945],[16.36802,48.19941],[16.36798,48.19937],[16.36794,48.19933],[16.3679,48.19926],[16.36784,48.19912],[16.36767,48.19871],[16.36765,48.19863],[16.3676,48.19847],[16.36756,48.19823],[16.3675,48.19775],[16.36748,48.19757],[16.36742,48.19708],[16.36739,48.19694],[16.36734,48.19672],[16.36724,48.19638],[16.36712,48.19584],[16.36709,48.19568],[16.36706,48.19531],[16.36706,48.19517],[16.36706,48.19512],[16.36709,48.19481],[16.36711,48.1946],[16.36715,48.19412],[16.36715,48.19396],[16.36715,48.19381],[16.36711,48.19352],[16.36695,48.1926],[16.36687,48.19217],[16.36679,48.19166],[16.36672,48.19133],[16.36663,48.19103],[16.36647,48.19055],[16.36646,48.19053],[16.36636,48.19032],[16.36628,48.19018],[16.36605,48.18986],[16.36588,48.18969],[16.36564,48.18944],[16.36529,48.18909],[16.36496,48.18869],[16.36473,48.18838],[16.36457,48.18811],[16.36425,48.18754],[16.36405,48.18726],[16.36383,48.18695],[16.3636,48.18666],[16.36294,48.18587],[16.36262,48.18551],[16.3623,48.18507],[16.36229,48.18502],[16.36229,48.18499],[16.36231,48.18495],[16.36238,48.18488],[16.36245,48.18478],[16.36307,48.18417],[16.36378,48.18345],[16.36413,48.18309],[16.36436,48.18286],[16.36437,48.18283],[16.36436,48.1828],[16.36432,48.18275],[16.36332,48.18238],[16.35993,48.18106],[16.35966,48.18096],[16.35947,48.1809],[16.35922,48.18083],[16.35652,48.18006],[16.35612,48.18001],[16.3558,48.17999],[16.3554,48.17998],[16.35502,48.18001],[16.35265,48.18016],[16.35197,48.1802],[16.35122,48.18026],[16.35072,48.18031],[16.35042,48.18034],[16.34973,48.18043],[16.34962,48.18048],[16.34922,48.18065],[16.34907,48.18073],[16.34897,48.1808],[16.34888,48.18086],[16.34874,48.18099],[16.34851,48.18123],[16.34837,48.18139],[16.34823,48.18146],[16.34815,48.18149],[16.34807,48.18152],[16.34799,48.18153],[16.34786,48.18153],[16.34774,48.18151],[16.3475,48.18141],[16.34727,48.1813],[16.34604,48.18095],[16.34525,48.18074],[16.34454,48.18053],[16.34424,48.18044],[16.34345,48.18023],[16.34214,48.1799],[16.34051,48.17946],[16.33995,48.17931],[16.33805,48.17883],[16.33781,48.17877],[16.33765,48.17868],[16.33703,48.17831],[16.33609,48.17773],[16.33519,48.17715],[16.33513,48.17709],[16.33513,48.17703],[16.33518,48.17692],[16.33532,48.17659],[16.33548,48.17609],[16.33572,48.17558],[16.33568,48.17555],[16.33566,48.17552],[16.33562,48.17548],[16.33556,48.17542],[16.33501,48.1753],[16.33177,48.17461],[16.33077,48.17442],[16.33071,48.17441],[16.33006,48.17425],[16.32994,48.1742],[16.32985,48.17409],[16.3298,48.174],[16.32982,48.17375],[16.32991,48.1734],[16.32986,48.1733],[16.32976,48.1732],[16.32966,48.17316],[16.32848,48.17265],[16.32792,48.17243],[16.32781,48.17239],[16.32718,48.17224],[16.3261,48.17203],[16.3254,48.17191],[16.32511,48.17183],[16.32491,48.17177],[16.32433,48.17156],[16.32188,48.17029],[16.32134,48.16989],[16.32038,48.16896],[16.31989,48.16846],[16.31947,48.16808],[16.31923,48.16786],[16.31888,48.16755],[16.31771,48.1665],[16.31721,48.16607],[16.31664,48.16563],[16.3154,48.1647],[16.31532,48.16466],[16.31523,48.16464],[16.31517,48.16464],[16.31509,48.16466],[16.31504,48.16469],[16.31501,48.16472],[16.31454,48.16524],[16.31434,48.16545],[16.31412,48.16562],[16.3139,48.16574],[16.31371,48.16583],[16.31365,48.16585],[16.31325,48.16599],[16.31248,48.16619],[16.3118,48.1664],[16.30959,48.16724],[16.30892,48.1673],[16.30775,48.16738],[16.3067,48.1675],[16.30596,48.16763],[16.30536,48.16778],[16.30427,48.16809],[16.30369,48.16828],[16.30304,48.16853],[16.30227,48.16891],[16.30198,48.16905],[16.30173,48.16917],[16.30147,48.16929],[16.30108,48.16947],[16.30011,48.16993],[16.29965,48.17017],[16.29949,48.17022],[16.2993,48.17025],[16.29853,48.17035],[16.2973,48.17046],[16.29689,48.17049],[16.29197,48.17088],[16.29127,48.17093],[16.29077,48.17092],[16.29047,48.17089],[16.29013,48.17084],[16.28981,48.17077],[16.28924,48.1706],[16.28848,48.17043],[16.28778,48.1703],[16.2875,48.17025],[16.28718,48.17016],[16.28637,48.17001],[16.28626,48.16998],[16.28607,48.1699],[16.28596,48.16982],[16.28561,48.16957],[16.28537,48.16939],[16.28467,48.16881],[16.28437,48.16853],[16.28428,48.16844],[16.28409,48.16824],[16.28396,48.16815],[16.28385,48.16812],[16.28371,48.16811],[16.28334,48.16812],[16.28316,48.16814],[16.28287,48.1682],[16.28276,48.16822],[16.28263,48.16822],[16.2825,48.16822],[16.28202,48.16819],[16.28176,48.1682],[16.28144,48.16822],[16.28101,48.16828],[16.28083,48.16831],[16.28064,48.16836],[16.28041,48.16842],[16.28013,48.16852],[16.27993,48.16861],[16.27968,48.16873],[16.2794,48.16888],[16.27933,48.16892],[16.27893,48.16918],[16.27872,48.16933],[16.27848,48.16952],[16.2782,48.16978],[16.27793,48.17007],[16.27771,48.17034],[16.27628,48.1724],[16.2762,48.17252],[16.27605,48.17274],[16.2759,48.17295],[16.27585,48.17303],[16.27576,48.17314],[16.27453,48.17494],[16.27432,48.17527],[16.27414,48.1755],[16.2741,48.17554],[16.27394,48.17572],[16.2739,48.17575],[16.27386,48.17578],[16.27383,48.17579],[16.27379,48.17581],[16.27372,48.17582],[16.27366,48.17582],[16.27361,48.17582],[16.27354,48.1758],[16.2735,48.17578],[16.27347,48.17577],[16.27344,48.17574],[16.2734,48.1757],[16.27339,48.17566],[16.27338,48.17562],[16.27339,48.17558],[16.2734,48.17555],[16.27342,48.17552],[16.27345,48.17549],[16.27348,48.17547],[16.27352,48.17545],[16.27357,48.17543],[16.27363,48.17542],[16.27369,48.17541],[16.27381,48.17541],[16.27397,48.17541],[16.27403,48.17539],[16.27409,48.17537],[16.27413,48.17534],[16.27417,48.17531],[16.27427,48.17517]]}},{"type":"Feature","properties":{"lineId":"71","name":"71","longName":"Schottenring - Kaiserebersdorf","mode":"tram","color":"#C00808","stops":[{"name":"Kaiserebersdorf, Zinnergasse","lon":16.47031,"lat":48.15944},{"name":"Kaiserebersdorf, Zinnergasse","lon":16.46985,"lat":48.15957},{"name":"Valiergasse","lon":16.46867,"lat":48.15717},{"name":"Svetelskystraße","lon":16.46646,"lat":48.15466},{"name":"Leberberg","lon":16.45918,"lat":48.15515},{"name":"Widholzgasse","lon":16.45537,"lat":48.15482},{"name":"Zentralfriedhof 4.Tor","lon":16.4527,"lat":48.15164},{"name":"Zentralfriedhof 3.Tor","lon":16.44977,"lat":48.15243},{"name":"Zentralfriedhof 2.Tor","lon":16.44235,"lat":48.15442},{"name":"Zentralfriedhof 1.Tor","lon":16.43391,"lat":48.15874},{"name":"Weißenböckstraße","lon":16.42896,"lat":48.16191},{"name":"Fickeysstraße","lon":16.42367,"lat":48.16713},{"name":"Simmering","lon":16.42014,"lat":48.17046},{"name":"Braunhubergasse","lon":16.41903,"lat":48.17158},{"name":"Enkplatz","lon":16.41669,"lat":48.17392},{"name":"Hauffgasse","lon":16.41297,"lat":48.1775},{"name":"Zippererstraße","lon":16.41068,"lat":48.17947},{"name":"Molitorgasse","lon":16.40823,"lat":48.18162},{"name":"Litfaßstraße","lon":16.40487,"lat":48.18448},{"name":"St. Marx","lon":16.40011,"lat":48.18863},{"name":"Oberzellergasse","lon":16.39527,"lat":48.19178},{"name":"Kleistgasse","lon":16.39024,"lat":48.19371},{"name":"Rennweg","lon":16.3869,"lat":48.19445},{"name":"Unteres Belvedere","lon":16.38147,"lat":48.1966},{"name":"Am Heumarkt","lon":16.37706,"lat":48.19858},{"name":"Schwarzenbergplatz","lon":16.37472,"lat":48.20109},{"name":"Oper/Karlsplatz","lon":16.37008,"lat":48.20233},{"name":"Burgring","lon":16.36417,"lat":48.20376},{"name":"Ring/Volkstheater","lon":16.36007,"lat":48.2068},{"name":"Parlament","lon":16.36009,"lat":48.20821},{"name":"Rathausplatz/Burgtheater","lon":16.36069,"lat":48.21029},{"name":"Schottentor","lon":16.36212,"lat":48.2137},{"name":"Börse","lon":16.36624,"lat":48.21559},{"name":"Schottenring","lon":16.37167,"lat":48.21637}],"lengthKm":13.3},"geometry":{"type":"LineString","coordinates":[[16.47022,48.15946],[16.47028,48.15958],[16.47031,48.15962],[16.47037,48.1597],[16.4704,48.15975],[16.47041,48.15978],[16.47041,48.15982],[16.4704,48.15985],[16.47037,48.1599],[16.47033,48.15993],[16.4703,48.15995],[16.47026,48.15997],[16.47021,48.15998],[16.47013,48.15999],[16.47007,48.15998],[16.47002,48.15997],[16.46997,48.15995],[16.46992,48.15992],[16.46988,48.15988],[16.46986,48.15984],[16.46985,48.15979],[16.46989,48.15957],[16.46996,48.1591],[16.46997,48.15899],[16.46997,48.15893],[16.46996,48.15889],[16.46995,48.15882],[16.46994,48.15877],[16.46992,48.15873],[16.46986,48.15861],[16.46982,48.15851],[16.46964,48.15823],[16.46947,48.15802],[16.46919,48.15769],[16.46896,48.1574],[16.46873,48.15715],[16.46828,48.15665],[16.46762,48.15587],[16.46722,48.15543],[16.46679,48.15493],[16.46664,48.15476],[16.46652,48.15463],[16.46634,48.15445],[16.46628,48.15441],[16.46618,48.15435],[16.46612,48.15433],[16.46602,48.15429],[16.46591,48.15428],[16.46584,48.15427],[16.46571,48.15427],[16.46566,48.15428],[16.46561,48.15429],[16.46419,48.15456],[16.46348,48.15469],[16.4631,48.15473],[16.46286,48.15475],[16.46212,48.15477],[16.46179,48.15479],[16.46145,48.15482],[16.45989,48.155],[16.45916,48.15513],[16.45902,48.15515],[16.45874,48.15522],[16.45797,48.15539],[16.45708,48.15563],[16.45654,48.15578],[16.45646,48.15579],[16.45642,48.15579],[16.45635,48.15579],[16.45629,48.15578],[16.45623,48.15576],[16.45617,48.15572],[16.45613,48.15569],[16.45608,48.15562],[16.45592,48.15531],[16.45589,48.15527],[16.45552,48.1549],[16.4554,48.1548],[16.45526,48.15466],[16.45522,48.15462],[16.45518,48.15457],[16.45505,48.15434],[16.45495,48.15416],[16.45459,48.15354],[16.4542,48.15287],[16.4541,48.15269],[16.45393,48.15246],[16.45386,48.15239],[16.45379,48.1523],[16.45341,48.15162],[16.45338,48.1516],[16.45335,48.15158],[16.45333,48.15157],[16.4533,48.15155],[16.45323,48.15153],[16.45319,48.15153],[16.45314,48.15152],[16.45309,48.15152],[16.45296,48.15155],[16.45269,48.15162],[16.44975,48.15241],[16.44556,48.15353],[16.44366,48.15404],[16.44298,48.15417],[16.44273,48.15423],[16.4425,48.1543],[16.44232,48.15437],[16.44206,48.15447],[16.43725,48.15678],[16.4365,48.15718],[16.43614,48.15737],[16.43555,48.15772],[16.43388,48.15872],[16.43191,48.15991],[16.43032,48.16087],[16.42999,48.16107],[16.42962,48.16131],[16.42943,48.16145],[16.42915,48.1617],[16.42893,48.16189],[16.42857,48.16221],[16.42803,48.16274],[16.42669,48.16409],[16.42605,48.16473],[16.42568,48.16511],[16.42498,48.16579],[16.42485,48.16595],[16.42427,48.1665],[16.42363,48.16711],[16.42107,48.16953],[16.42071,48.16986],[16.42019,48.17036],[16.4201,48.17044],[16.41939,48.17117],[16.41899,48.17157],[16.41765,48.1729],[16.4175,48.17306],[16.41665,48.17391],[16.41654,48.17401],[16.41622,48.17433],[16.41543,48.17509],[16.41509,48.17542],[16.41457,48.17592],[16.41437,48.17609],[16.41335,48.17706],[16.41292,48.17747],[16.41268,48.1777],[16.41247,48.17789],[16.41138,48.17882],[16.41065,48.17946],[16.41037,48.17971],[16.41031,48.17978],[16.40999,48.18006],[16.4082,48.1816],[16.40754,48.18217],[16.40694,48.18269],[16.40623,48.1833],[16.40601,48.18349],[16.40593,48.18355],[16.40576,48.18366],[16.40563,48.18375],[16.40482,48.18445],[16.4044,48.18481],[16.4041,48.18508],[16.40395,48.18527],[16.40384,48.18539],[16.4037,48.18552],[16.40263,48.18644],[16.40188,48.18707],[16.40072,48.18807],[16.40048,48.18828],[16.40008,48.18862],[16.39974,48.18891],[16.39959,48.18904],[16.3993,48.18929],[16.39916,48.1894],[16.39889,48.18957],[16.39837,48.18988],[16.39816,48.19001],[16.39641,48.1911],[16.39524,48.19175],[16.39491,48.19193],[16.39448,48.19215],[16.39427,48.19225],[16.39326,48.19266],[16.39225,48.19307],[16.39199,48.19317],[16.39163,48.19328],[16.39102,48.19348],[16.39071,48.19357],[16.39052,48.19362],[16.39023,48.19369],[16.38737,48.19436],[16.38695,48.19441],[16.38688,48.19442],[16.38679,48.19444],[16.38649,48.19453],[16.38615,48.19465],[16.38545,48.19488],[16.38432,48.1953],[16.38409,48.19539],[16.38361,48.19558],[16.38246,48.19609],[16.38145,48.19658],[16.38072,48.19693],[16.38037,48.19708],[16.37864,48.19772],[16.37766,48.19809],[16.37757,48.19814],[16.37748,48.19819],[16.37702,48.19856],[16.37649,48.19898],[16.37643,48.19903],[16.37636,48.19908],[16.37629,48.19912],[16.37623,48.19915],[16.37609,48.19919],[16.37591,48.19924],[16.37583,48.19926],[16.37574,48.19929],[16.37569,48.19934],[16.37563,48.1994],[16.37555,48.19956],[16.37536,48.19987],[16.37502,48.20048],[16.37467,48.20109],[16.37456,48.20127],[16.37446,48.20146],[16.37439,48.20154],[16.37432,48.20158],[16.3742,48.20162],[16.37406,48.20163],[16.37391,48.20161],[16.3737,48.20156],[16.3736,48.20154],[16.37352,48.20153],[16.37346,48.20154],[16.37336,48.20156],[16.37007,48.2023],[16.36986,48.20235],[16.36976,48.20237],[16.3696,48.20243],[16.36948,48.20246],[16.36815,48.20276],[16.36797,48.20279],[16.36774,48.20282],[16.36613,48.20318],[16.36452,48.20354],[16.36444,48.20356],[16.36437,48.20359],[16.36432,48.20362],[16.36426,48.20366],[16.36414,48.20375],[16.36404,48.20382],[16.36389,48.20392],[16.36372,48.20401],[16.36137,48.20579],[16.36055,48.20641],[16.36041,48.20651],[16.36009,48.20675],[16.36005,48.20678],[16.35983,48.20695],[16.35978,48.20702],[16.35976,48.20707],[16.35976,48.20713],[16.35977,48.20719],[16.36001,48.20802],[16.36006,48.20821],[16.36013,48.20849],[16.36045,48.20951],[16.36068,48.2103],[16.36122,48.21211],[16.36161,48.21341],[16.36165,48.21347],[16.36169,48.2135],[16.36174,48.21354],[16.36182,48.21358],[16.3621,48.21372],[16.36545,48.21525],[16.36562,48.21533],[16.36622,48.2156],[16.36887,48.21682],[16.37,48.21734],[16.3701,48.21737],[16.3702,48.21737],[16.37033,48.21735],[16.37043,48.21732],[16.37061,48.21717],[16.37078,48.21705],[16.3711,48.21675],[16.37122,48.2167],[16.37139,48.21665],[16.3715,48.21661],[16.37158,48.21653],[16.37171,48.21639]]}},{"type":"Feature","properties":{"lineId":"D","name":"D","longName":"Absberggasse - Nußdorf, Beethovengang VCM","mode":"tram","color":"#C00808","stops":[{"name":"Nußdorf, Beethovengang","lon":16.36271,"lat":48.25952},{"name":"Nußdorf","lon":16.36684,"lat":48.26013},{"name":"Sickenberggasse","lon":16.36707,"lat":48.25824},{"name":"Grinzinger Straße","lon":16.36518,"lat":48.25443},{"name":"Halteraugasse","lon":16.36395,"lat":48.25215},{"name":"Heiligenstadt/12.-Februar-Platz","lon":16.36279,"lat":48.24916},{"name":"Gunoldstraße","lon":16.36169,"lat":48.24498},{"name":"Rampengasse","lon":16.36037,"lat":48.24077},{"name":"Spittelau","lon":16.35676,"lat":48.23599},{"name":"Liechtenwerder Platz","lon":16.35651,"lat":48.23258},{"name":"Augasse","lon":16.35727,"lat":48.23003},{"name":"Althanstraße","lon":16.35923,"lat":48.22896},{"name":"Franz-Josefs-Bahnhof","lon":16.36115,"lat":48.22573},{"name":"Seegasse","lon":16.36137,"lat":48.2231},{"name":"Bauernfeldplatz","lon":16.36067,"lat":48.22114},{"name":"Schlickgasse","lon":16.36431,"lat":48.2186},{"name":"Börse","lon":16.36499,"lat":48.21559},{"name":"Börse","lon":16.36624,"lat":48.21559},{"name":"Schottenring","lon":16.37118,"lat":48.2166},{"name":"Salztorbrücke","lon":16.37375,"lat":48.21415},{"name":"Schwedenplatz","lon":16.37786,"lat":48.21158},{"name":"Julius-Raab-Platz","lon":16.3825,"lat":48.21035},{"name":"Stubentor U","lon":16.38006,"lat":48.2069},{"name":"Weihburggasse","lon":16.37781,"lat":48.2047},{"name":"Schwarzenbergplatz","lon":16.3748,"lat":48.20185},{"name":"Schwarzenbergplatz","lon":16.37467,"lat":48.20063},{"name":"Gußhausstraße","lon":16.37544,"lat":48.19714},{"name":"Plößlgasse","lon":16.37693,"lat":48.19472},{"name":"Schloss Belvedere","lon":16.37897,"lat":48.19211},{"name":"Quartier Belvedere","lon":16.38139,"lat":48.18753},{"name":"Hauptbahnhof Ost S","lon":16.38057,"lat":48.18478},{"name":"Alfred-Adler-Straße","lon":16.38148,"lat":48.18205},{"name":"Hlawkagasse","lon":16.38285,"lat":48.17907},{"name":"Absberggasse","lon":16.38991,"lat":48.17625},{"name":"Absberggasse","lon":16.39036,"lat":48.1765}],"lengthKm":12.4},"geometry":{"type":"LineString","coordinates":[[16.3627,48.25953],[16.36346,48.25957],[16.36424,48.25961],[16.36454,48.25962],[16.36465,48.25963],[16.36474,48.25964],[16.36486,48.25968],[16.3657,48.25994],[16.36586,48.25997],[16.36612,48.26],[16.36629,48.26003],[16.36642,48.26006],[16.3667,48.26016],[16.36682,48.26019],[16.36692,48.26019],[16.36705,48.26017],[16.36715,48.26013],[16.36722,48.26008],[16.36727,48.26],[16.36742,48.25956],[16.36744,48.25947],[16.36744,48.25937],[16.36729,48.25873],[16.36714,48.25823],[16.36708,48.25805],[16.36648,48.2568],[16.36616,48.25613],[16.36574,48.25526],[16.36555,48.25487],[16.3653,48.25447],[16.36526,48.25441],[16.36512,48.25421],[16.36495,48.25389],[16.36445,48.25303],[16.36419,48.25255],[16.36403,48.25213],[16.36394,48.25192],[16.3635,48.25077],[16.36286,48.24914],[16.36279,48.24897],[16.36273,48.24879],[16.36266,48.24862],[16.36248,48.24817],[16.36231,48.24772],[16.36226,48.24754],[16.36207,48.24669],[16.36186,48.24558],[16.36184,48.24541],[16.36181,48.24525],[16.36177,48.24497],[16.36168,48.24431],[16.36166,48.24408],[16.3616,48.24377],[16.36154,48.24348],[16.36122,48.24202],[16.36117,48.24182],[16.36111,48.24166],[16.36102,48.24148],[16.36093,48.24135],[16.36076,48.24112],[16.36059,48.24093],[16.36044,48.24075],[16.35983,48.23999],[16.35946,48.23957],[16.35876,48.23874],[16.35811,48.23799],[16.35777,48.23747],[16.35717,48.23655],[16.35702,48.23633],[16.35686,48.23608],[16.35683,48.23598],[16.35659,48.23519],[16.35644,48.23461],[16.35633,48.23422],[16.35621,48.2338],[16.35614,48.23344],[16.35612,48.23317],[16.35613,48.23305],[16.35615,48.23301],[16.35617,48.23297],[16.35622,48.23293],[16.35629,48.23288],[16.35641,48.23279],[16.35648,48.23274],[16.35653,48.23268],[16.35658,48.23259],[16.35692,48.23184],[16.35709,48.23131],[16.35727,48.23067],[16.35734,48.23039],[16.3574,48.23004],[16.35741,48.22999],[16.35747,48.22962],[16.35751,48.22953],[16.35762,48.22946],[16.35768,48.22943],[16.35792,48.22931],[16.35812,48.22924],[16.35894,48.22905],[16.35924,48.229],[16.35943,48.22897],[16.35954,48.22893],[16.35961,48.2289],[16.35965,48.22885],[16.35969,48.22879],[16.35974,48.22865],[16.35982,48.22845],[16.35993,48.22813],[16.35998,48.22795],[16.36027,48.22673],[16.36041,48.22619],[16.36048,48.22595],[16.36053,48.22588],[16.3606,48.22583],[16.36066,48.2258],[16.36073,48.22578],[16.36082,48.22578],[16.36115,48.22578],[16.36147,48.22578],[16.36162,48.22574],[16.36168,48.22571],[16.36174,48.22566],[16.36178,48.22561],[16.36179,48.22553],[16.36177,48.2254],[16.3617,48.22495],[16.36155,48.22341],[16.3615,48.2231],[16.36148,48.22307],[16.36132,48.22275],[16.36114,48.22245],[16.361,48.22211],[16.36077,48.22158],[16.36072,48.22143],[16.36073,48.22114],[16.36073,48.22096],[16.36074,48.22082],[16.36081,48.2207],[16.36169,48.21995],[16.36204,48.2197],[16.36241,48.21953],[16.36274,48.21941],[16.36345,48.21914],[16.36372,48.21906],[16.36403,48.21901],[16.36417,48.21896],[16.36424,48.21888],[16.36441,48.21863],[16.36471,48.21817],[16.36494,48.21773],[16.36533,48.21728],[16.36533,48.21718],[16.3653,48.21713],[16.36524,48.21707],[16.36486,48.21688],[16.36424,48.21662],[16.36421,48.21658],[16.36419,48.21654],[16.36419,48.21649],[16.3642,48.21646],[16.36494,48.21568],[16.36502,48.2156],[16.36525,48.21537],[16.36531,48.21533],[16.36537,48.21531],[16.36544,48.2153],[16.36552,48.2153],[16.36562,48.21533],[16.36622,48.2156],[16.36887,48.21682],[16.37,48.21734],[16.3701,48.21737],[16.3702,48.21737],[16.37033,48.21735],[16.37043,48.21732],[16.37061,48.21717],[16.37078,48.21705],[16.37123,48.21663],[16.37126,48.2166],[16.37166,48.21627],[16.37285,48.21516],[16.37358,48.21447],[16.37361,48.21443],[16.37372,48.2143],[16.37382,48.21417],[16.37387,48.21409],[16.37398,48.21396],[16.37408,48.21386],[16.37455,48.21341],[16.3747,48.21326],[16.37475,48.21318],[16.37483,48.21298],[16.37486,48.21292],[16.3749,48.21286],[16.37496,48.2128],[16.37502,48.21275],[16.37509,48.21269],[16.37556,48.21243],[16.37602,48.21219],[16.37634,48.21206],[16.37655,48.21199],[16.37668,48.21195],[16.37672,48.21191],[16.37676,48.21188],[16.37683,48.21184],[16.37688,48.21182],[16.37695,48.2118],[16.37704,48.21177],[16.37716,48.21174],[16.37733,48.2117],[16.37787,48.2116],[16.3785,48.21149],[16.3789,48.21144],[16.37919,48.21141],[16.3812,48.2113],[16.38208,48.21126],[16.3822,48.21125],[16.38228,48.21123],[16.38235,48.2112],[16.38242,48.21117],[16.38248,48.21113],[16.38253,48.21109],[16.38256,48.21106],[16.3826,48.21102],[16.38263,48.21098],[16.38266,48.21093],[16.38267,48.21086],[16.38266,48.2108],[16.38258,48.2105],[16.38255,48.21035],[16.38222,48.20909],[16.38218,48.20897],[16.38216,48.20894],[16.38214,48.2089],[16.38208,48.20883],[16.38201,48.20876],[16.38147,48.20823],[16.38038,48.20717],[16.38009,48.20689],[16.37785,48.20468],[16.3765,48.20338],[16.37594,48.20282],[16.37503,48.20194],[16.37496,48.2019],[16.37488,48.20186],[16.37479,48.20184],[16.37448,48.20176],[16.37436,48.20171],[16.3743,48.20167],[16.37426,48.20163],[16.37424,48.20157],[16.37424,48.20152],[16.37425,48.20141],[16.37435,48.20127],[16.37443,48.20111],[16.37457,48.20089],[16.37471,48.20063],[16.37517,48.19984],[16.37545,48.19934],[16.37547,48.19929],[16.37547,48.19924],[16.37546,48.1992],[16.37534,48.19897],[16.37531,48.19893],[16.37528,48.19887],[16.37514,48.19842],[16.37511,48.19831],[16.37508,48.19816],[16.37507,48.19803],[16.37507,48.19797],[16.3751,48.19786],[16.37512,48.1978],[16.3755,48.19716],[16.37562,48.19696],[16.37693,48.19485],[16.377,48.19474],[16.37709,48.19459],[16.37718,48.19448],[16.3785,48.19294],[16.37864,48.19274],[16.37905,48.19213],[16.37923,48.19185],[16.38044,48.18972],[16.38082,48.18905],[16.38097,48.18883],[16.3812,48.18843],[16.38127,48.18828],[16.38124,48.18813],[16.38134,48.18793],[16.38143,48.18773],[16.38151,48.18755],[16.38156,48.18741],[16.38169,48.18711],[16.38186,48.1869],[16.38236,48.18644],[16.3824,48.18637],[16.38242,48.18629],[16.3824,48.18623],[16.38237,48.18618],[16.38232,48.18613],[16.38223,48.18607],[16.38164,48.18573],[16.38139,48.18559],[16.38099,48.18536],[16.38091,48.1853],[16.38083,48.18521],[16.38073,48.18501],[16.38064,48.18477],[16.38062,48.18471],[16.38056,48.18453],[16.38041,48.18405],[16.38034,48.18394],[16.38031,48.18383],[16.38031,48.18375],[16.38032,48.18368],[16.38036,48.1836],[16.3804,48.18353],[16.38051,48.1834],[16.381,48.1828],[16.38104,48.18274],[16.38119,48.18254],[16.38132,48.18239],[16.38144,48.18222],[16.38153,48.18206],[16.38162,48.18191],[16.38188,48.18146],[16.38209,48.18105],[16.38219,48.18084],[16.38233,48.18042],[16.38234,48.18031],[16.38232,48.1802],[16.3822,48.17984],[16.38215,48.17972],[16.38213,48.17965],[16.38214,48.17958],[16.38216,48.17947],[16.38223,48.17936],[16.38229,48.1793],[16.38239,48.17923],[16.38248,48.17919],[16.38262,48.17914],[16.38286,48.17908],[16.38378,48.17886],[16.38411,48.17877],[16.38454,48.17861],[16.38631,48.17794],[16.388,48.17716],[16.38809,48.17712],[16.38815,48.17707],[16.38819,48.17701],[16.38822,48.17693],[16.38822,48.17683],[16.38822,48.17675],[16.38827,48.17668],[16.38833,48.17663],[16.38843,48.17659],[16.38953,48.17633],[16.38968,48.17631],[16.38991,48.17628],[16.39,48.17627],[16.39033,48.17624],[16.39061,48.17623],[16.39071,48.17622],[16.39094,48.17617],[16.39102,48.17617],[16.39111,48.17619],[16.3912,48.17623],[16.39126,48.1763],[16.39127,48.17636],[16.39124,48.17642],[16.3912,48.17647],[16.39112,48.17652],[16.39085,48.17658],[16.39077,48.17661],[16.39067,48.17661],[16.3906,48.17659],[16.39052,48.17656],[16.39038,48.17648]]}},{"type":"Feature","properties":{"lineId":"O","name":"O","longName":"Raxstraße, Rudolfshügelgasse - Bruno-Marek-Allee","mode":"tram","color":"#C00808","stops":[{"name":"Raxstraße","lon":16.36441,"lat":48.16681},{"name":"Troststraße/Neilreichgasse","lon":16.36433,"lat":48.16972},{"name":"Laxenburger Straße/Troststraße","lon":16.37,"lat":48.16916},{"name":"Arthaberplatz","lon":16.37192,"lat":48.17183},{"name":"Quellenplatz","lon":16.3734,"lat":48.17525},{"name":"Laxenburger Straße/Gudrunstraße","lon":16.37382,"lat":48.1787},{"name":"Columbusplatz","lon":16.37375,"lat":48.1823},{"name":"Hauptbahnhof","lon":16.37476,"lat":48.18606},{"name":"Quartier Belvedere","lon":16.38029,"lat":48.18776},{"name":"Fasangasse","lon":16.38464,"lat":48.18825},{"name":"Kölblgasse","lon":16.38575,"lat":48.19089},{"name":"Rennweg","lon":16.38649,"lat":48.19428},{"name":"Ungargasse/Neulinggasse","lon":16.38743,"lat":48.19882},{"name":"Sechskrügelgasse","lon":16.38734,"lat":48.20225},{"name":"Mitte-Landstraße","lon":16.38536,"lat":48.20555},{"name":"Marxergasse","lon":16.38653,"lat":48.20718},{"name":"Hintere Zollamtsstraße","lon":16.38701,"lat":48.21086},{"name":"Radetzkyplatz","lon":16.38954,"lat":48.21098},{"name":"Franzensbrücke","lon":16.39155,"lat":48.21391},{"name":"Praterstern","lon":16.39165,"lat":48.21819},{"name":"Nordbahnstraße","lon":16.38949,"lat":48.22325},{"name":"Krakauer Straße","lon":16.39321,"lat":48.22461},{"name":"Bruno-Marek-Allee","lon":16.39294,"lat":48.22867},{"name":"Bruno-Marek-Allee","lon":16.39172,"lat":48.22867}],"lengthKm":9.1},"geometry":{"type":"LineString","coordinates":[[16.36439,48.16675],[16.36419,48.16678],[16.36402,48.16683],[16.36396,48.16689],[16.3639,48.16698],[16.3642,48.16901],[16.36423,48.16918],[16.36424,48.16932],[16.36423,48.16942],[16.36424,48.16951],[16.36427,48.16972],[16.36427,48.16975],[16.36429,48.16984],[16.36431,48.16987],[16.36433,48.1699],[16.36438,48.16993],[16.36443,48.16996],[16.36447,48.16997],[16.36458,48.16998],[16.36472,48.16997],[16.36562,48.16984],[16.3666,48.1697],[16.36761,48.16955],[16.36842,48.16944],[16.36929,48.16931],[16.37002,48.16921],[16.37029,48.16917],[16.37035,48.16916],[16.37041,48.16917],[16.37048,48.16918],[16.37055,48.16921],[16.37059,48.16923],[16.37062,48.16928],[16.37066,48.16934],[16.37074,48.16953],[16.37106,48.17016],[16.37135,48.17079],[16.3717,48.1715],[16.37185,48.17184],[16.37213,48.17251],[16.37254,48.17345],[16.37283,48.17415],[16.37321,48.17498],[16.37333,48.17526],[16.3734,48.17543],[16.37356,48.1758],[16.37358,48.17589],[16.37362,48.17604],[16.37363,48.17622],[16.37367,48.17658],[16.3737,48.17723],[16.37374,48.17815],[16.37378,48.17851],[16.37378,48.17855],[16.37378,48.17869],[16.37378,48.17943],[16.37375,48.17994],[16.37376,48.18126],[16.37377,48.18182],[16.37373,48.18213],[16.37373,48.1823],[16.37372,48.18264],[16.3737,48.18273],[16.37369,48.18284],[16.37366,48.18354],[16.3736,48.18439],[16.37361,48.18452],[16.37364,48.18464],[16.37371,48.18475],[16.37371,48.18488],[16.37368,48.18508],[16.37365,48.18532],[16.37364,48.18551],[16.37367,48.1856],[16.37374,48.18569],[16.37385,48.18576],[16.37399,48.18583],[16.3743,48.18595],[16.37475,48.18609],[16.37618,48.18654],[16.3763,48.18659],[16.37668,48.18679],[16.37772,48.18705],[16.37924,48.18753],[16.38028,48.18779],[16.38066,48.18788],[16.38079,48.18793],[16.38124,48.18813],[16.38142,48.1882],[16.38154,48.18824],[16.38168,48.18828],[16.38179,48.18829],[16.38215,48.1883],[16.38282,48.18831],[16.38427,48.18832],[16.38465,48.1883],[16.38478,48.18829],[16.38492,48.1883],[16.38501,48.18832],[16.3851,48.18834],[16.38513,48.18837],[16.38516,48.1884],[16.38518,48.18844],[16.3852,48.18849],[16.38569,48.19089],[16.38575,48.19117],[16.38586,48.1917],[16.38613,48.19304],[16.38634,48.19401],[16.38639,48.1943],[16.38641,48.19438],[16.3865,48.19469],[16.38654,48.19488],[16.38661,48.19539],[16.38669,48.1958],[16.38683,48.1962],[16.38704,48.19678],[16.3872,48.19732],[16.38726,48.19767],[16.38732,48.19821],[16.38739,48.19882],[16.38743,48.1992],[16.38747,48.19981],[16.38748,48.20006],[16.38748,48.20041],[16.38744,48.20086],[16.38741,48.2012],[16.38733,48.20206],[16.3873,48.20224],[16.38725,48.20249],[16.38712,48.20283],[16.38705,48.20296],[16.38692,48.20315],[16.3868,48.20328],[16.38666,48.2034],[16.38655,48.20346],[16.38635,48.20354],[16.38568,48.20373],[16.38558,48.20377],[16.38549,48.20381],[16.38468,48.20433],[16.38462,48.20439],[16.38459,48.20445],[16.3846,48.20451],[16.38462,48.20455],[16.38501,48.20508],[16.3851,48.20525],[16.38533,48.20557],[16.38543,48.20571],[16.38559,48.20584],[16.38566,48.20592],[16.3858,48.20611],[16.38601,48.2064],[16.38625,48.20682],[16.38648,48.20714],[16.38651,48.20719],[16.38657,48.20729],[16.38662,48.20742],[16.38665,48.20754],[16.38663,48.20809],[16.38661,48.2085],[16.38685,48.20982],[16.3869,48.21029],[16.38693,48.21053],[16.38697,48.21087],[16.38699,48.21099],[16.387,48.21104],[16.38704,48.21112],[16.38708,48.21114],[16.38714,48.21116],[16.38726,48.21118],[16.38955,48.21103],[16.38986,48.211],[16.39007,48.21099],[16.39016,48.21099],[16.39024,48.211],[16.39031,48.21103],[16.39035,48.21107],[16.39038,48.21112],[16.39064,48.21169],[16.39115,48.21286],[16.39147,48.21358],[16.3915,48.21365],[16.39151,48.21375],[16.3915,48.21381],[16.39148,48.21391],[16.39145,48.21405],[16.39129,48.21474],[16.39118,48.21528],[16.3911,48.21563],[16.39101,48.21601],[16.39099,48.21609],[16.39098,48.21623],[16.39098,48.21633],[16.39099,48.21641],[16.39102,48.2165],[16.39111,48.21669],[16.39121,48.21691],[16.39128,48.21705],[16.39131,48.21724],[16.39134,48.21731],[16.39137,48.21736],[16.39143,48.21741],[16.39164,48.21753],[16.39169,48.21759],[16.3917,48.21762],[16.39169,48.21774],[16.39166,48.21794],[16.39161,48.21818],[16.3916,48.21825],[16.39157,48.21849],[16.39155,48.21855],[16.39153,48.21858],[16.3915,48.21861],[16.39143,48.21866],[16.39107,48.21879],[16.39098,48.21882],[16.39089,48.21887],[16.39071,48.219],[16.39058,48.2191],[16.3905,48.21918],[16.39037,48.21937],[16.39035,48.21945],[16.39033,48.21952],[16.39009,48.22066],[16.38998,48.22116],[16.38991,48.22134],[16.38985,48.22149],[16.38945,48.22325],[16.38941,48.22342],[16.38939,48.22344],[16.38945,48.22354],[16.38952,48.2236],[16.38961,48.22363],[16.3903,48.22373],[16.39046,48.22376],[16.3908,48.22382],[16.3925,48.22407],[16.39272,48.22409],[16.39292,48.22411],[16.39301,48.22413],[16.39308,48.22415],[16.39317,48.2242],[16.39322,48.22426],[16.39325,48.22432],[16.39325,48.22439],[16.39325,48.22445],[16.39322,48.22449],[16.39318,48.22461],[16.393,48.22513],[16.3924,48.22685],[16.39198,48.22807],[16.39199,48.22816],[16.39203,48.2282],[16.39209,48.22825],[16.39292,48.22869],[16.3932,48.22883],[16.39326,48.22889],[16.39329,48.22894],[16.3933,48.22901],[16.39328,48.22907],[16.39322,48.22915],[16.39304,48.22929],[16.39286,48.22944],[16.39278,48.22949],[16.39271,48.22952],[16.39263,48.22953],[16.39255,48.22953],[16.39247,48.22951],[16.3924,48.22948],[16.39234,48.22945],[16.39177,48.22915],[16.39171,48.22911],[16.39167,48.22906],[16.39164,48.22901],[16.39165,48.22893],[16.39169,48.22884],[16.39174,48.22868]]}}]}